/*
SQLyog Ultimate v12.4.1 (64 bit)
MySQL - 5.7.18-log : Database - class/pla
*********************************************************************
*/

/*!40101 SET NAMES utf8 */;

/*!40101 SET SQL_MODE=''*/;

/*!40014 SET @OLD_UNIQUE_CHECKS=@@UNIQUE_CHECKS, UNIQUE_CHECKS=0 */;
/*!40014 SET @OLD_FOREIGN_KEY_CHECKS=@@FOREIGN_KEY_CHECKS, FOREIGN_KEY_CHECKS=0 */;
/*!40101 SET @OLD_SQL_MODE=@@SQL_MODE, SQL_MODE='NO_AUTO_VALUE_ON_ZERO' */;
/*!40111 SET @OLD_SQL_NOTES=@@SQL_NOTES, SQL_NOTES=0 */;
CREATE DATABASE /*!32312 IF NOT EXISTS*/`class/pla` /*!40100 DEFAULT CHARACTER SET latin1 */;

USE `class/pla`;

/*Table structure for table `assignment` */

DROP TABLE IF EXISTS `assignment`;

CREATE TABLE `assignment` (
  `AssignmentID` int(10) unsigned NOT NULL AUTO_INCREMENT,
  `OwnerID` int(10) unsigned NOT NULL,
  `WorkflowActivityIDs` json DEFAULT NULL,
  `Instructions` text,
  `Documentation` text,
  `GradeDistribution` json DEFAULT NULL,
  `Name` varchar(255) DEFAULT NULL,
  `Type` varchar(255) DEFAULT NULL,
  `DisplayName` varchar(255) DEFAULT NULL,
  `SectionID` blob,
  `CourseID` int(10) unsigned NOT NULL,
  `SemesterID` int(10) unsigned DEFAULT NULL,
  `VersionHistory` json DEFAULT NULL,
  PRIMARY KEY (`AssignmentID`),
  UNIQUE KEY `AssignmentID` (`AssignmentID`),
  UNIQUE KEY `Assignment_AssignmentID_unique` (`AssignmentID`)
) ENGINE=InnoDB AUTO_INCREMENT=9 DEFAULT CHARSET=latin1;

/*Data for the table `assignment` */

insert  into `assignment`(`AssignmentID`,`OwnerID`,`WorkflowActivityIDs`,`Instructions`,`Documentation`,`GradeDistribution`,`Name`,`Type`,`DisplayName`,`SectionID`,`CourseID`,`SemesterID`,`VersionHistory`) values 
(1,2,'[1]','','','{\"1\": 100}','Assignment','homework','Assignment',NULL,3,NULL,NULL),
(2,2,NULL,'','','{\"0\": 100}','Assignment','quiz','Assignment',NULL,4,NULL,NULL),
(3,2,'[2]','','','{\"2\": 100}','Assignment','quiz','Assignment',NULL,4,NULL,NULL),
(4,2,'[3]','','','{\"3\": 100}','Test Assignment 1','homework','Test Assignment 1',NULL,1,NULL,NULL),
(5,2,'[4]','','','{\"4\": 100}','Assignment','quiz','Assignment',NULL,3,NULL,NULL),
(6,1,'[5]','','','{\"5\": 100}','Assignment Test 2','homework','Assignment Test 2',NULL,2,NULL,NULL),
(7,1,'[6]','','','{\"6\": 100}','Testing 1','','Testing 1',NULL,5,NULL,NULL),
(8,1,'[7, 8]','','','{\"7\": 52, \"8\": 48}','Test Assignment 2','homework','Test Assignment 2',NULL,1,NULL,NULL);

/*Table structure for table `assignmentgrade` */

DROP TABLE IF EXISTS `assignmentgrade`;

CREATE TABLE `assignmentgrade` (
  `AssignmentGradeID` int(10) unsigned NOT NULL AUTO_INCREMENT,
  `AssignmentInstanceID` int(10) unsigned NOT NULL,
  `SectionUserID` int(10) unsigned NOT NULL,
  `Grade` float unsigned NOT NULL,
  `Comments` varchar(255) DEFAULT NULL,
  PRIMARY KEY (`AssignmentGradeID`),
  UNIQUE KEY `AssignmentGradeID` (`AssignmentGradeID`),
  UNIQUE KEY `AssignmentGrade_AssignmentGradeID_unique` (`AssignmentGradeID`),
  UNIQUE KEY `ai_sectionUserId_unq_idx` (`AssignmentInstanceID`,`SectionUserID`),
  KEY `SectionUserID` (`SectionUserID`),
  CONSTRAINT `assignmentgrade_ibfk_1` FOREIGN KEY (`AssignmentInstanceID`) REFERENCES `assignmentinstance` (`AssignmentInstanceID`) ON DELETE NO ACTION ON UPDATE CASCADE,
  CONSTRAINT `assignmentgrade_ibfk_2` FOREIGN KEY (`SectionUserID`) REFERENCES `sectionuser` (`SectionUserID`) ON DELETE NO ACTION ON UPDATE CASCADE
) ENGINE=InnoDB DEFAULT CHARSET=latin1;

/*Data for the table `assignmentgrade` */

/*Table structure for table `assignmentinstance` */

DROP TABLE IF EXISTS `assignmentinstance`;

CREATE TABLE `assignmentinstance` (
  `AssignmentInstanceID` int(10) unsigned NOT NULL AUTO_INCREMENT,
  `AssignmentID` int(10) unsigned NOT NULL,
  `SectionID` int(10) unsigned NOT NULL,
  `StartDate` datetime DEFAULT NULL,
  `EndDate` datetime DEFAULT NULL,
  `WorkflowCollection` json DEFAULT NULL,
  `WorkflowTiming` json DEFAULT NULL,
  `Volunteers` json DEFAULT NULL,
  PRIMARY KEY (`AssignmentInstanceID`),
  UNIQUE KEY `AssignmentInstanceID` (`AssignmentInstanceID`),
  UNIQUE KEY `AssignmentInstance_AssignmentInstanceID_unique` (`AssignmentInstanceID`),
  KEY `AssignmentID` (`AssignmentID`),
  KEY `SectionID` (`SectionID`),
  CONSTRAINT `assignmentinstance_ibfk_1` FOREIGN KEY (`AssignmentID`) REFERENCES `assignment` (`AssignmentID`) ON DELETE NO ACTION ON UPDATE CASCADE,
  CONSTRAINT `assignmentinstance_ibfk_2` FOREIGN KEY (`SectionID`) REFERENCES `section` (`SectionID`) ON DELETE NO ACTION ON UPDATE CASCADE
) ENGINE=InnoDB AUTO_INCREMENT=9 DEFAULT CHARSET=latin1;

/*Data for the table `assignmentinstance` */

insert  into `assignmentinstance`(`AssignmentInstanceID`,`AssignmentID`,`SectionID`,`StartDate`,`EndDate`,`WorkflowCollection`,`WorkflowTiming`,`Volunteers`) values 
(1,4,4,'2017-07-04 16:33:19',NULL,'[5]','{\"workflows\": [{\"id\": \"3\", \"tasks\": [{\"id\": 17, \"DueType\": [\"duration\", 4320]}, {\"id\": 18, \"DueType\": [\"duration\", 4320]}, {\"id\": 19, \"DueType\": [\"duration\", 4320]}, {\"id\": 20, \"DueType\": [\"duration\", 4320]}, {\"id\": 21, \"DueType\": [\"duration\", 4320]}, {\"id\": 22, \"DueType\": [\"duration\", 4320]}, {\"id\": 23, \"DueType\": [\"duration\", 4320]}, {\"id\": 24, \"DueType\": [\"duration\", 4320]}], \"startDate\": \"2017-07-04 12:33:19\"}]}',NULL),
(2,4,5,'2017-07-04 16:33:19',NULL,NULL,'{\"workflows\": [{\"id\": \"3\", \"tasks\": [{\"id\": 17, \"DueType\": [\"duration\", 4320]}, {\"id\": 18, \"DueType\": [\"duration\", 4320]}, {\"id\": 19, \"DueType\": [\"duration\", 4320]}, {\"id\": 20, \"DueType\": [\"duration\", 4320]}, {\"id\": 21, \"DueType\": [\"duration\", 4320]}, {\"id\": 22, \"DueType\": [\"duration\", 4320]}, {\"id\": 23, \"DueType\": [\"duration\", 4320]}, {\"id\": 24, \"DueType\": [\"duration\", 4320]}], \"startDate\": \"2017-07-04 12:33:19\"}]}',NULL),
(3,4,4,'2017-07-04 18:54:05',NULL,NULL,'{\"workflows\": [{\"id\": \"3\", \"tasks\": [{\"id\": 17, \"DueType\": [\"duration\", 4320]}, {\"id\": 18, \"DueType\": [\"duration\", 4320]}, {\"id\": 19, \"DueType\": [\"duration\", 4320]}, {\"id\": 20, \"DueType\": [\"duration\", 4320]}, {\"id\": 21, \"DueType\": [\"duration\", 4320]}, {\"id\": 22, \"DueType\": [\"duration\", 4320]}, {\"id\": 23, \"DueType\": [\"duration\", 4320]}, {\"id\": 24, \"DueType\": [\"duration\", 4320]}], \"startDate\": \"2017-07-04 14:54:05\"}]}',NULL),
(4,4,5,'2017-07-04 18:54:05',NULL,'[6, 7, 8, 9, 10, 11, 12, 13, 14, 15, 16, 17, 18, 19, 20, 21, 22]','{\"workflows\": [{\"id\": \"3\", \"tasks\": [{\"id\": 17, \"DueType\": [\"duration\", 4320]}, {\"id\": 18, \"DueType\": [\"duration\", 4320]}, {\"id\": 19, \"DueType\": [\"duration\", 4320]}, {\"id\": 20, \"DueType\": [\"duration\", 4320]}, {\"id\": 21, \"DueType\": [\"duration\", 4320]}, {\"id\": 22, \"DueType\": [\"duration\", 4320]}, {\"id\": 23, \"DueType\": [\"duration\", 4320]}, {\"id\": 24, \"DueType\": [\"duration\", 4320]}], \"startDate\": \"2017-07-04 14:54:05\"}]}',NULL),
(5,1,8,'2017-07-04 18:55:57',NULL,NULL,'{\"workflows\": [{\"id\": \"1\", \"tasks\": [{\"id\": 1, \"DueType\": [\"duration\", 4320]}, {\"id\": 2, \"DueType\": [\"duration\", 4320]}, {\"id\": 3, \"DueType\": [\"duration\", 4320]}, {\"id\": 4, \"DueType\": [\"duration\", 4320]}, {\"id\": 5, \"DueType\": [\"duration\", 4320]}, {\"id\": 6, \"DueType\": [\"duration\", 4320]}, {\"id\": 7, \"DueType\": [\"duration\", 4320]}, {\"id\": 8, \"DueType\": [\"duration\", 4320]}], \"startDate\": \"2017-07-04 14:55:57\"}]}',NULL),
(6,4,1,'2017-07-04 18:57:53',NULL,NULL,'{\"workflows\": [{\"id\": \"3\", \"tasks\": [{\"id\": 17, \"DueType\": [\"duration\", 4320]}, {\"id\": 18, \"DueType\": [\"duration\", 4320]}, {\"id\": 19, \"DueType\": [\"duration\", 4320]}, {\"id\": 20, \"DueType\": [\"duration\", 4320]}, {\"id\": 21, \"DueType\": [\"duration\", 4320]}, {\"id\": 22, \"DueType\": [\"duration\", 4320]}, {\"id\": 23, \"DueType\": [\"duration\", 4320]}, {\"id\": 24, \"DueType\": [\"duration\", 4320]}], \"startDate\": \"2017-07-04 14:57:53\"}]}',NULL),
(7,8,1,'2017-07-04 19:40:29',NULL,NULL,'{\"workflows\": [{\"id\": \"7\", \"tasks\": [{\"id\": 49, \"DueType\": [\"duration\", 4320]}, {\"id\": 50, \"DueType\": [\"duration\", 4320]}, {\"id\": 51, \"DueType\": [\"duration\", 4320]}, {\"id\": 52, \"DueType\": [\"duration\", 4320]}, {\"id\": 53, \"DueType\": [\"duration\", 4320]}, {\"id\": 54, \"DueType\": [\"duration\", 4320]}, {\"id\": 55, \"DueType\": [\"duration\", 4320]}, {\"id\": 56, \"DueType\": [\"duration\", 4320]}], \"startDate\": \"2017-07-04 15:40:29\"}, {\"id\": \"8\", \"tasks\": [{\"id\": 57, \"DueType\": [\"duration\", 4320]}, {\"id\": 58, \"DueType\": [\"duration\", 4320]}, {\"id\": 59, \"DueType\": [\"duration\", 4320]}, {\"id\": 60, \"DueType\": [\"duration\", 4320]}, {\"id\": 61, \"DueType\": [\"duration\", 4320]}, {\"id\": 62, \"DueType\": [\"duration\", 4320]}, {\"id\": 63, \"DueType\": [\"duration\", 4320]}, {\"id\": 64, \"DueType\": [\"duration\", 4320]}], \"startDate\": \"2017-07-04 15:40:29\"}]}',NULL),
(8,8,1,'2017-07-04 19:41:46',NULL,'[23, 24, 25, 26, 27, 28, 29, 30, 31, 32, 33, 34, 35, 36, 37, 38, 39, 40, 41, 42, 43, 44, 45, 46, 47, 48, 49, 50, 51, 52, 53, 54, 55, 56]','{\"workflows\": [{\"id\": \"7\", \"tasks\": [{\"id\": 49, \"DueType\": [\"duration\", 4320]}, {\"id\": 50, \"DueType\": [\"duration\", 4320]}, {\"id\": 51, \"DueType\": [\"duration\", 4320]}, {\"id\": 52, \"DueType\": [\"duration\", 4320]}, {\"id\": 53, \"DueType\": [\"duration\", 4320]}, {\"id\": 54, \"DueType\": [\"duration\", 4320]}, {\"id\": 55, \"DueType\": [\"duration\", 4320]}, {\"id\": 56, \"DueType\": [\"duration\", 4320]}], \"startDate\": \"2017-07-04 15:41:46\"}, {\"id\": \"8\", \"tasks\": [{\"id\": 57, \"DueType\": [\"duration\", 4320]}, {\"id\": 58, \"DueType\": [\"duration\", 4320]}, {\"id\": 59, \"DueType\": [\"duration\", 4320]}, {\"id\": 60, \"DueType\": [\"duration\", 4320]}, {\"id\": 61, \"DueType\": [\"duration\", 4320]}, {\"id\": 62, \"DueType\": [\"duration\", 4320]}, {\"id\": 63, \"DueType\": [\"duration\", 4320]}, {\"id\": 64, \"DueType\": [\"duration\", 4320]}], \"startDate\": \"2017-07-04 15:41:46\"}]}',NULL);

/*Table structure for table `badge` */

DROP TABLE IF EXISTS `badge`;

CREATE TABLE `badge` (
  `BadgeID` int(10) unsigned NOT NULL AUTO_INCREMENT,
  `BadgeTemplateID` int(10) unsigned NOT NULL,
  `CategoryID` int(10) unsigned NOT NULL,
  PRIMARY KEY (`BadgeID`)
) ENGINE=InnoDB AUTO_INCREMENT=73 DEFAULT CHARSET=latin1 COLLATE=latin1_spanish_ci;

/*Data for the table `badge` */

insert  into `badge`(`BadgeID`,`BadgeTemplateID`,`CategoryID`) values 
(1,1,1),
(2,2,1),
(3,3,1),
(4,4,2),
(5,5,2),
(6,6,2),
(7,7,3),
(8,8,3),
(9,9,3),
(10,10,4),
(11,11,4),
(12,12,4),
(13,13,5),
(14,14,5),
(15,15,5),
(16,16,6),
(17,17,6),
(18,18,6),
(19,1,7),
(20,2,7),
(21,3,7),
(22,4,8),
(23,5,8),
(24,6,8),
(25,7,9),
(26,8,9),
(27,9,9),
(28,10,10),
(29,11,10),
(30,12,10),
(31,13,11),
(32,14,11),
(33,15,11),
(34,16,12),
(35,17,12),
(36,18,12),
(37,1,13),
(38,2,13),
(39,3,13),
(40,4,14),
(41,5,14),
(42,6,14),
(43,7,15),
(44,8,15),
(45,9,15),
(46,10,16),
(47,11,16),
(48,12,16),
(49,13,17),
(50,14,17),
(51,15,17),
(52,16,18),
(53,17,18),
(54,18,18),
(55,1,19),
(56,2,19),
(57,3,19),
(58,4,20),
(59,5,20),
(60,6,20),
(61,7,21),
(62,8,21),
(63,9,22),
(64,10,21),
(65,11,22),
(66,12,23),
(67,13,22),
(68,14,23),
(69,15,24),
(70,16,23),
(71,17,24),
(72,18,24);

/*Table structure for table `badgetemplate` */

DROP TABLE IF EXISTS `badgetemplate`;

CREATE TABLE `badgetemplate` (
  `BadgeTemplateID` int(10) unsigned NOT NULL AUTO_INCREMENT,
  `CategoryTemplateID` int(10) unsigned NOT NULL,
  `Name` varchar(100) COLLATE latin1_spanish_ci NOT NULL,
  `Description` text COLLATE latin1_spanish_ci,
  `Logo` varchar(200) COLLATE latin1_spanish_ci DEFAULT NULL,
  PRIMARY KEY (`BadgeTemplateID`)
) ENGINE=InnoDB AUTO_INCREMENT=19 DEFAULT CHARSET=latin1 COLLATE=latin1_spanish_ci;

/*Data for the table `badgetemplate` */

insert  into `badgetemplate`(`BadgeTemplateID`,`CategoryTemplateID`,`Name`,`Description`,`Logo`) values 
(1,1,'Bronze','This is the bronze category.',NULL),
(2,1,'Silver','This is the silver category.',NULL),
(3,1,'Gold','This is the gold category.',NULL),
(4,2,'Bronze','This is the bronze category.',NULL),
(5,2,'Silver','This is the silver category.',NULL),
(6,2,'Gold','This is the gold category.',NULL),
(7,3,'Bronze','This is the bronze category.',NULL),
(8,3,'Silver','This is the silver category.',NULL),
(9,3,'Gold','This is the gold category.',NULL),
(10,4,'Bronze','This is the bronze category.',NULL),
(11,4,'Silver','This is the silver category.',NULL),
(12,4,'Gold','This is the gold category.',NULL),
(13,5,'Bronze','This is the bronze category.',NULL),
(14,5,'Silver','This is the silver category.',NULL),
(15,5,'Gold','This is the gold category.',NULL),
(16,6,'Bronze','This is the bronze category.',NULL),
(17,6,'Silver','This is the silver category.',NULL),
(18,6,'Gold','This is the gold category.',NULL);

/*Table structure for table `category` */

DROP TABLE IF EXISTS `category`;

CREATE TABLE `category` (
  `CategoryID` int(10) unsigned NOT NULL AUTO_INCREMENT,
  `CategoryTemplateID` int(10) DEFAULT NULL,
  `SemesterID` int(10) DEFAULT NULL,
  `SectionID` int(10) NOT NULL,
  `CourseID` int(10) DEFAULT NULL,
  `Tier1Instances` int(10) NOT NULL,
  `Tier2Instances` int(10) NOT NULL,
  `Tier3Instances` int(10) NOT NULL,
  PRIMARY KEY (`CategoryID`)
) ENGINE=InnoDB AUTO_INCREMENT=31 DEFAULT CHARSET=latin1;

/*Data for the table `category` */

insert  into `category`(`CategoryID`,`CategoryTemplateID`,`SemesterID`,`SectionID`,`CourseID`,`Tier1Instances`,`Tier2Instances`,`Tier3Instances`) values 
(1,1,1,1,1,2,5,8),
(2,2,1,1,1,2,5,8),
(3,3,1,1,1,2,5,8),
(4,4,1,1,1,2,5,8),
(5,5,1,1,1,2,5,8),
(6,6,1,1,1,2,5,8),
(7,1,1,2,1,2,5,8),
(8,2,1,2,1,2,5,8),
(9,3,1,2,1,2,5,8),
(10,4,1,2,1,2,5,8),
(11,5,1,2,1,2,5,8),
(12,6,1,2,1,2,5,8),
(13,1,1,3,1,5,5,5),
(14,2,1,3,1,5,5,5),
(15,3,1,3,1,5,5,5),
(16,4,1,3,1,5,5,5),
(17,5,1,3,1,5,5,5),
(18,6,1,3,1,5,5,5),
(19,1,1,10,3,5,5,5),
(20,2,1,10,3,5,5,5),
(21,3,1,10,3,5,5,5),
(22,4,1,10,3,5,5,5),
(23,5,1,10,3,5,5,5),
(24,6,1,10,3,5,5,5),
(25,1,1,12,3,5,5,5),
(26,2,1,12,3,5,5,5),
(27,3,1,12,3,5,5,5),
(28,4,1,12,3,5,5,5),
(29,5,1,12,3,5,5,5),
(30,6,1,12,3,5,5,5);

/*Table structure for table `categoryinstancepoints` */

DROP TABLE IF EXISTS `categoryinstancepoints`;

CREATE TABLE `categoryinstancepoints` (
  `CategoryInstancePointsID` int(10) unsigned NOT NULL AUTO_INCREMENT,
  `SemesterID` int(10) DEFAULT NULL,
  `CourseID` int(10) DEFAULT NULL,
  `SectionID` int(10) DEFAULT NULL,
  `CategoryID` int(10) DEFAULT NULL,
  `InstancePoints` int(10) DEFAULT NULL,
  PRIMARY KEY (`CategoryInstancePointsID`)
) ENGINE=InnoDB AUTO_INCREMENT=7 DEFAULT CHARSET=latin1;

/*Data for the table `categoryinstancepoints` */

insert  into `categoryinstancepoints`(`CategoryInstancePointsID`,`SemesterID`,`CourseID`,`SectionID`,`CategoryID`,`InstancePoints`) values 
(1,1,1,1,1,5),
(2,1,1,1,2,10),
(3,1,1,1,3,10),
(4,1,1,1,4,10),
(5,1,1,1,5,10),
(6,1,1,1,6,10);

/*Table structure for table `categorytemplate` */

DROP TABLE IF EXISTS `categorytemplate`;

CREATE TABLE `categorytemplate` (
  `CategoryTemplateID` int(10) unsigned NOT NULL AUTO_INCREMENT,
  `Name` varchar(100) NOT NULL,
  `Description` text NOT NULL,
  `Tier1Instances` int(10) NOT NULL,
  `Tier2Instances` int(10) NOT NULL,
  `Tier3Instances` int(10) NOT NULL,
  PRIMARY KEY (`CategoryTemplateID`)
) ENGINE=InnoDB AUTO_INCREMENT=7 DEFAULT CHARSET=latin1;

/*Data for the table `categorytemplate` */

insert  into `categorytemplate`(`CategoryTemplateID`,`Name`,`Description`,`Tier1Instances`,`Tier2Instances`,`Tier3Instances`) values 
(1,'Questions','Given to students who successfully submit a question through PLA',2,5,8),
(2,'High Grades','Given to students who get a grade of 90 or more for their solution provided',2,5,8),
(3,'Solutions','Given to students who successfully submit a solution to a question given',2,5,8),
(4,'Grader','Given to students who successfully submit a grade to a solution given by other',2,5,8),
(5,'Early Submission','Given to students who complete a task given (create question , solution, grades) ',2,5,8),
(6,'Participation Badge','Given to students who submitted at least one question, one solution and one grade\r\n',2,5,8);

/*Table structure for table `course` */

DROP TABLE IF EXISTS `course`;

CREATE TABLE `course` (
  `CourseID` int(10) unsigned NOT NULL AUTO_INCREMENT,
  `Number` varchar(50) DEFAULT NULL,
  `Name` varchar(150) DEFAULT NULL,
  `OrganizationID` int(10) unsigned NOT NULL,
  `CreatorID` int(10) unsigned DEFAULT NULL,
  `Description` text,
  PRIMARY KEY (`CourseID`),
  UNIQUE KEY `CourseID` (`CourseID`),
  UNIQUE KEY `Course_CourseID_unique` (`CourseID`),
  KEY `CreatorID` (`CreatorID`),
  CONSTRAINT `course_ibfk_1` FOREIGN KEY (`CreatorID`) REFERENCES `user` (`UserID`) ON DELETE SET NULL ON UPDATE CASCADE
) ENGINE=InnoDB AUTO_INCREMENT=14 DEFAULT CHARSET=latin1;

/*Data for the table `course` */

insert  into `course`(`CourseID`,`Number`,`Name`,`OrganizationID`,`CreatorID`,`Description`) values 
(1,'CS100','Intro to Computer Science',1,2,NULL),
(2,'Math121','Calculus II',1,1,NULL),
(3,'CS280','Programming Language Concept',1,2,NULL),
(4,'CS288','Intensive programming in Linux',1,2,NULL),
(5,'CS 332','Principles of Operating Systems',1,1,NULL),
(8,'Math 337','Linear Algebra',1,1,NULL),
(9,'Calculus 2','Math 112',1,1,NULL),
(10,'Phys 111','Physics 1',1,1,NULL),
(11,'Phys 111','Physics 1',1,1,NULL),
(12,'Phys 121','Phys 2',1,1,NULL),
(13,'Phys 131','Phys 3',1,1,NULL);

/*Table structure for table `emailnotification` */

DROP TABLE IF EXISTS `emailnotification`;

CREATE TABLE `emailnotification` (
  `EmailNotificationID` int(10) unsigned NOT NULL AUTO_INCREMENT,
  `TaskInstanceID` int(10) unsigned DEFAULT NULL,
  PRIMARY KEY (`EmailNotificationID`),
  UNIQUE KEY `EmailNotificationID` (`EmailNotificationID`),
  UNIQUE KEY `EmailNotification_EmailNotificationID_unique` (`EmailNotificationID`)
) ENGINE=InnoDB DEFAULT CHARSET=latin1;

/*Data for the table `emailnotification` */

/*Table structure for table `filereference` */

DROP TABLE IF EXISTS `filereference`;

CREATE TABLE `filereference` (
  `FileID` int(10) unsigned NOT NULL AUTO_INCREMENT,
  `UserID` int(10) unsigned NOT NULL,
  `Info` json DEFAULT NULL,
  `LastUpdated` datetime DEFAULT NULL,
  PRIMARY KEY (`FileID`),
  UNIQUE KEY `FileID` (`FileID`),
  UNIQUE KEY `FileReference_FileID_unique` (`FileID`),
  KEY `UserID` (`UserID`),
  CONSTRAINT `filereference_ibfk_1` FOREIGN KEY (`UserID`) REFERENCES `user` (`UserID`) ON DELETE NO ACTION ON UPDATE CASCADE
) ENGINE=InnoDB DEFAULT CHARSET=latin1;

/*Data for the table `filereference` */

/*Table structure for table `groups` */

DROP TABLE IF EXISTS `groups`;

CREATE TABLE `groups` (
  `GroupID` int(10) unsigned NOT NULL,
  `SectionID` int(10) unsigned NOT NULL,
  `Name` varchar(30) DEFAULT NULL,
  `Leader` int(10) unsigned DEFAULT NULL,
  `List` blob,
  PRIMARY KEY (`GroupID`),
  UNIQUE KEY `GroupID` (`GroupID`),
  UNIQUE KEY `Groups_GroupID_unique` (`GroupID`)
) ENGINE=InnoDB DEFAULT CHARSET=latin1;

/*Data for the table `groups` */

/*Table structure for table `groupuser` */

DROP TABLE IF EXISTS `groupuser`;

CREATE TABLE `groupuser` (
  `GroupID` int(10) unsigned NOT NULL,
  `UserID` int(10) unsigned NOT NULL,
  `Role` int(11) NOT NULL,
  `Status` varchar(255) NOT NULL,
  PRIMARY KEY (`GroupID`),
  KEY `UserID` (`UserID`),
  CONSTRAINT `groupuser_ibfk_1` FOREIGN KEY (`UserID`) REFERENCES `user` (`UserID`) ON DELETE NO ACTION ON UPDATE CASCADE
) ENGINE=InnoDB DEFAULT CHARSET=latin1;

/*Data for the table `groupuser` */

/*Table structure for table `organization` */

DROP TABLE IF EXISTS `organization`;

CREATE TABLE `organization` (
  `OrganizationID` int(10) unsigned NOT NULL AUTO_INCREMENT,
  `Name` varchar(40) DEFAULT NULL,
  `Logo` json DEFAULT NULL,
  PRIMARY KEY (`OrganizationID`),
  UNIQUE KEY `OrganizationID` (`OrganizationID`),
  UNIQUE KEY `Organization_OrganizationID_unique` (`OrganizationID`)
) ENGINE=InnoDB AUTO_INCREMENT=2 DEFAULT CHARSET=latin1;

/*Data for the table `organization` */

insert  into `organization`(`OrganizationID`,`Name`,`Logo`) values 
(1,'NJIT',NULL);

/*Table structure for table `partialassignments` */

DROP TABLE IF EXISTS `partialassignments`;

CREATE TABLE `partialassignments` (
  `PartialAssignmentID` int(10) unsigned NOT NULL AUTO_INCREMENT,
  `UserID` int(10) unsigned NOT NULL,
  `CourseID` int(10) unsigned NOT NULL,
  `PartialAssignmentName` varchar(255) DEFAULT NULL,
  `Data` json NOT NULL,
  PRIMARY KEY (`PartialAssignmentID`),
  UNIQUE KEY `PartialAssignmentID` (`PartialAssignmentID`),
  UNIQUE KEY `PartialAssignments_PartialAssignmentID_unique` (`PartialAssignmentID`),
  KEY `UserID` (`UserID`),
  KEY `CourseID` (`CourseID`),
  CONSTRAINT `partialassignments_ibfk_1` FOREIGN KEY (`UserID`) REFERENCES `user` (`UserID`) ON DELETE NO ACTION ON UPDATE CASCADE,
  CONSTRAINT `partialassignments_ibfk_2` FOREIGN KEY (`CourseID`) REFERENCES `course` (`CourseID`) ON DELETE NO ACTION ON UPDATE CASCADE
) ENGINE=InnoDB AUTO_INCREMENT=2 DEFAULT CHARSET=latin1;

/*Data for the table `partialassignments` */

insert  into `partialassignments`(`PartialAssignmentID`,`UserID`,`CourseID`,`PartialAssignmentName`,`Data`) values 
(1,1,1,'Test Assignment 2','{\"AA_name\": \"Test Assignment 2\", \"AA_type\": \"homework\", \"AA_course\": 1, \"AA_userID\": 1, \"AA_section\": null, \"AA_semester\": null, \"AA_display_name\": \"Test Assignment 2\", \"AA_instructions\": \"\", \"AA_documentation\": \"\", \"WorkflowActivity\": [{\"WA_name\": \"Problem !\", \"WA_type\": \"\", \"Workflow\": [{\"TA_name\": \"Create Problem\", \"TA_type\": \"create_problem\", \"TA_fields\": {\"0\": {\"title\": \"Problem 1\", \"rubric\": \"\", \"field_type\": \"text\", \"rating_max\": 5, \"show_title\": false, \"numeric_max\": 40, \"numeric_min\": 0, \"instructions\": \"\", \"list_of_labels\": [\"Easy\", \"Medium\", \"Hard\"], \"assessment_type\": null, \"default_content\": [\"\", \"\"], \"default_refers_to\": [null, null], \"requires_justification\": false, \"justification_instructions\": \"\"}, \"field_titles\": [\"Problem 1\"], \"number_of_fields\": 1}, \"StartDelay\": false, \"TA_due_type\": [\"duration\", 4320], \"SeeSibblings\": false, \"CustomNameSet\": true, \"TA_file_upload\": {\"optional\": 0, \"mandatory\": 0}, \"TA_start_delay\": 0, \"SeeSameActivity\": true, \"TA_display_name\": \"Assignment test 2\", \"TA_simple_grade\": \"none\", \"TA_what_if_late\": \"keep_same_participant\", \"TA_allow_dispute\": false, \"TA_documentation\": \"\", \"TA_function_type\": \"max\", \"TA_is_final_grade\": false, \"TA_overall_rubric\": \"\", \"VersionEvaluation\": \"last\", \"AllowConsolidation\": false, \"TA_allow_revisions\": false, \"TA_at_duration_end\": \"late\", \"TA_one_or_separate\": false, \"TA_allow_assessment\": \"none\", \"TA_allow_reflection\": [\"edit\", \"don\'t wait\"], \"TA_number_participant\": 1, \"TA_assignee_constraints\": [\"student\", \"individual\", {}], \"TA_leads_to_new_problem\": false, \"TA_overall_instructions\": \"Create a new problem for another student to solve.\", \"TA_leads_to_new_solution\": true, \"SimpleGradePointReduction\": 0, \"TA_trigger_consolidation_threshold\": []}, {\"TA_name\": \"Edit Create Problem\", \"TA_type\": \"edit\", \"TA_fields\": {\"0\": {\"title\": \"Explanation\", \"rubric\": \"\", \"field_type\": \"text\", \"rating_max\": 5, \"show_title\": true, \"numeric_max\": 40, \"numeric_min\": 0, \"instructions\": \"Enter an explanation of the edits you have made.\", \"list_of_labels\": [\"Easy\", \"Medium\", \"Hard\"], \"assessment_type\": null, \"default_content\": [\"\", \"\"], \"default_refers_to\": [null, null], \"requires_justification\": false, \"justification_instructions\": \"\"}, \"field_titles\": [\"Explanation\"], \"number_of_fields\": 1}, \"StartDelay\": false, \"TA_due_type\": [\"duration\", 4320], \"SeeSibblings\": false, \"CustomNameSet\": false, \"TA_file_upload\": {\"optional\": 0, \"mandatory\": 0}, \"TA_start_delay\": 0, \"SeeSameActivity\": true, \"TA_display_name\": \"Edit Assignment test 2\", \"TA_simple_grade\": \"none\", \"TA_what_if_late\": \"keep_same_participant\", \"TA_allow_dispute\": false, \"TA_documentation\": \"\", \"TA_function_type\": \"max\", \"TA_is_final_grade\": false, \"TA_overall_rubric\": \"\", \"VersionEvaluation\": \"whole\", \"AllowConsolidation\": false, \"TA_allow_revisions\": false, \"TA_at_duration_end\": \"late\", \"TA_one_or_separate\": false, \"TA_allow_assessment\": \"none\", \"TA_allow_reflection\": [\"none\", \"don\'t wait\"], \"TA_number_participant\": 1, \"TA_assignee_constraints\": [\"instructor\", \"individual\", {\"not\": [0], \"not_in_workflow_instance\": []}], \"TA_leads_to_new_problem\": false, \"TA_overall_instructions\": \"Edit the problem to ensure that it makes sense.\", \"TA_leads_to_new_solution\": false, \"SimpleGradePointReduction\": 0, \"TA_trigger_consolidation_threshold\": []}, {\"TA_name\": \"Solve Create Problem\", \"TA_type\": \"solve_problem\", \"TA_fields\": {\"0\": {\"title\": \"Solution\", \"rubric\": \"\", \"field_type\": \"text\", \"rating_max\": 5, \"show_title\": false, \"numeric_max\": 40, \"numeric_min\": 0, \"instructions\": \"\", \"list_of_labels\": [\"Easy\", \"Medium\", \"Hard\"], \"assessment_type\": null, \"default_content\": [\"\", \"\"], \"default_refers_to\": [null, null], \"requires_justification\": false, \"justification_instructions\": \"\"}, \"field_titles\": [\"Solution\"], \"number_of_fields\": 1}, \"StartDelay\": false, \"TA_due_type\": [\"duration\", 4320], \"SeeSibblings\": false, \"CustomNameSet\": false, \"TA_file_upload\": {\"optional\": 0, \"mandatory\": 0}, \"TA_start_delay\": 0, \"SeeSameActivity\": true, \"TA_display_name\": \"Solve Assignment test 2\", \"TA_simple_grade\": \"none\", \"TA_what_if_late\": \"keep_same_participant\", \"TA_allow_dispute\": false, \"TA_documentation\": \"\", \"TA_function_type\": \"max\", \"TA_is_final_grade\": false, \"TA_overall_rubric\": \"\", \"VersionEvaluation\": \"last\", \"AllowConsolidation\": false, \"TA_allow_revisions\": false, \"TA_at_duration_end\": \"late\", \"TA_one_or_separate\": false, \"TA_allow_assessment\": \"grade\", \"TA_allow_reflection\": [\"none\", \"don\'t wait\"], \"TA_number_participant\": 1, \"TA_assignee_constraints\": [\"student\", \"individual\", {\"not\": [0, 1]}], \"TA_leads_to_new_problem\": false, \"TA_overall_instructions\": \"Solve the problem.\", \"TA_leads_to_new_solution\": false, \"SimpleGradePointReduction\": 0, \"TA_trigger_consolidation_threshold\": []}, {\"TA_name\": \"Grade Solve Create Problem\", \"TA_type\": \"grade_problem\", \"TA_fields\": {\"0\": {\"title\": \"Correctness\", \"rubric\": \"\", \"field_type\": \"assessment\", \"rating_max\": 5, \"show_title\": true, \"numeric_max\": 50, \"numeric_min\": 0, \"instructions\": \"Grade the solution on how correct it is.\", \"list_of_labels\": [\"Easy\", \"Medium\", \"Hard\"], \"assessment_type\": \"grade\", \"default_content\": [\"\", \"\"], \"default_refers_to\": [null, null], \"requires_justification\": true, \"justification_instructions\": \"\"}, \"1\": {\"title\": \"Completeness\", \"rubric\": \"\", \"field_type\": \"assessment\", \"rating_max\": 5, \"show_title\": true, \"numeric_max\": 50, \"numeric_min\": 0, \"instructions\": \"Grade the solution on whether you feel it completely answered the problem.\", \"list_of_labels\": [\"Easy\", \"Medium\", \"Hard\"], \"assessment_type\": \"grade\", \"default_content\": [\"\", \"\"], \"default_refers_to\": [null, null], \"requires_justification\": true, \"justification_instructions\": \"\"}, \"field_titles\": [\"Correctness\", \"Completeness\"], \"number_of_fields\": 2}, \"StartDelay\": false, \"TA_due_type\": [\"duration\", 4320], \"SeeSibblings\": false, \"CustomNameSet\": false, \"TA_file_upload\": {\"optional\": 0, \"mandatory\": 0}, \"TA_start_delay\": 0, \"SeeSameActivity\": true, \"TA_display_name\": \"Grade Solve Assignment test 2\", \"TA_simple_grade\": \"none\", \"TA_what_if_late\": \"keep_same_participant\", \"TA_allow_dispute\": true, \"TA_documentation\": \"\", \"TA_function_type\": \"max\", \"TA_is_final_grade\": true, \"TA_overall_rubric\": \"\", \"VersionEvaluation\": \"first\", \"AllowConsolidation\": true, \"TA_allow_revisions\": false, \"TA_at_duration_end\": \"late\", \"TA_one_or_separate\": false, \"TA_allow_assessment\": \"none\", \"TA_allow_reflection\": [\"none\", \"don\'t wait\"], \"TA_number_participant\": 2, \"TA_assignee_constraints\": [\"student\", \"individual\", {\"not\": [0], \"same_as\": [0]}], \"TA_leads_to_new_problem\": false, \"TA_overall_instructions\": \"\", \"TA_leads_to_new_solution\": false, \"SimpleGradePointReduction\": 0, \"TA_trigger_consolidation_threshold\": []}, {\"TA_name\": \"Needs Consolidation of Grade Solve Create Problem\", \"TA_type\": \"needs_consolidation\", \"TA_fields\": null, \"StartDelay\": false, \"TA_due_type\": [\"duration\", 4320], \"SeeSibblings\": false, \"CustomNameSet\": false, \"TA_file_upload\": {\"optional\": 0, \"mandatory\": 0}, \"TA_start_delay\": 0, \"SeeSameActivity\": true, \"TA_display_name\": \" Grade Solve Assignment test 2\", \"TA_simple_grade\": \"none\", \"TA_what_if_late\": \"keep_same_participant\", \"TA_allow_dispute\": false, \"TA_documentation\": \"\", \"TA_function_type\": \"max\", \"TA_is_final_grade\": false, \"TA_overall_rubric\": \"\", \"VersionEvaluation\": \"first\", \"AllowConsolidation\": false, \"TA_allow_revisions\": false, \"TA_at_duration_end\": \"late\", \"TA_one_or_separate\": false, \"TA_allow_assessment\": \"none\", \"TA_allow_reflection\": [\"none\", \"don\'t wait\"], \"TA_number_participant\": 1, \"TA_assignee_constraints\": [\"student\", \"individual\", {\"same_as\": [2]}], \"TA_leads_to_new_problem\": false, \"TA_overall_instructions\": \"\", \"TA_leads_to_new_solution\": false, \"SimpleGradePointReduction\": 0, \"TA_trigger_consolidation_threshold\": [15, \"percent\"]}, {\"TA_name\": \"Consolidate Grade Solve Create Problem\", \"TA_type\": \"consolidation\", \"TA_fields\": {\"field_titles\": [], \"number_of_fields\": 0}, \"StartDelay\": false, \"TA_due_type\": [\"duration\", 4320], \"SeeSibblings\": false, \"CustomNameSet\": false, \"TA_file_upload\": {\"optional\": 0, \"mandatory\": 0}, \"TA_start_delay\": 0, \"SeeSameActivity\": true, \"TA_display_name\": \"Consolidate  Grade Solve Assignment test 2\", \"TA_simple_grade\": \"none\", \"TA_what_if_late\": \"keep_same_participant\", \"TA_allow_dispute\": false, \"TA_documentation\": \"\", \"TA_function_type\": \"max\", \"TA_is_final_grade\": true, \"TA_overall_rubric\": \"\", \"VersionEvaluation\": \"first\", \"AllowConsolidation\": false, \"TA_allow_revisions\": false, \"TA_at_duration_end\": \"late\", \"TA_one_or_separate\": false, \"TA_allow_assessment\": \"none\", \"TA_allow_reflection\": [\"none\", \"don\'t wait\"], \"TA_number_participant\": 1, \"TA_assignee_constraints\": [\"student\", \"individual\", {\"not\": [2, 0, 3]}], \"TA_leads_to_new_problem\": false, \"TA_overall_instructions\": \"Consolidate the prior set of opinions into a single, fair representation.\", \"TA_leads_to_new_solution\": false, \"SimpleGradePointReduction\": 0, \"TA_trigger_consolidation_threshold\": []}, {\"TA_name\": \"Dispute of  Grade Solve Create Problem\", \"TA_type\": \"dispute\", \"TA_fields\": {\"0\": {\"title\": \"Justification\", \"rubric\": \"\", \"field_type\": \"text\", \"rating_max\": 5, \"show_title\": false, \"numeric_max\": 40, \"numeric_min\": 0, \"instructions\": \"Explain why the other evaluators were incorrect and why you are correct instead.\", \"list_of_labels\": [\"Easy\", \"Medium\", \"Hard\"], \"assessment_type\": null, \"default_content\": [\"\", \"\"], \"default_refers_to\": [null, null], \"requires_justification\": false, \"justification_instructions\": \"\"}, \"field_titles\": [\"Justification\"], \"number_of_fields\": 1}, \"StartDelay\": false, \"TA_due_type\": [\"duration\", 4320], \"SeeSibblings\": false, \"CustomNameSet\": false, \"TA_file_upload\": {\"optional\": 0, \"mandatory\": 0}, \"TA_start_delay\": 0, \"SeeSameActivity\": true, \"TA_display_name\": \"Dispute of Consolidate  Grade Solve Assignment test 2\", \"TA_simple_grade\": \"none\", \"TA_what_if_late\": null, \"TA_allow_dispute\": false, \"TA_documentation\": \"\", \"TA_function_type\": \"max\", \"TA_is_final_grade\": false, \"TA_overall_rubric\": \"\", \"VersionEvaluation\": \"first\", \"AllowConsolidation\": false, \"TA_allow_revisions\": false, \"TA_at_duration_end\": \"resolved\", \"TA_one_or_separate\": false, \"TA_allow_assessment\": \"none\", \"TA_allow_reflection\": [\"none\", \"don\'t wait\"], \"TA_number_participant\": 1, \"TA_assignee_constraints\": [\"student\", \"individual\", {\"same_as\": [2]}], \"TA_leads_to_new_problem\": false, \"TA_overall_instructions\": \"Decide whether to dispute your grade or not. If you do, you must justify your grades.\", \"TA_leads_to_new_solution\": false, \"SimpleGradePointReduction\": 0, \"TA_trigger_consolidation_threshold\": []}, {\"TA_name\": \"Resolve Dispute of Grade Solve Create Problem\", \"TA_type\": \"resolve_dispute\", \"TA_fields\": {\"field_titles\": [], \"number_of_fields\": 0}, \"StartDelay\": false, \"TA_due_type\": [\"duration\", 4320], \"SeeSibblings\": false, \"CustomNameSet\": false, \"TA_file_upload\": {\"optional\": 0, \"mandatory\": 0}, \"TA_start_delay\": 0, \"SeeSameActivity\": true, \"TA_display_name\": \"Resolve Dispute of Consolidate  Grade Solve Assignment test 2\", \"TA_simple_grade\": \"none\", \"TA_what_if_late\": \"keep_same_participant\", \"TA_allow_dispute\": false, \"TA_documentation\": \"\", \"TA_function_type\": \"max\", \"TA_is_final_grade\": true, \"TA_overall_rubric\": \"\", \"VersionEvaluation\": \"first\", \"AllowConsolidation\": false, \"TA_allow_revisions\": false, \"TA_at_duration_end\": \"late\", \"TA_one_or_separate\": false, \"TA_allow_assessment\": \"none\", \"TA_allow_reflection\": [\"none\", \"don\'t wait\"], \"TA_number_participant\": 1, \"TA_assignee_constraints\": [\"instructor\", \"individual\", {\"not\": [2, 6]}], \"TA_leads_to_new_problem\": false, \"TA_overall_instructions\": \"Resolve the dispute by evaluating it yourself. (You may consider all the other participant’s evaluations.)\", \"TA_leads_to_new_solution\": false, \"SimpleGradePointReduction\": 0, \"TA_trigger_consolidation_threshold\": []}], \"WA_documentation\": \"\", \"WA_number_of_sets\": 1, \"WorkflowStructure\": [{\"id\": 0, \"isSubWorkflow\": 0}, {\"id\": 1, \"parent\": 0}, {\"id\": -1, \"parent\": 0}, {\"id\": -1, \"parent\": 0}, {\"id\": -1, \"parent\": 0}, {\"id\": 2, \"parent\": 0}, {\"id\": -1, \"parent\": 2}, {\"id\": 3, \"parent\": 2}, {\"id\": -1, \"parent\": 3}, {\"id\": -1, \"parent\": 3}, {\"id\": 4, \"parent\": 3}, {\"id\": -1, \"parent\": 4}, {\"id\": -1, \"parent\": 4}, {\"id\": 5, \"parent\": 4}, {\"id\": -1, \"parent\": 5}, {\"id\": -1, \"parent\": 5}, {\"id\": 6, \"parent\": 5}, {\"id\": -1, \"parent\": 6}, {\"id\": -1, \"parent\": 6}, {\"id\": 7, \"parent\": 6}], \"CustomProblemTypes\": [], \"NumberOfGradingTask\": 1, \"WA_default_group_size\": 1, \"WA_grade_distribution\": {\"3\": 100}}, {\"WA_name\": \"Problem\", \"WA_type\": \"\", \"Workflow\": [{\"TA_name\": \"Create Problem\", \"TA_type\": \"create_problem\", \"TA_fields\": {\"0\": {\"title\": \"Problem 1\", \"rubric\": \"\", \"field_type\": \"text\", \"rating_max\": 5, \"show_title\": false, \"numeric_max\": 40, \"numeric_min\": 0, \"instructions\": \"\", \"list_of_labels\": [\"Easy\", \"Medium\", \"Hard\"], \"assessment_type\": null, \"default_content\": [\"\", \"\"], \"default_refers_to\": [null, null], \"requires_justification\": false, \"justification_instructions\": \"\"}, \"field_titles\": [\"Problem 1\"], \"number_of_fields\": 1}, \"StartDelay\": false, \"TA_due_type\": [\"duration\", 4320], \"SeeSibblings\": false, \"CustomNameSet\": false, \"TA_file_upload\": {\"optional\": 0, \"mandatory\": 0}, \"TA_start_delay\": 0, \"SeeSameActivity\": true, \"TA_display_name\": \"Create Problem\", \"TA_simple_grade\": \"none\", \"TA_what_if_late\": \"keep_same_participant\", \"TA_allow_dispute\": false, \"TA_documentation\": \"\", \"TA_function_type\": \"max\", \"TA_is_final_grade\": false, \"TA_overall_rubric\": \"\", \"VersionEvaluation\": \"last\", \"AllowConsolidation\": false, \"TA_allow_revisions\": false, \"TA_at_duration_end\": \"late\", \"TA_one_or_separate\": false, \"TA_allow_assessment\": \"none\", \"TA_allow_reflection\": [\"edit\", \"don\'t wait\"], \"TA_number_participant\": 1, \"TA_assignee_constraints\": [\"student\", \"individual\", {}], \"TA_leads_to_new_problem\": false, \"TA_overall_instructions\": \"Create a new problem for another student to solve.\", \"TA_leads_to_new_solution\": true, \"SimpleGradePointReduction\": 0, \"TA_trigger_consolidation_threshold\": []}, {\"TA_name\": \"Edit Create Problem\", \"TA_type\": \"edit\", \"TA_fields\": {\"0\": {\"title\": \"Explanation\", \"rubric\": \"\", \"field_type\": \"text\", \"rating_max\": 5, \"show_title\": true, \"numeric_max\": 40, \"numeric_min\": 0, \"instructions\": \"Enter an explanation of the edits you have made.\", \"list_of_labels\": [\"Easy\", \"Medium\", \"Hard\"], \"assessment_type\": null, \"default_content\": [\"\", \"\"], \"default_refers_to\": [null, null], \"requires_justification\": false, \"justification_instructions\": \"\"}, \"field_titles\": [\"Explanation\"], \"number_of_fields\": 1}, \"StartDelay\": false, \"TA_due_type\": [\"duration\", 4320], \"SeeSibblings\": false, \"CustomNameSet\": false, \"TA_file_upload\": {\"optional\": 0, \"mandatory\": 0}, \"TA_start_delay\": 0, \"SeeSameActivity\": true, \"TA_display_name\": \"Edit Create Problem\", \"TA_simple_grade\": \"none\", \"TA_what_if_late\": \"keep_same_participant\", \"TA_allow_dispute\": false, \"TA_documentation\": \"\", \"TA_function_type\": \"max\", \"TA_is_final_grade\": false, \"TA_overall_rubric\": \"\", \"VersionEvaluation\": \"whole\", \"AllowConsolidation\": false, \"TA_allow_revisions\": false, \"TA_at_duration_end\": \"late\", \"TA_one_or_separate\": false, \"TA_allow_assessment\": \"none\", \"TA_allow_reflection\": [\"none\", \"don\'t wait\"], \"TA_number_participant\": 1, \"TA_assignee_constraints\": [\"instructor\", \"individual\", {\"not\": [0], \"not_in_workflow_instance\": []}], \"TA_leads_to_new_problem\": false, \"TA_overall_instructions\": \"Edit the problem to ensure that it makes sense.\", \"TA_leads_to_new_solution\": false, \"SimpleGradePointReduction\": 0, \"TA_trigger_consolidation_threshold\": []}, {\"TA_name\": \"Solve Create Problem\", \"TA_type\": \"solve_problem\", \"TA_fields\": {\"0\": {\"title\": \"Solution\", \"rubric\": \"\", \"field_type\": \"text\", \"rating_max\": 5, \"show_title\": false, \"numeric_max\": 40, \"numeric_min\": 0, \"instructions\": \"\", \"list_of_labels\": [\"Easy\", \"Medium\", \"Hard\"], \"assessment_type\": null, \"default_content\": [\"\", \"\"], \"default_refers_to\": [null, null], \"requires_justification\": false, \"justification_instructions\": \"\"}, \"field_titles\": [\"Solution\"], \"number_of_fields\": 1}, \"StartDelay\": false, \"TA_due_type\": [\"duration\", 4320], \"SeeSibblings\": false, \"CustomNameSet\": false, \"TA_file_upload\": {\"optional\": 0, \"mandatory\": 0}, \"TA_start_delay\": 0, \"SeeSameActivity\": true, \"TA_display_name\": \"Solve Create Problem\", \"TA_simple_grade\": \"none\", \"TA_what_if_late\": \"keep_same_participant\", \"TA_allow_dispute\": false, \"TA_documentation\": \"\", \"TA_function_type\": \"max\", \"TA_is_final_grade\": false, \"TA_overall_rubric\": \"\", \"VersionEvaluation\": \"last\", \"AllowConsolidation\": false, \"TA_allow_revisions\": false, \"TA_at_duration_end\": \"late\", \"TA_one_or_separate\": false, \"TA_allow_assessment\": \"grade\", \"TA_allow_reflection\": [\"none\", \"don\'t wait\"], \"TA_number_participant\": 1, \"TA_assignee_constraints\": [\"student\", \"individual\", {\"not\": [0, 1]}], \"TA_leads_to_new_problem\": false, \"TA_overall_instructions\": \"Solve the problem.\", \"TA_leads_to_new_solution\": false, \"SimpleGradePointReduction\": 0, \"TA_trigger_consolidation_threshold\": []}, {\"TA_name\": \"Grade Solve Create Problem\", \"TA_type\": \"grade_problem\", \"TA_fields\": {\"0\": {\"title\": \"Correctness\", \"rubric\": \"\", \"field_type\": \"assessment\", \"rating_max\": 5, \"show_title\": true, \"numeric_max\": 50, \"numeric_min\": 0, \"instructions\": \"Grade the solution on how correct it is.\", \"list_of_labels\": [\"Easy\", \"Medium\", \"Hard\"], \"assessment_type\": \"grade\", \"default_content\": [\"\", \"\"], \"default_refers_to\": [null, null], \"requires_justification\": true, \"justification_instructions\": \"\"}, \"1\": {\"title\": \"Completeness\", \"rubric\": \"\", \"field_type\": \"assessment\", \"rating_max\": 5, \"show_title\": true, \"numeric_max\": 50, \"numeric_min\": 0, \"instructions\": \"Grade the solution on whether you feel it completely answered the problem.\", \"list_of_labels\": [\"Easy\", \"Medium\", \"Hard\"], \"assessment_type\": \"grade\", \"default_content\": [\"\", \"\"], \"default_refers_to\": [null, null], \"requires_justification\": true, \"justification_instructions\": \"\"}, \"field_titles\": [\"Correctness\", \"Completeness\"], \"number_of_fields\": 2}, \"StartDelay\": false, \"TA_due_type\": [\"duration\", 4320], \"SeeSibblings\": false, \"CustomNameSet\": false, \"TA_file_upload\": {\"optional\": 0, \"mandatory\": 0}, \"TA_start_delay\": 0, \"SeeSameActivity\": true, \"TA_display_name\": \"Grade Solve Create Problem\", \"TA_simple_grade\": \"none\", \"TA_what_if_late\": \"keep_same_participant\", \"TA_allow_dispute\": true, \"TA_documentation\": \"\", \"TA_function_type\": \"max\", \"TA_is_final_grade\": true, \"TA_overall_rubric\": \"\", \"VersionEvaluation\": \"first\", \"AllowConsolidation\": true, \"TA_allow_revisions\": false, \"TA_at_duration_end\": \"late\", \"TA_one_or_separate\": false, \"TA_allow_assessment\": \"none\", \"TA_allow_reflection\": [\"none\", \"don\'t wait\"], \"TA_number_participant\": 2, \"TA_assignee_constraints\": [\"student\", \"individual\", {\"not\": [0], \"same_as\": [0]}], \"TA_leads_to_new_problem\": false, \"TA_overall_instructions\": \"\", \"TA_leads_to_new_solution\": false, \"SimpleGradePointReduction\": 0, \"TA_trigger_consolidation_threshold\": []}, {\"TA_name\": \"Needs Consolidation of Grade Solve Create Problem\", \"TA_type\": \"needs_consolidation\", \"TA_fields\": null, \"StartDelay\": false, \"TA_due_type\": [\"duration\", 4320], \"SeeSibblings\": false, \"CustomNameSet\": false, \"TA_file_upload\": {\"optional\": 0, \"mandatory\": 0}, \"TA_start_delay\": 0, \"SeeSameActivity\": true, \"TA_display_name\": \"Needs Consolidation of Grade Solve Create Problem\", \"TA_simple_grade\": \"none\", \"TA_what_if_late\": \"keep_same_participant\", \"TA_allow_dispute\": false, \"TA_documentation\": \"\", \"TA_function_type\": \"max\", \"TA_is_final_grade\": false, \"TA_overall_rubric\": \"\", \"VersionEvaluation\": \"first\", \"AllowConsolidation\": false, \"TA_allow_revisions\": false, \"TA_at_duration_end\": \"late\", \"TA_one_or_separate\": false, \"TA_allow_assessment\": \"none\", \"TA_allow_reflection\": [\"none\", \"don\'t wait\"], \"TA_number_participant\": 1, \"TA_assignee_constraints\": [\"student\", \"individual\", {\"same_as\": [2]}], \"TA_leads_to_new_problem\": false, \"TA_overall_instructions\": \"\", \"TA_leads_to_new_solution\": false, \"SimpleGradePointReduction\": 0, \"TA_trigger_consolidation_threshold\": [15, \"percent\"]}, {\"TA_name\": \"Consolidate Grade Solve Create Problem\", \"TA_type\": \"consolidation\", \"TA_fields\": {\"field_titles\": [], \"number_of_fields\": 0}, \"StartDelay\": false, \"TA_due_type\": [\"duration\", 4320], \"SeeSibblings\": false, \"CustomNameSet\": false, \"TA_file_upload\": {\"optional\": 0, \"mandatory\": 0}, \"TA_start_delay\": 0, \"SeeSameActivity\": true, \"TA_display_name\": \"Consolidate Grade Solve Create Problem\", \"TA_simple_grade\": \"none\", \"TA_what_if_late\": \"keep_same_participant\", \"TA_allow_dispute\": false, \"TA_documentation\": \"\", \"TA_function_type\": \"max\", \"TA_is_final_grade\": true, \"TA_overall_rubric\": \"\", \"VersionEvaluation\": \"first\", \"AllowConsolidation\": false, \"TA_allow_revisions\": false, \"TA_at_duration_end\": \"late\", \"TA_one_or_separate\": false, \"TA_allow_assessment\": \"none\", \"TA_allow_reflection\": [\"none\", \"don\'t wait\"], \"TA_number_participant\": 1, \"TA_assignee_constraints\": [\"student\", \"individual\", {\"not\": [2, 0, 3]}], \"TA_leads_to_new_problem\": false, \"TA_overall_instructions\": \"Consolidate the prior set of opinions into a single, fair representation.\", \"TA_leads_to_new_solution\": false, \"SimpleGradePointReduction\": 0, \"TA_trigger_consolidation_threshold\": []}, {\"TA_name\": \"Dispute of  Grade Solve Create Problem\", \"TA_type\": \"dispute\", \"TA_fields\": {\"0\": {\"title\": \"Justification\", \"rubric\": \"\", \"field_type\": \"text\", \"rating_max\": 5, \"show_title\": false, \"numeric_max\": 40, \"numeric_min\": 0, \"instructions\": \"Explain why the other evaluators were incorrect and why you are correct instead.\", \"list_of_labels\": [\"Easy\", \"Medium\", \"Hard\"], \"assessment_type\": null, \"default_content\": [\"\", \"\"], \"default_refers_to\": [null, null], \"requires_justification\": false, \"justification_instructions\": \"\"}, \"field_titles\": [\"Justification\"], \"number_of_fields\": 1}, \"StartDelay\": false, \"TA_due_type\": [\"duration\", 4320], \"SeeSibblings\": false, \"CustomNameSet\": false, \"TA_file_upload\": {\"optional\": 0, \"mandatory\": 0}, \"TA_start_delay\": 0, \"SeeSameActivity\": true, \"TA_display_name\": \"Dispute of  Grade Solve Create Problem\", \"TA_simple_grade\": \"none\", \"TA_what_if_late\": null, \"TA_allow_dispute\": false, \"TA_documentation\": \"\", \"TA_function_type\": \"max\", \"TA_is_final_grade\": false, \"TA_overall_rubric\": \"\", \"VersionEvaluation\": \"first\", \"AllowConsolidation\": false, \"TA_allow_revisions\": false, \"TA_at_duration_end\": \"resolved\", \"TA_one_or_separate\": false, \"TA_allow_assessment\": \"none\", \"TA_allow_reflection\": [\"none\", \"don\'t wait\"], \"TA_number_participant\": 1, \"TA_assignee_constraints\": [\"student\", \"individual\", {\"same_as\": [2]}], \"TA_leads_to_new_problem\": false, \"TA_overall_instructions\": \"Decide whether to dispute your grade or not. If you do, you must justify your grades.\", \"TA_leads_to_new_solution\": false, \"SimpleGradePointReduction\": 0, \"TA_trigger_consolidation_threshold\": []}, {\"TA_name\": \"Resolve Dispute of Grade Solve Create Problem\", \"TA_type\": \"resolve_dispute\", \"TA_fields\": {\"field_titles\": [], \"number_of_fields\": 0}, \"StartDelay\": false, \"TA_due_type\": [\"duration\", 4320], \"SeeSibblings\": false, \"CustomNameSet\": false, \"TA_file_upload\": {\"optional\": 0, \"mandatory\": 0}, \"TA_start_delay\": 0, \"SeeSameActivity\": true, \"TA_display_name\": \"Resolve Dispute of Grade Solve Create Problem\", \"TA_simple_grade\": \"none\", \"TA_what_if_late\": \"keep_same_participant\", \"TA_allow_dispute\": false, \"TA_documentation\": \"\", \"TA_function_type\": \"max\", \"TA_is_final_grade\": true, \"TA_overall_rubric\": \"\", \"VersionEvaluation\": \"first\", \"AllowConsolidation\": false, \"TA_allow_revisions\": false, \"TA_at_duration_end\": \"late\", \"TA_one_or_separate\": false, \"TA_allow_assessment\": \"none\", \"TA_allow_reflection\": [\"none\", \"don\'t wait\"], \"TA_number_participant\": 1, \"TA_assignee_constraints\": [\"instructor\", \"individual\", {\"not\": [2, 6]}], \"TA_leads_to_new_problem\": false, \"TA_overall_instructions\": \"Resolve the dispute by evaluating it yourself. (You may consider all the other participant’s evaluations.)\", \"TA_leads_to_new_solution\": false, \"SimpleGradePointReduction\": 0, \"TA_trigger_consolidation_threshold\": []}], \"WA_documentation\": \"\", \"WA_number_of_sets\": 1, \"WorkflowStructure\": [{\"id\": 0, \"isSubWorkflow\": 0}, {\"id\": 1, \"parent\": 0}, {\"id\": -1, \"parent\": 0}, {\"id\": -1, \"parent\": 0}, {\"id\": -1, \"parent\": 0}, {\"id\": 2, \"parent\": 0}, {\"id\": -1, \"parent\": 2}, {\"id\": 3, \"parent\": 2}, {\"id\": -1, \"parent\": 3}, {\"id\": -1, \"parent\": 3}, {\"id\": 4, \"parent\": 3}, {\"id\": -1, \"parent\": 4}, {\"id\": -1, \"parent\": 4}, {\"id\": 5, \"parent\": 4}, {\"id\": -1, \"parent\": 5}, {\"id\": -1, \"parent\": 5}, {\"id\": 6, \"parent\": 5}, {\"id\": -1, \"parent\": 6}, {\"id\": -1, \"parent\": 6}, {\"id\": 7, \"parent\": 6}], \"CustomProblemTypes\": [], \"NumberOfGradingTask\": 1, \"WA_default_group_size\": 1, \"WA_grade_distribution\": {\"3\": 100}}], \"NumberofWorkflows\": 2, \"AA_grade_distribution\": {\"0\": 52, \"1\": 48}}');

/*Table structure for table `resetpasswordrequest` */

DROP TABLE IF EXISTS `resetpasswordrequest`;

CREATE TABLE `resetpasswordrequest` (
  `UserID` int(10) unsigned NOT NULL,
  `RequestHash` varchar(255) NOT NULL,
  PRIMARY KEY (`UserID`,`RequestHash`)
) ENGINE=InnoDB DEFAULT CHARSET=latin1;

/*Data for the table `resetpasswordrequest` */

/*Table structure for table `section` */

DROP TABLE IF EXISTS `section`;

CREATE TABLE `section` (
  `SectionID` int(10) unsigned NOT NULL AUTO_INCREMENT,
  `SemesterID` int(10) unsigned NOT NULL,
  `CourseID` int(10) unsigned NOT NULL,
  `Name` varchar(100) DEFAULT NULL,
  `StartDate` datetime DEFAULT NULL,
  `EndDate` datetime DEFAULT NULL,
  `Description` varchar(255) DEFAULT NULL,
  PRIMARY KEY (`SectionID`),
  UNIQUE KEY `SectionID` (`SectionID`),
  UNIQUE KEY `Section_SectionID_unique` (`SectionID`),
  KEY `SemesterID` (`SemesterID`),
  KEY `CourseID` (`CourseID`),
  CONSTRAINT `section_ibfk_1` FOREIGN KEY (`SemesterID`) REFERENCES `semester` (`SemesterID`) ON DELETE NO ACTION ON UPDATE CASCADE,
  CONSTRAINT `section_ibfk_2` FOREIGN KEY (`CourseID`) REFERENCES `course` (`CourseID`) ON DELETE NO ACTION ON UPDATE CASCADE
) ENGINE=InnoDB AUTO_INCREMENT=18 DEFAULT CHARSET=latin1;

/*Data for the table `section` */

insert  into `section`(`SectionID`,`SemesterID`,`CourseID`,`Name`,`StartDate`,`EndDate`,`Description`) values 
(1,1,1,'001',NULL,NULL,'Description for CS100-001'),
(2,1,1,'013',NULL,NULL,'Description for CS100-013'),
(3,1,1,'h01',NULL,NULL,'Description for CS100-h13 --Honor\'s Section'),
(4,2,1,'002',NULL,NULL,'Description for CS100-002'),
(5,2,1,'h02',NULL,NULL,'Description for CS100-h02 --Honor\'s Section'),
(6,1,2,'001',NULL,NULL,'Description for Math111-001'),
(7,1,2,'004',NULL,NULL,'Description for Math111-004'),
(8,1,3,'001',NULL,NULL,'Description for CS280-001'),
(9,2,3,'002',NULL,NULL,'Description for CS280-002'),
(10,1,3,'\'007\'',NULL,NULL,'\'CS280-007\''),
(11,1,3,'\'008\'',NULL,NULL,'\'CS280-008\''),
(12,1,3,'\'009\'',NULL,NULL,'\'CS280-009\''),
(14,1,10,'002',NULL,NULL,'Morning Section'),
(15,1,11,'002',NULL,NULL,'morning'),
(16,1,12,'002',NULL,NULL,'asdasdsds'),
(17,1,13,'004',NULL,NULL,'morn');

/*Table structure for table `sectionranksnapchot` */

DROP TABLE IF EXISTS `sectionranksnapchot`;

CREATE TABLE `sectionranksnapchot` (
  `SectionRankSnapchatID` int(10) unsigned NOT NULL AUTO_INCREMENT,
  `SemesterID` int(10) unsigned NOT NULL,
  `SemesterName` varchar(50) NOT NULL,
  `CourseID` int(10) unsigned NOT NULL,
  `CourseName` varchar(50) NOT NULL,
  `CourseNumber` varchar(50) NOT NULL,
  `SectionID` int(10) unsigned NOT NULL,
  `SectionName` varchar(50) NOT NULL,
  `AveragePoints` int(10) unsigned NOT NULL,
  `Rank` int(10) unsigned NOT NULL,
  `UpdateDate` datetime NOT NULL,
  PRIMARY KEY (`SectionRankSnapchatID`),
  UNIQUE KEY `SectionRankSnapchatID` (`SectionRankSnapchatID`),
  UNIQUE KEY `sectionranksnapchot_StudentRankSnapchatID_unique` (`SectionRankSnapchatID`)
) ENGINE=InnoDB AUTO_INCREMENT=11 DEFAULT CHARSET=latin1;

/*Data for the table `sectionranksnapchot` */

insert  into `sectionranksnapchot`(`SectionRankSnapchatID`,`SemesterID`,`SemesterName`,`CourseID`,`CourseName`,`CourseNumber`,`SectionID`,`SectionName`,`AveragePoints`,`Rank`,`UpdateDate`) values 
(1,1,'Summer2017',3,'Programming Language Concept','CS280',10,'\'007\'',14,1,'2017-07-29 04:00:00'),
(2,1,'Summer2017',1,'Intro to Computer Science','CS100',2,'013',13,2,'2017-07-29 04:00:00'),
(3,1,'Summer2017',3,'Programming Language Concept','CS280',12,'\'009\'',8,3,'2017-07-29 04:00:00'),
(4,1,'Summer2017',1,'Intro to Computer Science','CS100',1,'001',3,5,'2017-07-29 04:00:00'),
(5,1,'Summer2017',1,'Intro to Computer Science','CS100',3,'h01',3,4,'2017-07-29 04:00:00'),
(6,1,'Summer2017',1,'Intro to Computer Science','CS100',2,'013',13,2,'2017-07-30 04:00:00'),
(7,1,'Summer2017',3,'Programming Language Concept','CS280',10,'\'007\'',14,1,'2017-07-30 04:00:00'),
(8,1,'Summer2017',3,'Programming Language Concept','CS280',12,'\'009\'',8,3,'2017-07-30 04:00:00'),
(9,1,'Summer2017',1,'Intro to Computer Science','CS100',3,'h01',3,4,'2017-07-30 04:00:00'),
(10,1,'Summer2017',1,'Intro to Computer Science','CS100',1,'001',3,5,'2017-07-30 04:00:00');

/*Table structure for table `sectionuser` */

DROP TABLE IF EXISTS `sectionuser`;

CREATE TABLE `sectionuser` (
  `SectionUserID` int(10) unsigned NOT NULL AUTO_INCREMENT,
  `SectionID` int(10) unsigned NOT NULL,
  `UserID` int(10) unsigned NOT NULL,
  `Role` varchar(30) DEFAULT NULL,
  `Active` tinyint(4) DEFAULT NULL,
  `Volunteer` tinyint(4) DEFAULT NULL,
  PRIMARY KEY (`SectionUserID`),
  UNIQUE KEY `SectionUserID` (`SectionUserID`),
  UNIQUE KEY `SectionUser_SectionUserID_unique` (`SectionUserID`),
  KEY `SectionID` (`SectionID`),
  KEY `UserID` (`UserID`),
  CONSTRAINT `sectionuser_ibfk_1` FOREIGN KEY (`SectionID`) REFERENCES `section` (`SectionID`) ON DELETE NO ACTION ON UPDATE CASCADE,
  CONSTRAINT `sectionuser_ibfk_2` FOREIGN KEY (`UserID`) REFERENCES `user` (`UserID`) ON DELETE NO ACTION ON UPDATE CASCADE
) ENGINE=InnoDB AUTO_INCREMENT=36 DEFAULT CHARSET=latin1;

/*Data for the table `sectionuser` */

insert  into `sectionuser`(`SectionUserID`,`SectionID`,`UserID`,`Role`,`Active`,`Volunteer`) values 
(1,1,1,'Instructor',1,NULL),
(2,1,3,'Student',1,NULL),
(3,1,4,'Student',0,NULL),
(4,1,69,'Student',1,NULL),
(5,1,5,'Student',1,NULL),
(6,6,69,'Student',1,NULL),
(7,9,69,'Student',1,NULL),
(8,3,1,'Student',1,NULL),
(9,8,1,'Student',1,NULL),
(10,7,1,'Student',1,NULL),
(11,7,3,'Student',1,NULL),
(12,7,4,'Student',0,NULL),
(13,9,4,'Student',0,NULL),
(14,16,69,'Student',1,NULL),
(15,17,69,'Student',1,NULL),
(16,3,4,'Student',1,NULL),
(17,3,69,'Student',1,NULL),
(18,3,3,'Student',1,NULL),
(19,5,1,'Student',1,NULL),
(20,5,3,'Student',1,NULL),
(21,1,6,'Student',1,NULL),
(22,1,7,'Student',1,NULL),
(23,1,8,'Student',1,NULL),
(24,1,9,'Student',1,NULL),
(25,1,10,'Student',1,NULL),
(26,1,11,'Student',1,NULL),
(27,1,12,'Student',1,NULL),
(28,1,13,'Student',1,NULL),
(29,1,14,'Student',1,NULL),
(30,1,15,'Student',1,NULL),
(31,12,16,'Student',1,NULL),
(32,10,17,'Student',1,NULL),
(33,3,18,'Student',1,NULL),
(34,2,19,'Student',1,NULL),
(35,19,1,'Student',1,0);

/*Table structure for table `semester` */

DROP TABLE IF EXISTS `semester`;

CREATE TABLE `semester` (
  `SemesterID` int(10) unsigned NOT NULL AUTO_INCREMENT,
  `OrganizationID` int(10) unsigned NOT NULL,
  `Name` varchar(25) DEFAULT NULL,
  `StartDate` datetime DEFAULT NULL,
  `EndDate` datetime DEFAULT NULL,
  PRIMARY KEY (`SemesterID`),
  UNIQUE KEY `SemesterID` (`SemesterID`),
  UNIQUE KEY `Semester_SemesterID_unique` (`SemesterID`)
) ENGINE=InnoDB AUTO_INCREMENT=9 DEFAULT CHARSET=latin1;

/*Data for the table `semester` */

insert  into `semester`(`SemesterID`,`OrganizationID`,`Name`,`StartDate`,`EndDate`) values 
(1,1,'Summer2017','2017-05-01 00:00:00','2017-09-01 00:00:00'),
(2,1,'Spring2017','2017-01-15 00:00:00','2017-05-15 00:00:00'),
(7,1,'Fall2019','2019-09-01 00:00:00','2019-12-09 00:00:00'),
(8,1,'Fall2016','2016-09-01 00:00:00','2016-12-12 00:00:00');

/*Table structure for table `studentranksnapchot` */

DROP TABLE IF EXISTS `studentranksnapchot`;

CREATE TABLE `studentranksnapchot` (
  `StudentRankSnapchotID` int(10) unsigned NOT NULL AUTO_INCREMENT,
  `SemesterID` int(10) unsigned NOT NULL,
  `SemesterName` varchar(50) NOT NULL,
  `CourseID` int(10) unsigned NOT NULL,
  `CourseName` varchar(50) NOT NULL,
  `CourseNumber` varchar(20) NOT NULL,
  `SectionID` int(10) unsigned NOT NULL,
  `SectionName` varchar(50) NOT NULL,
  `UserID` int(10) unsigned NOT NULL,
  `FirstName` varchar(100) DEFAULT NULL,
  `LastName` varchar(100) DEFAULT NULL,
  `TotalPoints` int(10) unsigned NOT NULL,
  `PointsMovement` int(10) NOT NULL,
  `Rank` int(10) unsigned NOT NULL,
  `UpdateDate` datetime NOT NULL,
  PRIMARY KEY (`StudentRankSnapchotID`)
) ENGINE=InnoDB AUTO_INCREMENT=19 DEFAULT CHARSET=latin1;

/*Data for the table `studentranksnapchot` */

insert  into `studentranksnapchot`(`StudentRankSnapchotID`,`SemesterID`,`SemesterName`,`CourseID`,`CourseName`,`CourseNumber`,`SectionID`,`SectionName`,`UserID`,`FirstName`,`LastName`,`TotalPoints`,`PointsMovement`,`Rank`,`UpdateDate`) values 
(1,1,'Summer2017',1,'Intro to Computer Science','CS100',1,'001',69,'Krzysztof','Squarepant',90,0,1,'2017-07-29 04:00:00'),
(2,1,'Summer2017',1,'Intro to Computer Science','CS100',1,'001',8,'Ivan ','Merit',50,0,2,'2017-07-29 04:00:00'),
(3,1,'Summer2017',1,'Intro to Computer Science','CS100',1,'001',1,'Alan','Romano',20,0,3,'2017-07-29 04:00:00'),
(4,1,'Summer2017',1,'Intro to Computer Science','CS100',1,'001',3,'Emily','Smith',15,0,4,'2017-07-29 04:00:00'),
(5,1,'Summer2017',1,'Intro to Computer Science','CS100',2,'013',19,'Spongebob',NULL,32,0,1,'2017-07-29 04:00:00'),
(6,1,'Summer2017',3,'Programming Language Concept','CS280',10,'\'007\'',17,'Olivia','Kwan',55,0,1,'2017-07-29 04:00:00'),
(7,1,'Summer2017',1,'Intro to Computer Science','CS100',3,'h01',18,'Peter','Pan',45,0,1,'2017-07-29 04:00:00'),
(8,1,'Summer2017',1,'Intro to Computer Science','CS100',1,'001',4,'Joe','Johnson',65,0,5,'2017-07-29 04:00:00'),
(9,1,'Summer2017',3,'Programming Language Concept','CS280',12,'\'009\'',16,'Fred','Hudson',25,0,1,'2017-07-29 04:00:00'),
(10,1,'Summer2017',1,'Intro to Computer Science','CS100',1,'001',69,'Krzysztof','Squarepant',115,-25,1,'2017-07-30 04:00:00'),
(11,1,'Summer2017',1,'Intro to Computer Science','CS100',1,'001',8,'Ivan ','Merit',60,-10,2,'2017-07-30 04:00:00'),
(12,1,'Summer2017',1,'Intro to Computer Science','CS100',1,'001',4,'Joe','Johnson',36,29,5,'2017-07-30 04:00:00'),
(13,1,'Summer2017',1,'Intro to Computer Science','CS100',1,'001',1,'Alan','Romano',38,-18,3,'2017-07-30 04:00:00'),
(14,1,'Summer2017',1,'Intro to Computer Science','CS100',1,'001',3,'Emily','Smith',37,-22,4,'2017-07-30 04:00:00'),
(15,1,'Summer2017',3,'Programming Language Concept','CS280',10,'\'007\'',17,'Olivia','Kwan',84,-29,1,'2017-07-30 04:00:00'),
(16,1,'Summer2017',1,'Intro to Computer Science','CS100',2,'013',19,'Spongebob',NULL,75,-43,1,'2017-07-30 04:00:00'),
(17,1,'Summer2017',1,'Intro to Computer Science','CS100',3,'h01',18,'Peter','Pan',84,-39,1,'2017-07-30 04:00:00'),
(18,1,'Summer2017',3,'Programming Language Concept','CS280',12,'\'009\'',16,'Fred','Hudson',50,-25,1,'2017-07-30 04:00:00');

/*Table structure for table `taskactivity` */

DROP TABLE IF EXISTS `taskactivity`;

CREATE TABLE `taskactivity` (
  `TaskActivityID` int(10) unsigned NOT NULL AUTO_INCREMENT,
  `WorkflowActivityID` int(10) unsigned NOT NULL,
  `AssignmentID` int(10) unsigned NOT NULL,
  `Name` varchar(255) DEFAULT NULL,
  `Type` varchar(40) DEFAULT NULL,
  `FileUpload` json DEFAULT NULL,
  `DueType` json DEFAULT NULL,
  `StartDelay` int(10) unsigned DEFAULT NULL,
  `AtDUrationEnd` json DEFAULT NULL,
  `WhatIfLate` json DEFAULT NULL,
  `DisplayName` varchar(255) DEFAULT NULL,
  `Documentation` varchar(255) DEFAULT NULL,
  `OneOrSeparate` varchar(5) DEFAULT NULL,
  `AssigneeConstraints` json DEFAULT NULL,
  `Difficulty` blob,
  `SimpleGrade` varchar(20) DEFAULT NULL,
  `IsFinalGradingTask` tinyint(1) DEFAULT NULL,
  `Instructions` text,
  `Rubric` text,
  `Fields` json DEFAULT NULL,
  `AllowReflection` json DEFAULT NULL,
  `AllowRevision` tinyint(1) DEFAULT NULL,
  `AllowAssessment` varchar(255) DEFAULT NULL,
  `NumberParticipants` int(10) unsigned DEFAULT '1',
  `RefersToWhichTaskThreshold` json DEFAULT NULL,
  `FunctionType` varchar(255) DEFAULT NULL,
  `Function` text,
  `AllowDispute` tinyint(1) DEFAULT NULL,
  `LeadsToNewProblem` tinyint(1) DEFAULT NULL,
  `LeadsToNewSolution` tinyint(1) DEFAULT NULL,
  `VisualID` varchar(255) DEFAULT NULL,
  `VersionHistory` json DEFAULT NULL,
  `RefersToWhichTask` int(10) unsigned DEFAULT NULL,
  `TriggerCondition` json DEFAULT NULL,
  `PreviousTasks` json DEFAULT NULL,
  `NextTasks` json DEFAULT NULL,
  `MinimumDuration` int(10) unsigned DEFAULT NULL,
  `ViewAccessContraints` json DEFAULT NULL,
  `VersionEvaluation` varchar(255) DEFAULT NULL,
  `SeeSibblings` tinyint(1) DEFAULT NULL,
  `SeeSameActivity` tinyint(1) DEFAULT NULL,
  `AssignmentInstanceID` int(10) unsigned DEFAULT NULL,
  PRIMARY KEY (`TaskActivityID`),
  UNIQUE KEY `TaskActivityID` (`TaskActivityID`),
  UNIQUE KEY `TaskActivity_TaskActivityID_unique` (`TaskActivityID`),
  KEY `WorkflowActivityID` (`WorkflowActivityID`),
  KEY `AssignmentID` (`AssignmentID`),
  KEY `AssignmentInstanceID` (`AssignmentInstanceID`),
  CONSTRAINT `taskactivity_ibfk_1` FOREIGN KEY (`WorkflowActivityID`) REFERENCES `workflowactivity` (`WorkflowActivityID`) ON DELETE NO ACTION ON UPDATE CASCADE,
  CONSTRAINT `taskactivity_ibfk_2` FOREIGN KEY (`AssignmentID`) REFERENCES `assignment` (`AssignmentID`) ON DELETE NO ACTION ON UPDATE CASCADE,
  CONSTRAINT `taskactivity_ibfk_3` FOREIGN KEY (`AssignmentInstanceID`) REFERENCES `assignmentinstance` (`AssignmentInstanceID`) ON DELETE SET NULL ON UPDATE CASCADE
) ENGINE=InnoDB AUTO_INCREMENT=65 DEFAULT CHARSET=latin1;

/*Data for the table `taskactivity` */

insert  into `taskactivity`(`TaskActivityID`,`WorkflowActivityID`,`AssignmentID`,`Name`,`Type`,`FileUpload`,`DueType`,`StartDelay`,`AtDUrationEnd`,`WhatIfLate`,`DisplayName`,`Documentation`,`OneOrSeparate`,`AssigneeConstraints`,`Difficulty`,`SimpleGrade`,`IsFinalGradingTask`,`Instructions`,`Rubric`,`Fields`,`AllowReflection`,`AllowRevision`,`AllowAssessment`,`NumberParticipants`,`RefersToWhichTaskThreshold`,`FunctionType`,`Function`,`AllowDispute`,`LeadsToNewProblem`,`LeadsToNewSolution`,`VisualID`,`VersionHistory`,`RefersToWhichTask`,`TriggerCondition`,`PreviousTasks`,`NextTasks`,`MinimumDuration`,`ViewAccessContraints`,`VersionEvaluation`,`SeeSibblings`,`SeeSameActivity`,`AssignmentInstanceID`) values 
(1,1,1,'Create Problem','create_problem','{\"optional\": 0, \"mandatory\": 0}','[\"duration\", 4320]',0,'\"late\"','\"keep_same_participant\"','Create Problem','','0','[\"student\", \"individual\", {}]',NULL,'none',0,'Create a new problem for another student to solve.','','{\"0\": {\"title\": \"Problem 1\", \"rubric\": \"\", \"field_type\": \"text\", \"rating_max\": 5, \"show_title\": false, \"numeric_max\": 40, \"numeric_min\": 0, \"instructions\": \"\", \"list_of_labels\": [\"Easy\", \"Medium\", null], \"assessment_type\": null, \"default_content\": [\"\", \"\"], \"default_refers_to\": [null, null], \"requires_justification\": false, \"justification_instructions\": \"\"}, \"1\": {\"title\": \"Explanation\", \"rubric\": \"\", \"field_type\": \"text\", \"rating_max\": 5, \"show_title\": true, \"numeric_max\": 40, \"numeric_min\": 0, \"instructions\": \"Enter an explanation of the edits you have made.\", \"list_of_labels\": [\"Easy\", \"Medium\", null], \"assessment_type\": null, \"default_content\": [\"\", \"\"], \"default_refers_to\": [null, null], \"requires_justification\": false, \"justification_instructions\": \"\"}, \"field_titles\": [\"Problem 1\", \"Explanation\"], \"number_of_fields\": 2}','[\"edit\", \"don\'t wait\"]',0,'none',1,'[]','max',NULL,0,0,1,NULL,NULL,NULL,NULL,NULL,NULL,NULL,NULL,'last',0,1,NULL),
(2,1,1,'Edit Create Problem','edit','{\"optional\": 0, \"mandatory\": 0}','[\"duration\", 4320]',0,'\"late\"','\"keep_same_participant\"','Edit Create Problem','','0','[\"instructor\", \"individual\", {\"not\": [1], \"not_in_workflow_instance\": []}]',NULL,'none',0,'Edit the problem to ensure that it makes sense.','','{\"0\": {\"title\": \"Problem 1\", \"rubric\": \"\", \"field_type\": \"text\", \"rating_max\": 5, \"show_title\": false, \"numeric_max\": 40, \"numeric_min\": 0, \"instructions\": \"\", \"list_of_labels\": [\"Easy\", \"Medium\", null], \"assessment_type\": null, \"default_content\": [\"\", \"\"], \"default_refers_to\": [null, null], \"requires_justification\": false, \"justification_instructions\": \"\"}, \"1\": {\"title\": \"Explanation\", \"rubric\": \"\", \"field_type\": \"text\", \"rating_max\": 5, \"show_title\": true, \"numeric_max\": 40, \"numeric_min\": 0, \"instructions\": \"Enter an explanation of the edits you have made.\", \"list_of_labels\": [\"Easy\", \"Medium\", null], \"assessment_type\": null, \"default_content\": [\"\", \"\"], \"default_refers_to\": [null, null], \"requires_justification\": false, \"justification_instructions\": \"\"}, \"field_titles\": [\"Problem 1\", \"Explanation\"], \"number_of_fields\": 2}','[\"none\", \"don\'t wait\"]',0,'none',1,'[]','max',NULL,0,0,0,NULL,NULL,NULL,NULL,NULL,NULL,NULL,NULL,'whole',0,1,NULL),
(3,1,1,'Solve Create Problem','solve_problem','{\"optional\": 0, \"mandatory\": 0}','[\"duration\", 4320]',0,'\"late\"','\"keep_same_participant\"','Solve Create Problem','','0','[\"student\", \"individual\", {\"not\": [1, 2]}]',NULL,'none',0,'Solve the problem.','','{\"0\": {\"title\": \"Solution\", \"rubric\": \"\", \"field_type\": \"text\", \"rating_max\": 5, \"show_title\": false, \"numeric_max\": 40, \"numeric_min\": 0, \"instructions\": \"\", \"list_of_labels\": [\"Easy\", \"Medium\", null], \"assessment_type\": null, \"default_content\": [\"\", \"\"], \"default_refers_to\": [null, null], \"requires_justification\": false, \"justification_instructions\": \"\"}, \"field_titles\": [\"Solution\"], \"number_of_fields\": 1}','[\"none\", \"don\'t wait\"]',0,'grade',1,'[]','max',NULL,0,0,0,NULL,NULL,NULL,NULL,NULL,NULL,NULL,NULL,'last',0,1,NULL),
(4,1,1,'Grade Solve Create Problem','grade_problem','{\"optional\": 0, \"mandatory\": 0}','[\"duration\", 4320]',0,'\"late\"','\"keep_same_participant\"','Grade Solve Create Problem','','0','[\"student\", \"individual\", {\"not\": [1], \"same_as\": [1]}]',NULL,'none',1,'','','{\"0\": {\"title\": \"Correctness\", \"rubric\": \"\", \"field_type\": \"assessment\", \"rating_max\": 5, \"show_title\": true, \"numeric_max\": 50, \"numeric_min\": 0, \"instructions\": \"Grade the solution on how correct it is.\", \"list_of_labels\": [\"Easy\", \"Medium\", null], \"assessment_type\": \"grade\", \"default_content\": [\"\", \"\"], \"default_refers_to\": [null, null], \"requires_justification\": true, \"justification_instructions\": \"\"}, \"1\": {\"title\": \"Completeness\", \"rubric\": \"\", \"field_type\": \"assessment\", \"rating_max\": 5, \"show_title\": true, \"numeric_max\": 50, \"numeric_min\": 0, \"instructions\": \"Grade the solution on whether you feel it completely answered the problem.\", \"list_of_labels\": [\"Easy\", \"Medium\", null], \"assessment_type\": \"grade\", \"default_content\": [\"\", \"\"], \"default_refers_to\": [null, null], \"requires_justification\": true, \"justification_instructions\": \"\"}, \"2\": {\"title\": \"Justification\", \"rubric\": \"\", \"field_type\": \"text\", \"rating_max\": 5, \"show_title\": false, \"numeric_max\": 40, \"numeric_min\": 0, \"instructions\": \"Explain why the other evaluators were incorrect and why you are correct instead.\", \"list_of_labels\": [\"Easy\", \"Medium\", null], \"assessment_type\": null, \"default_content\": [\"\", \"\"], \"default_refers_to\": [null, null], \"requires_justification\": false, \"justification_instructions\": \"\"}, \"field_titles\": [\"Correctness\", \"Completeness\", \"Justification\"], \"number_of_fields\": 3}','[\"none\", \"don\'t wait\"]',0,'none',2,'[]','max',NULL,1,0,0,NULL,NULL,NULL,NULL,NULL,NULL,NULL,NULL,'first',0,1,NULL),
(5,1,1,'Needs Consolidation of Grade Solve Create Problem','needs_consolidation','{\"optional\": 0, \"mandatory\": 0}','[\"duration\", 4320]',0,'\"late\"','\"keep_same_participant\"','Needs Consolidation of Grade Solve Create Problem','','0','[\"student\", \"individual\", {\"same_as\": [3]}]',NULL,'none',0,'','',NULL,'[\"none\", \"don\'t wait\"]',0,'none',1,'[15, \"percent\"]','max',NULL,0,0,0,NULL,NULL,NULL,NULL,NULL,NULL,NULL,NULL,'first',0,1,NULL),
(6,1,1,'Consolidate Grade Solve Create Problem','consolidation','{\"optional\": 0, \"mandatory\": 0}','[\"duration\", 4320]',0,'\"late\"','\"keep_same_participant\"','Consolidate Grade Solve Create Problem','','0','[\"student\", \"individual\", {\"not\": [3, 1, 4]}]',NULL,'none',1,'Consolidate the prior set of opinions into a single, fair representation.','','{\"0\": {\"title\": \"Correctness\", \"rubric\": \"\", \"field_type\": \"assessment\", \"rating_max\": 5, \"show_title\": true, \"numeric_max\": 50, \"numeric_min\": 0, \"instructions\": \"Grade the solution on how correct it is.\", \"list_of_labels\": [\"Easy\", \"Medium\", null], \"assessment_type\": \"grade\", \"default_content\": [\"\", \"\"], \"default_refers_to\": [null, null], \"requires_justification\": true, \"justification_instructions\": \"\"}, \"1\": {\"title\": \"Completeness\", \"rubric\": \"\", \"field_type\": \"assessment\", \"rating_max\": 5, \"show_title\": true, \"numeric_max\": 50, \"numeric_min\": 0, \"instructions\": \"Grade the solution on whether you feel it completely answered the problem.\", \"list_of_labels\": [\"Easy\", \"Medium\", null], \"assessment_type\": \"grade\", \"default_content\": [\"\", \"\"], \"default_refers_to\": [null, null], \"requires_justification\": true, \"justification_instructions\": \"\"}, \"2\": {\"title\": \"Justification\", \"rubric\": \"\", \"field_type\": \"text\", \"rating_max\": 5, \"show_title\": false, \"numeric_max\": 40, \"numeric_min\": 0, \"instructions\": \"Explain why the other evaluators were incorrect and why you are correct instead.\", \"list_of_labels\": [\"Easy\", \"Medium\", null], \"assessment_type\": null, \"default_content\": [\"\", \"\"], \"default_refers_to\": [null, null], \"requires_justification\": false, \"justification_instructions\": \"\"}, \"field_titles\": [\"Correctness\", \"Completeness\", \"Justification\"], \"number_of_fields\": 3}','[\"none\", \"don\'t wait\"]',0,'none',1,'[]','max',NULL,0,0,0,NULL,NULL,NULL,NULL,NULL,NULL,NULL,NULL,'first',0,1,NULL),
(7,1,1,'Dispute of  Grade Solve Create Problem','dispute','{\"optional\": 0, \"mandatory\": 0}','[\"duration\", 4320]',0,'\"resolved\"',NULL,'Dispute of  Grade Solve Create Problem','','0','[\"student\", \"individual\", {\"same_as\": [3]}]',NULL,'none',0,'Decide whether to dispute your grade or not. If you do, you must justify your grades.','','{\"0\": {\"title\": \"Correctness\", \"rubric\": \"\", \"field_type\": \"assessment\", \"rating_max\": 5, \"show_title\": true, \"numeric_max\": 50, \"numeric_min\": 0, \"instructions\": \"Grade the solution on how correct it is.\", \"list_of_labels\": [\"Easy\", \"Medium\", null], \"assessment_type\": \"grade\", \"default_content\": [\"\", \"\"], \"default_refers_to\": [null, null], \"requires_justification\": true, \"justification_instructions\": \"\"}, \"1\": {\"title\": \"Completeness\", \"rubric\": \"\", \"field_type\": \"assessment\", \"rating_max\": 5, \"show_title\": true, \"numeric_max\": 50, \"numeric_min\": 0, \"instructions\": \"Grade the solution on whether you feel it completely answered the problem.\", \"list_of_labels\": [\"Easy\", \"Medium\", null], \"assessment_type\": \"grade\", \"default_content\": [\"\", \"\"], \"default_refers_to\": [null, null], \"requires_justification\": true, \"justification_instructions\": \"\"}, \"2\": {\"title\": \"Justification\", \"rubric\": \"\", \"field_type\": \"text\", \"rating_max\": 5, \"show_title\": false, \"numeric_max\": 40, \"numeric_min\": 0, \"instructions\": \"Explain why the other evaluators were incorrect and why you are correct instead.\", \"list_of_labels\": [\"Easy\", \"Medium\", null], \"assessment_type\": null, \"default_content\": [\"\", \"\"], \"default_refers_to\": [null, null], \"requires_justification\": false, \"justification_instructions\": \"\"}, \"field_titles\": [\"Correctness\", \"Completeness\", \"Justification\"], \"number_of_fields\": 3}','[\"none\", \"don\'t wait\"]',0,'none',1,'[]','max',NULL,0,0,0,NULL,NULL,NULL,NULL,NULL,NULL,NULL,NULL,'first',0,1,NULL),
(8,1,1,'Resolve Dispute of Grade Solve Create Problem','resolve_dispute','{\"optional\": 0, \"mandatory\": 0}','[\"duration\", 4320]',0,'\"late\"','\"keep_same_participant\"','Resolve Dispute of Grade Solve Create Problem','','0','[\"instructor\", \"individual\", {\"not\": [3, 7]}]',NULL,'none',1,'Resolve the dispute by evaluating it yourself. (You may consider all the other participant’s evaluations.)','','{\"0\": {\"title\": \"Correctness\", \"rubric\": \"\", \"field_type\": \"assessment\", \"rating_max\": 5, \"show_title\": true, \"numeric_max\": 50, \"numeric_min\": 0, \"instructions\": \"Grade the solution on how correct it is.\", \"list_of_labels\": [\"Easy\", \"Medium\", null], \"assessment_type\": \"grade\", \"default_content\": [\"\", \"\"], \"default_refers_to\": [null, null], \"requires_justification\": true, \"justification_instructions\": \"\"}, \"1\": {\"title\": \"Completeness\", \"rubric\": \"\", \"field_type\": \"assessment\", \"rating_max\": 5, \"show_title\": true, \"numeric_max\": 50, \"numeric_min\": 0, \"instructions\": \"Grade the solution on whether you feel it completely answered the problem.\", \"list_of_labels\": [\"Easy\", \"Medium\", null], \"assessment_type\": \"grade\", \"default_content\": [\"\", \"\"], \"default_refers_to\": [null, null], \"requires_justification\": true, \"justification_instructions\": \"\"}, \"2\": {\"title\": \"Justification\", \"rubric\": \"\", \"field_type\": \"text\", \"rating_max\": 5, \"show_title\": false, \"numeric_max\": 40, \"numeric_min\": 0, \"instructions\": \"Explain why the other evaluators were incorrect and why you are correct instead.\", \"list_of_labels\": [\"Easy\", \"Medium\", null], \"assessment_type\": null, \"default_content\": [\"\", \"\"], \"default_refers_to\": [null, null], \"requires_justification\": false, \"justification_instructions\": \"\"}, \"field_titles\": [\"Correctness\", \"Completeness\", \"Justification\"], \"number_of_fields\": 3}','[\"none\", \"don\'t wait\"]',0,'none',1,'[]','max',NULL,0,0,0,NULL,NULL,NULL,NULL,NULL,NULL,NULL,NULL,'first',0,1,NULL),
(9,2,3,'Create Problem','create_problem','{\"optional\": 0, \"mandatory\": 0}','[\"duration\", 4320]',0,'\"late\"','\"keep_same_participant\"','This is a grate problem here','','0','[\"student\", \"individual\", {}]',NULL,'none',0,'Create a new problem for another student to solve.','','{\"0\": {\"title\": \"Problem 1\", \"rubric\": \"\", \"field_type\": \"text\", \"rating_max\": 5, \"show_title\": false, \"numeric_max\": 40, \"numeric_min\": 0, \"instructions\": \"\", \"list_of_labels\": [\"Easy\", \"Medium\", null], \"assessment_type\": null, \"default_content\": [\"\", \"\"], \"default_refers_to\": [null, null], \"requires_justification\": false, \"justification_instructions\": \"\"}, \"1\": {\"title\": \"Explanation\", \"rubric\": \"\", \"field_type\": \"text\", \"rating_max\": 5, \"show_title\": true, \"numeric_max\": 40, \"numeric_min\": 0, \"instructions\": \"Enter an explanation of the edits you have made.\", \"list_of_labels\": [\"Easy\", \"Medium\", null], \"assessment_type\": null, \"default_content\": [\"\", \"\"], \"default_refers_to\": [null, null], \"requires_justification\": false, \"justification_instructions\": \"\"}, \"field_titles\": [\"Problem 1\", \"Explanation\"], \"number_of_fields\": 2}','[\"edit\", \"don\'t wait\"]',0,'none',1,'[]','max',NULL,0,0,1,NULL,NULL,NULL,NULL,NULL,NULL,NULL,NULL,'last',0,1,NULL),
(10,2,3,'Edit Create Problem','edit','{\"optional\": 0, \"mandatory\": 0}','[\"duration\", 4320]',0,'\"late\"','\"keep_same_participant\"','Edit This is a grate problem here','','0','[\"instructor\", \"individual\", {\"not\": [9], \"not_in_workflow_instance\": []}]',NULL,'none',0,'Edit the problem to ensure that it makes sense.','','{\"0\": {\"title\": \"Problem 1\", \"rubric\": \"\", \"field_type\": \"text\", \"rating_max\": 5, \"show_title\": false, \"numeric_max\": 40, \"numeric_min\": 0, \"instructions\": \"\", \"list_of_labels\": [\"Easy\", \"Medium\", null], \"assessment_type\": null, \"default_content\": [\"\", \"\"], \"default_refers_to\": [null, null], \"requires_justification\": false, \"justification_instructions\": \"\"}, \"1\": {\"title\": \"Explanation\", \"rubric\": \"\", \"field_type\": \"text\", \"rating_max\": 5, \"show_title\": true, \"numeric_max\": 40, \"numeric_min\": 0, \"instructions\": \"Enter an explanation of the edits you have made.\", \"list_of_labels\": [\"Easy\", \"Medium\", null], \"assessment_type\": null, \"default_content\": [\"\", \"\"], \"default_refers_to\": [null, null], \"requires_justification\": false, \"justification_instructions\": \"\"}, \"field_titles\": [\"Problem 1\", \"Explanation\"], \"number_of_fields\": 2}','[\"none\", \"don\'t wait\"]',0,'none',1,'[]','max',NULL,0,0,0,NULL,NULL,NULL,NULL,NULL,NULL,NULL,NULL,'whole',0,1,NULL),
(11,2,3,'Solve Create Problem','solve_problem','{\"optional\": 0, \"mandatory\": 0}','[\"duration\", 4320]',0,'\"late\"','\"keep_same_participant\"','Solve This is a grate problem here','','0','[\"student\", \"individual\", {\"not\": [9, 10]}]',NULL,'none',0,'Solve the problem.','','{\"0\": {\"title\": \"Solution\", \"rubric\": \"\", \"field_type\": \"text\", \"rating_max\": 5, \"show_title\": false, \"numeric_max\": 40, \"numeric_min\": 0, \"instructions\": \"\", \"list_of_labels\": [\"Easy\", \"Medium\", null], \"assessment_type\": null, \"default_content\": [\"\", \"\"], \"default_refers_to\": [null, null], \"requires_justification\": false, \"justification_instructions\": \"\"}, \"field_titles\": [\"Solution\"], \"number_of_fields\": 1}','[\"none\", \"don\'t wait\"]',0,'grade',1,'[]','max',NULL,0,0,0,NULL,NULL,NULL,NULL,NULL,NULL,NULL,NULL,'last',0,1,NULL),
(12,2,3,'Grade Solve Create Problem','grade_problem','{\"optional\": 0, \"mandatory\": 0}','[\"duration\", 4320]',0,'\"late\"','\"keep_same_participant\"','Grade Solve This is a grate problem here','','0','[\"student\", \"individual\", {\"not\": [9], \"same_as\": [9]}]',NULL,'none',1,'','','{\"0\": {\"title\": \"Correctness\", \"rubric\": \"\", \"field_type\": \"assessment\", \"rating_max\": 5, \"show_title\": true, \"numeric_max\": 50, \"numeric_min\": 0, \"instructions\": \"Grade the solution on how correct it is.\", \"list_of_labels\": [\"Easy\", \"Medium\", null], \"assessment_type\": \"grade\", \"default_content\": [\"\", \"\"], \"default_refers_to\": [null, null], \"requires_justification\": true, \"justification_instructions\": \"\"}, \"1\": {\"title\": \"Completeness\", \"rubric\": \"\", \"field_type\": \"assessment\", \"rating_max\": 5, \"show_title\": true, \"numeric_max\": 50, \"numeric_min\": 0, \"instructions\": \"Grade the solution on whether you feel it completely answered the problem.\", \"list_of_labels\": [\"Easy\", \"Medium\", null], \"assessment_type\": \"grade\", \"default_content\": [\"\", \"\"], \"default_refers_to\": [null, null], \"requires_justification\": true, \"justification_instructions\": \"\"}, \"2\": {\"title\": \"Justification\", \"rubric\": \"\", \"field_type\": \"text\", \"rating_max\": 5, \"show_title\": false, \"numeric_max\": 40, \"numeric_min\": 0, \"instructions\": \"Explain why the other evaluators were incorrect and why you are correct instead.\", \"list_of_labels\": [\"Easy\", \"Medium\", null], \"assessment_type\": null, \"default_content\": [\"\", \"\"], \"default_refers_to\": [null, null], \"requires_justification\": false, \"justification_instructions\": \"\"}, \"field_titles\": [\"Correctness\", \"Completeness\", \"Justification\"], \"number_of_fields\": 3}','[\"none\", \"don\'t wait\"]',0,'none',2,'[]','max',NULL,1,0,0,NULL,NULL,NULL,NULL,NULL,NULL,NULL,NULL,'first',0,1,NULL),
(13,2,3,'Needs Consolidation of Grade Solve Create Problem','needs_consolidation','{\"optional\": 0, \"mandatory\": 0}','[\"duration\", 4320]',0,'\"late\"','\"keep_same_participant\"',' Grade Solve This is a grate problem here','','0','[\"student\", \"individual\", {\"same_as\": [11]}]',NULL,'none',0,'','',NULL,'[\"none\", \"don\'t wait\"]',0,'none',1,'[15, \"percent\"]','max',NULL,0,0,0,NULL,NULL,NULL,NULL,NULL,NULL,NULL,NULL,'first',0,1,NULL),
(14,2,3,'Consolidate Grade Solve Create Problem','consolidation','{\"optional\": 0, \"mandatory\": 0}','[\"duration\", 4320]',0,'\"late\"','\"keep_same_participant\"','Consolidate  Grade Solve This is a grate problem here','','0','[\"student\", \"individual\", {\"not\": [11, 9, 12]}]',NULL,'none',1,'Consolidate the prior set of opinions into a single, fair representation.','','{\"0\": {\"title\": \"Correctness\", \"rubric\": \"\", \"field_type\": \"assessment\", \"rating_max\": 5, \"show_title\": true, \"numeric_max\": 50, \"numeric_min\": 0, \"instructions\": \"Grade the solution on how correct it is.\", \"list_of_labels\": [\"Easy\", \"Medium\", null], \"assessment_type\": \"grade\", \"default_content\": [\"\", \"\"], \"default_refers_to\": [null, null], \"requires_justification\": true, \"justification_instructions\": \"\"}, \"1\": {\"title\": \"Completeness\", \"rubric\": \"\", \"field_type\": \"assessment\", \"rating_max\": 5, \"show_title\": true, \"numeric_max\": 50, \"numeric_min\": 0, \"instructions\": \"Grade the solution on whether you feel it completely answered the problem.\", \"list_of_labels\": [\"Easy\", \"Medium\", null], \"assessment_type\": \"grade\", \"default_content\": [\"\", \"\"], \"default_refers_to\": [null, null], \"requires_justification\": true, \"justification_instructions\": \"\"}, \"2\": {\"title\": \"Justification\", \"rubric\": \"\", \"field_type\": \"text\", \"rating_max\": 5, \"show_title\": false, \"numeric_max\": 40, \"numeric_min\": 0, \"instructions\": \"Explain why the other evaluators were incorrect and why you are correct instead.\", \"list_of_labels\": [\"Easy\", \"Medium\", null], \"assessment_type\": null, \"default_content\": [\"\", \"\"], \"default_refers_to\": [null, null], \"requires_justification\": false, \"justification_instructions\": \"\"}, \"field_titles\": [\"Correctness\", \"Completeness\", \"Justification\"], \"number_of_fields\": 3}','[\"none\", \"don\'t wait\"]',0,'none',1,'[]','max',NULL,0,0,0,NULL,NULL,NULL,NULL,NULL,NULL,NULL,NULL,'first',0,1,NULL),
(15,2,3,'Dispute of  Grade Solve Create Problem','dispute','{\"optional\": 0, \"mandatory\": 0}','[\"duration\", 4320]',0,'\"resolved\"',NULL,'Dispute of Consolidate  Grade Solve This is a grate problem here','','0','[\"student\", \"individual\", {\"same_as\": [11]}]',NULL,'none',0,'Decide whether to dispute your grade or not. If you do, you must justify your grades.','','{\"0\": {\"title\": \"Correctness\", \"rubric\": \"\", \"field_type\": \"assessment\", \"rating_max\": 5, \"show_title\": true, \"numeric_max\": 50, \"numeric_min\": 0, \"instructions\": \"Grade the solution on how correct it is.\", \"list_of_labels\": [\"Easy\", \"Medium\", null], \"assessment_type\": \"grade\", \"default_content\": [\"\", \"\"], \"default_refers_to\": [null, null], \"requires_justification\": true, \"justification_instructions\": \"\"}, \"1\": {\"title\": \"Completeness\", \"rubric\": \"\", \"field_type\": \"assessment\", \"rating_max\": 5, \"show_title\": true, \"numeric_max\": 50, \"numeric_min\": 0, \"instructions\": \"Grade the solution on whether you feel it completely answered the problem.\", \"list_of_labels\": [\"Easy\", \"Medium\", null], \"assessment_type\": \"grade\", \"default_content\": [\"\", \"\"], \"default_refers_to\": [null, null], \"requires_justification\": true, \"justification_instructions\": \"\"}, \"2\": {\"title\": \"Justification\", \"rubric\": \"\", \"field_type\": \"text\", \"rating_max\": 5, \"show_title\": false, \"numeric_max\": 40, \"numeric_min\": 0, \"instructions\": \"Explain why the other evaluators were incorrect and why you are correct instead.\", \"list_of_labels\": [\"Easy\", \"Medium\", null], \"assessment_type\": null, \"default_content\": [\"\", \"\"], \"default_refers_to\": [null, null], \"requires_justification\": false, \"justification_instructions\": \"\"}, \"field_titles\": [\"Correctness\", \"Completeness\", \"Justification\"], \"number_of_fields\": 3}','[\"none\", \"don\'t wait\"]',0,'none',1,'[]','max',NULL,0,0,0,NULL,NULL,NULL,NULL,NULL,NULL,NULL,NULL,'first',0,1,NULL),
(16,2,3,'Resolve Dispute of Grade Solve Create Problem','resolve_dispute','{\"optional\": 0, \"mandatory\": 0}','[\"duration\", 4320]',0,'\"late\"','\"keep_same_participant\"','Resolve Dispute of Consolidate  Grade Solve This is a grate problem here','','0','[\"instructor\", \"individual\", {\"not\": [11, 15]}]',NULL,'none',1,'Resolve the dispute by evaluating it yourself. (You may consider all the other participant’s evaluations.)','','{\"0\": {\"title\": \"Correctness\", \"rubric\": \"\", \"field_type\": \"assessment\", \"rating_max\": 5, \"show_title\": true, \"numeric_max\": 50, \"numeric_min\": 0, \"instructions\": \"Grade the solution on how correct it is.\", \"list_of_labels\": [\"Easy\", \"Medium\", null], \"assessment_type\": \"grade\", \"default_content\": [\"\", \"\"], \"default_refers_to\": [null, null], \"requires_justification\": true, \"justification_instructions\": \"\"}, \"1\": {\"title\": \"Completeness\", \"rubric\": \"\", \"field_type\": \"assessment\", \"rating_max\": 5, \"show_title\": true, \"numeric_max\": 50, \"numeric_min\": 0, \"instructions\": \"Grade the solution on whether you feel it completely answered the problem.\", \"list_of_labels\": [\"Easy\", \"Medium\", null], \"assessment_type\": \"grade\", \"default_content\": [\"\", \"\"], \"default_refers_to\": [null, null], \"requires_justification\": true, \"justification_instructions\": \"\"}, \"2\": {\"title\": \"Justification\", \"rubric\": \"\", \"field_type\": \"text\", \"rating_max\": 5, \"show_title\": false, \"numeric_max\": 40, \"numeric_min\": 0, \"instructions\": \"Explain why the other evaluators were incorrect and why you are correct instead.\", \"list_of_labels\": [\"Easy\", \"Medium\", null], \"assessment_type\": null, \"default_content\": [\"\", \"\"], \"default_refers_to\": [null, null], \"requires_justification\": false, \"justification_instructions\": \"\"}, \"field_titles\": [\"Correctness\", \"Completeness\", \"Justification\"], \"number_of_fields\": 3}','[\"none\", \"don\'t wait\"]',0,'none',1,'[]','max',NULL,0,0,0,NULL,NULL,NULL,NULL,NULL,NULL,NULL,NULL,'first',0,1,NULL),
(17,3,4,'Create Problem','create_problem','{\"optional\": 0, \"mandatory\": 0}','[\"duration\", 4320]',0,'\"late\"','\"keep_same_participant\"','Test Assgnment 1','','0','[\"student\", \"individual\", {}]',NULL,'none',0,'Create a new problem for another student to solve.','','{\"0\": {\"title\": \"Problem 1\", \"rubric\": \"\", \"field_type\": \"text\", \"rating_max\": 5, \"show_title\": false, \"numeric_max\": 40, \"numeric_min\": 0, \"instructions\": \"\", \"list_of_labels\": [\"Easy\", \"Medium\", null], \"assessment_type\": null, \"default_content\": [\"\", \"\"], \"default_refers_to\": [null, null], \"requires_justification\": false, \"justification_instructions\": \"\"}, \"1\": {\"title\": \"Explanation\", \"rubric\": \"\", \"field_type\": \"text\", \"rating_max\": 5, \"show_title\": true, \"numeric_max\": 40, \"numeric_min\": 0, \"instructions\": \"Enter an explanation of the edits you have made.\", \"list_of_labels\": [\"Easy\", \"Medium\", null], \"assessment_type\": null, \"default_content\": [\"\", \"\"], \"default_refers_to\": [null, null], \"requires_justification\": false, \"justification_instructions\": \"\"}, \"field_titles\": [\"Problem 1\", \"Explanation\"], \"number_of_fields\": 2}','[\"edit\", \"don\'t wait\"]',0,'none',1,'[]','max',NULL,0,0,1,NULL,NULL,NULL,NULL,NULL,NULL,NULL,NULL,'last',0,1,NULL),
(18,3,4,'Edit Create Problem','edit','{\"optional\": 0, \"mandatory\": 0}','[\"duration\", 4320]',0,'\"late\"','\"keep_same_participant\"','Edit Test Assgnment 1','','0','[\"instructor\", \"individual\", {\"not\": [17], \"not_in_workflow_instance\": []}]',NULL,'none',0,'Edit the problem to ensure that it makes sense.','','{\"0\": {\"title\": \"Problem 1\", \"rubric\": \"\", \"field_type\": \"text\", \"rating_max\": 5, \"show_title\": false, \"numeric_max\": 40, \"numeric_min\": 0, \"instructions\": \"\", \"list_of_labels\": [\"Easy\", \"Medium\", null], \"assessment_type\": null, \"default_content\": [\"\", \"\"], \"default_refers_to\": [null, null], \"requires_justification\": false, \"justification_instructions\": \"\"}, \"1\": {\"title\": \"Explanation\", \"rubric\": \"\", \"field_type\": \"text\", \"rating_max\": 5, \"show_title\": true, \"numeric_max\": 40, \"numeric_min\": 0, \"instructions\": \"Enter an explanation of the edits you have made.\", \"list_of_labels\": [\"Easy\", \"Medium\", null], \"assessment_type\": null, \"default_content\": [\"\", \"\"], \"default_refers_to\": [null, null], \"requires_justification\": false, \"justification_instructions\": \"\"}, \"field_titles\": [\"Problem 1\", \"Explanation\"], \"number_of_fields\": 2}','[\"none\", \"don\'t wait\"]',0,'none',1,'[]','max',NULL,0,0,0,NULL,NULL,NULL,NULL,NULL,NULL,NULL,NULL,'whole',0,1,NULL),
(19,3,4,'Solve Create Problem','solve_problem','{\"optional\": 0, \"mandatory\": 0}','[\"duration\", 4320]',0,'\"late\"','\"keep_same_participant\"','Solve Test Assgnment 1','','0','[\"student\", \"individual\", {\"not\": [17, 18]}]',NULL,'none',0,'Solve the problem.','','{\"0\": {\"title\": \"Solution\", \"rubric\": \"\", \"field_type\": \"text\", \"rating_max\": 5, \"show_title\": false, \"numeric_max\": 40, \"numeric_min\": 0, \"instructions\": \"\", \"list_of_labels\": [\"Easy\", \"Medium\", null], \"assessment_type\": null, \"default_content\": [\"\", \"\"], \"default_refers_to\": [null, null], \"requires_justification\": false, \"justification_instructions\": \"\"}, \"field_titles\": [\"Solution\"], \"number_of_fields\": 1}','[\"none\", \"don\'t wait\"]',0,'grade',1,'[]','max',NULL,0,0,0,NULL,NULL,NULL,NULL,NULL,NULL,NULL,NULL,'last',0,1,NULL),
(20,3,4,'Grade Solve Create Problem','grade_problem','{\"optional\": 0, \"mandatory\": 0}','[\"duration\", 4320]',0,'\"late\"','\"keep_same_participant\"','Grade Solve Test Assgnment 1','','0','[\"student\", \"individual\", {\"not\": [17], \"same_as\": [17]}]',NULL,'none',1,'','','{\"0\": {\"title\": \"Correctness\", \"rubric\": \"\", \"field_type\": \"assessment\", \"rating_max\": 5, \"show_title\": true, \"numeric_max\": 50, \"numeric_min\": 0, \"instructions\": \"Grade the solution on how correct it is.\", \"list_of_labels\": [\"Easy\", \"Medium\", null], \"assessment_type\": \"grade\", \"default_content\": [\"\", \"\"], \"default_refers_to\": [null, null], \"requires_justification\": true, \"justification_instructions\": \"\"}, \"1\": {\"title\": \"Completeness\", \"rubric\": \"\", \"field_type\": \"assessment\", \"rating_max\": 5, \"show_title\": true, \"numeric_max\": 50, \"numeric_min\": 0, \"instructions\": \"Grade the solution on whether you feel it completely answered the problem.\", \"list_of_labels\": [\"Easy\", \"Medium\", null], \"assessment_type\": \"grade\", \"default_content\": [\"\", \"\"], \"default_refers_to\": [null, null], \"requires_justification\": true, \"justification_instructions\": \"\"}, \"2\": {\"title\": \"Justification\", \"rubric\": \"\", \"field_type\": \"text\", \"rating_max\": 5, \"show_title\": false, \"numeric_max\": 40, \"numeric_min\": 0, \"instructions\": \"Explain why the other evaluators were incorrect and why you are correct instead.\", \"list_of_labels\": [\"Easy\", \"Medium\", null], \"assessment_type\": null, \"default_content\": [\"\", \"\"], \"default_refers_to\": [null, null], \"requires_justification\": false, \"justification_instructions\": \"\"}, \"field_titles\": [\"Correctness\", \"Completeness\", \"Justification\"], \"number_of_fields\": 3}','[\"none\", \"don\'t wait\"]',0,'none',2,'[]','max',NULL,1,0,0,NULL,NULL,NULL,NULL,NULL,NULL,NULL,NULL,'first',0,1,NULL),
(21,3,4,'Needs Consolidation of Grade Solve Create Problem','needs_consolidation','{\"optional\": 0, \"mandatory\": 0}','[\"duration\", 4320]',0,'\"late\"','\"keep_same_participant\"',' Grade Solve Test Assgnment 1','','0','[\"student\", \"individual\", {\"same_as\": [19]}]',NULL,'none',0,'','',NULL,'[\"none\", \"don\'t wait\"]',0,'none',1,'[15, \"percent\"]','max',NULL,0,0,0,NULL,NULL,NULL,NULL,NULL,NULL,NULL,NULL,'first',0,1,NULL),
(22,3,4,'Consolidate Grade Solve Create Problem','consolidation','{\"optional\": 0, \"mandatory\": 0}','[\"duration\", 4320]',0,'\"late\"','\"keep_same_participant\"','Consolidate  Grade Solve Test Assgnment 1','','0','[\"student\", \"individual\", {\"not\": [19, 17, 20]}]',NULL,'none',1,'Consolidate the prior set of opinions into a single, fair representation.','','{\"0\": {\"title\": \"Correctness\", \"rubric\": \"\", \"field_type\": \"assessment\", \"rating_max\": 5, \"show_title\": true, \"numeric_max\": 50, \"numeric_min\": 0, \"instructions\": \"Grade the solution on how correct it is.\", \"list_of_labels\": [\"Easy\", \"Medium\", null], \"assessment_type\": \"grade\", \"default_content\": [\"\", \"\"], \"default_refers_to\": [null, null], \"requires_justification\": true, \"justification_instructions\": \"\"}, \"1\": {\"title\": \"Completeness\", \"rubric\": \"\", \"field_type\": \"assessment\", \"rating_max\": 5, \"show_title\": true, \"numeric_max\": 50, \"numeric_min\": 0, \"instructions\": \"Grade the solution on whether you feel it completely answered the problem.\", \"list_of_labels\": [\"Easy\", \"Medium\", null], \"assessment_type\": \"grade\", \"default_content\": [\"\", \"\"], \"default_refers_to\": [null, null], \"requires_justification\": true, \"justification_instructions\": \"\"}, \"2\": {\"title\": \"Justification\", \"rubric\": \"\", \"field_type\": \"text\", \"rating_max\": 5, \"show_title\": false, \"numeric_max\": 40, \"numeric_min\": 0, \"instructions\": \"Explain why the other evaluators were incorrect and why you are correct instead.\", \"list_of_labels\": [\"Easy\", \"Medium\", null], \"assessment_type\": null, \"default_content\": [\"\", \"\"], \"default_refers_to\": [null, null], \"requires_justification\": false, \"justification_instructions\": \"\"}, \"field_titles\": [\"Correctness\", \"Completeness\", \"Justification\"], \"number_of_fields\": 3}','[\"none\", \"don\'t wait\"]',0,'none',1,'[]','max',NULL,0,0,0,NULL,NULL,NULL,NULL,NULL,NULL,NULL,NULL,'first',0,1,NULL),
(23,3,4,'Dispute of  Grade Solve Create Problem','dispute','{\"optional\": 0, \"mandatory\": 0}','[\"duration\", 4320]',0,'\"resolved\"',NULL,'Dispute of Consolidate  Grade Solve Test Assgnment 1','','0','[\"student\", \"individual\", {\"same_as\": [19]}]',NULL,'none',0,'Decide whether to dispute your grade or not. If you do, you must justify your grades.','','{\"0\": {\"title\": \"Correctness\", \"rubric\": \"\", \"field_type\": \"assessment\", \"rating_max\": 5, \"show_title\": true, \"numeric_max\": 50, \"numeric_min\": 0, \"instructions\": \"Grade the solution on how correct it is.\", \"list_of_labels\": [\"Easy\", \"Medium\", null], \"assessment_type\": \"grade\", \"default_content\": [\"\", \"\"], \"default_refers_to\": [null, null], \"requires_justification\": true, \"justification_instructions\": \"\"}, \"1\": {\"title\": \"Completeness\", \"rubric\": \"\", \"field_type\": \"assessment\", \"rating_max\": 5, \"show_title\": true, \"numeric_max\": 50, \"numeric_min\": 0, \"instructions\": \"Grade the solution on whether you feel it completely answered the problem.\", \"list_of_labels\": [\"Easy\", \"Medium\", null], \"assessment_type\": \"grade\", \"default_content\": [\"\", \"\"], \"default_refers_to\": [null, null], \"requires_justification\": true, \"justification_instructions\": \"\"}, \"2\": {\"title\": \"Justification\", \"rubric\": \"\", \"field_type\": \"text\", \"rating_max\": 5, \"show_title\": false, \"numeric_max\": 40, \"numeric_min\": 0, \"instructions\": \"Explain why the other evaluators were incorrect and why you are correct instead.\", \"list_of_labels\": [\"Easy\", \"Medium\", null], \"assessment_type\": null, \"default_content\": [\"\", \"\"], \"default_refers_to\": [null, null], \"requires_justification\": false, \"justification_instructions\": \"\"}, \"field_titles\": [\"Correctness\", \"Completeness\", \"Justification\"], \"number_of_fields\": 3}','[\"none\", \"don\'t wait\"]',0,'none',1,'[]','max',NULL,0,0,0,NULL,NULL,NULL,NULL,NULL,NULL,NULL,NULL,'first',0,1,NULL),
(24,3,4,'Resolve Dispute of Grade Solve Create Problem','resolve_dispute','{\"optional\": 0, \"mandatory\": 0}','[\"duration\", 4320]',0,'\"late\"','\"keep_same_participant\"','Resolve Dispute of Consolidate  Grade Solve Test Assgnment 1','','0','[\"instructor\", \"individual\", {\"not\": [19, 23]}]',NULL,'none',1,'Resolve the dispute by evaluating it yourself. (You may consider all the other participant’s evaluations.)','','{\"0\": {\"title\": \"Correctness\", \"rubric\": \"\", \"field_type\": \"assessment\", \"rating_max\": 5, \"show_title\": true, \"numeric_max\": 50, \"numeric_min\": 0, \"instructions\": \"Grade the solution on how correct it is.\", \"list_of_labels\": [\"Easy\", \"Medium\", null], \"assessment_type\": \"grade\", \"default_content\": [\"\", \"\"], \"default_refers_to\": [null, null], \"requires_justification\": true, \"justification_instructions\": \"\"}, \"1\": {\"title\": \"Completeness\", \"rubric\": \"\", \"field_type\": \"assessment\", \"rating_max\": 5, \"show_title\": true, \"numeric_max\": 50, \"numeric_min\": 0, \"instructions\": \"Grade the solution on whether you feel it completely answered the problem.\", \"list_of_labels\": [\"Easy\", \"Medium\", null], \"assessment_type\": \"grade\", \"default_content\": [\"\", \"\"], \"default_refers_to\": [null, null], \"requires_justification\": true, \"justification_instructions\": \"\"}, \"2\": {\"title\": \"Justification\", \"rubric\": \"\", \"field_type\": \"text\", \"rating_max\": 5, \"show_title\": false, \"numeric_max\": 40, \"numeric_min\": 0, \"instructions\": \"Explain why the other evaluators were incorrect and why you are correct instead.\", \"list_of_labels\": [\"Easy\", \"Medium\", null], \"assessment_type\": null, \"default_content\": [\"\", \"\"], \"default_refers_to\": [null, null], \"requires_justification\": false, \"justification_instructions\": \"\"}, \"field_titles\": [\"Correctness\", \"Completeness\", \"Justification\"], \"number_of_fields\": 3}','[\"none\", \"don\'t wait\"]',0,'none',1,'[]','max',NULL,0,0,0,NULL,NULL,NULL,NULL,NULL,NULL,NULL,NULL,'first',0,1,NULL),
(25,4,5,'Create Problem','create_problem','{\"optional\": 0, \"mandatory\": 0}','[\"duration\", 4320]',0,'\"late\"','\"keep_same_participant\"','Create Problem','','0','[\"student\", \"individual\", {}]',NULL,'none',0,'Create a new problem for another student to solve.','','{\"0\": {\"title\": \"Problem 1\", \"rubric\": \"\", \"field_type\": \"text\", \"rating_max\": 5, \"show_title\": false, \"numeric_max\": 40, \"numeric_min\": 0, \"instructions\": \"\", \"list_of_labels\": [\"Easy\", \"Medium\", null], \"assessment_type\": null, \"default_content\": [\"\", \"\"], \"default_refers_to\": [null, null], \"requires_justification\": false, \"justification_instructions\": \"\"}, \"1\": {\"title\": \"Explanation\", \"rubric\": \"\", \"field_type\": \"text\", \"rating_max\": 5, \"show_title\": true, \"numeric_max\": 40, \"numeric_min\": 0, \"instructions\": \"Enter an explanation of the edits you have made.\", \"list_of_labels\": [\"Easy\", \"Medium\", null], \"assessment_type\": null, \"default_content\": [\"\", \"\"], \"default_refers_to\": [null, null], \"requires_justification\": false, \"justification_instructions\": \"\"}, \"field_titles\": [\"Problem 1\", \"Explanation\"], \"number_of_fields\": 2}','[\"edit\", \"don\'t wait\"]',0,'none',1,'[]','max',NULL,0,0,1,NULL,NULL,NULL,NULL,NULL,NULL,NULL,NULL,'last',0,1,NULL),
(26,4,5,'Edit Create Problem','edit','{\"optional\": 0, \"mandatory\": 0}','[\"duration\", 4320]',0,'\"late\"','\"keep_same_participant\"','Edit Create Problem','','0','[\"instructor\", \"individual\", {\"not\": [25], \"not_in_workflow_instance\": []}]',NULL,'none',0,'Edit the problem to ensure that it makes sense.','','{\"0\": {\"title\": \"Problem 1\", \"rubric\": \"\", \"field_type\": \"text\", \"rating_max\": 5, \"show_title\": false, \"numeric_max\": 40, \"numeric_min\": 0, \"instructions\": \"\", \"list_of_labels\": [\"Easy\", \"Medium\", null], \"assessment_type\": null, \"default_content\": [\"\", \"\"], \"default_refers_to\": [null, null], \"requires_justification\": false, \"justification_instructions\": \"\"}, \"1\": {\"title\": \"Explanation\", \"rubric\": \"\", \"field_type\": \"text\", \"rating_max\": 5, \"show_title\": true, \"numeric_max\": 40, \"numeric_min\": 0, \"instructions\": \"Enter an explanation of the edits you have made.\", \"list_of_labels\": [\"Easy\", \"Medium\", null], \"assessment_type\": null, \"default_content\": [\"\", \"\"], \"default_refers_to\": [null, null], \"requires_justification\": false, \"justification_instructions\": \"\"}, \"field_titles\": [\"Problem 1\", \"Explanation\"], \"number_of_fields\": 2}','[\"none\", \"don\'t wait\"]',0,'none',1,'[]','max',NULL,0,0,0,NULL,NULL,NULL,NULL,NULL,NULL,NULL,NULL,'whole',0,1,NULL),
(27,4,5,'Solve Create Problem','solve_problem','{\"optional\": 0, \"mandatory\": 0}','[\"duration\", 4320]',0,'\"late\"','\"keep_same_participant\"','Solve Create Problem','','0','[\"student\", \"individual\", {\"not\": [25, 26]}]',NULL,'none',0,'Solve the problem.','','{\"0\": {\"title\": \"Solution\", \"rubric\": \"\", \"field_type\": \"text\", \"rating_max\": 5, \"show_title\": false, \"numeric_max\": 40, \"numeric_min\": 0, \"instructions\": \"\", \"list_of_labels\": [\"Easy\", \"Medium\", null], \"assessment_type\": null, \"default_content\": [\"\", \"\"], \"default_refers_to\": [null, null], \"requires_justification\": false, \"justification_instructions\": \"\"}, \"field_titles\": [\"Solution\"], \"number_of_fields\": 1}','[\"none\", \"don\'t wait\"]',0,'grade',1,'[]','max',NULL,0,0,0,NULL,NULL,NULL,NULL,NULL,NULL,NULL,NULL,'last',0,1,NULL),
(28,4,5,'Grade Solve Create Problem','grade_problem','{\"optional\": 0, \"mandatory\": 0}','[\"duration\", 4320]',0,'\"late\"','\"keep_same_participant\"','Grade Solve Create Problem','','0','[\"student\", \"individual\", {\"not\": [25], \"same_as\": [25]}]',NULL,'none',1,'','','{\"0\": {\"title\": \"Correctness\", \"rubric\": \"\", \"field_type\": \"assessment\", \"rating_max\": 5, \"show_title\": true, \"numeric_max\": 50, \"numeric_min\": 0, \"instructions\": \"Grade the solution on how correct it is.\", \"list_of_labels\": [\"Easy\", \"Medium\", null], \"assessment_type\": \"grade\", \"default_content\": [\"\", \"\"], \"default_refers_to\": [null, null], \"requires_justification\": true, \"justification_instructions\": \"\"}, \"1\": {\"title\": \"Completeness\", \"rubric\": \"\", \"field_type\": \"assessment\", \"rating_max\": 5, \"show_title\": true, \"numeric_max\": 50, \"numeric_min\": 0, \"instructions\": \"Grade the solution on whether you feel it completely answered the problem.\", \"list_of_labels\": [\"Easy\", \"Medium\", null], \"assessment_type\": \"grade\", \"default_content\": [\"\", \"\"], \"default_refers_to\": [null, null], \"requires_justification\": true, \"justification_instructions\": \"\"}, \"2\": {\"title\": \"Justification\", \"rubric\": \"\", \"field_type\": \"text\", \"rating_max\": 5, \"show_title\": false, \"numeric_max\": 40, \"numeric_min\": 0, \"instructions\": \"Explain why the other evaluators were incorrect and why you are correct instead.\", \"list_of_labels\": [\"Easy\", \"Medium\", null], \"assessment_type\": null, \"default_content\": [\"\", \"\"], \"default_refers_to\": [null, null], \"requires_justification\": false, \"justification_instructions\": \"\"}, \"field_titles\": [\"Correctness\", \"Completeness\", \"Justification\"], \"number_of_fields\": 3}','[\"none\", \"don\'t wait\"]',0,'none',2,'[]','max',NULL,1,0,0,NULL,NULL,NULL,NULL,NULL,NULL,NULL,NULL,'first',0,1,NULL),
(29,4,5,'Needs Consolidation of Grade Solve Create Problem','needs_consolidation','{\"optional\": 0, \"mandatory\": 0}','[\"duration\", 4320]',0,'\"late\"','\"keep_same_participant\"','Needs Consolidation of Grade Solve Create Problem','','0','[\"student\", \"individual\", {\"same_as\": [27]}]',NULL,'none',0,'','',NULL,'[\"none\", \"don\'t wait\"]',0,'none',1,'[15, \"percent\"]','max',NULL,0,0,0,NULL,NULL,NULL,NULL,NULL,NULL,NULL,NULL,'first',0,1,NULL),
(30,4,5,'Consolidate Grade Solve Create Problem','consolidation','{\"optional\": 0, \"mandatory\": 0}','[\"duration\", 4320]',0,'\"late\"','\"keep_same_participant\"','Consolidate Grade Solve Create Problem','','0','[\"student\", \"individual\", {\"not\": [27, 25, 28]}]',NULL,'none',1,'Consolidate the prior set of opinions into a single, fair representation.','','{\"0\": {\"title\": \"Correctness\", \"rubric\": \"\", \"field_type\": \"assessment\", \"rating_max\": 5, \"show_title\": true, \"numeric_max\": 50, \"numeric_min\": 0, \"instructions\": \"Grade the solution on how correct it is.\", \"list_of_labels\": [\"Easy\", \"Medium\", null], \"assessment_type\": \"grade\", \"default_content\": [\"\", \"\"], \"default_refers_to\": [null, null], \"requires_justification\": true, \"justification_instructions\": \"\"}, \"1\": {\"title\": \"Completeness\", \"rubric\": \"\", \"field_type\": \"assessment\", \"rating_max\": 5, \"show_title\": true, \"numeric_max\": 50, \"numeric_min\": 0, \"instructions\": \"Grade the solution on whether you feel it completely answered the problem.\", \"list_of_labels\": [\"Easy\", \"Medium\", null], \"assessment_type\": \"grade\", \"default_content\": [\"\", \"\"], \"default_refers_to\": [null, null], \"requires_justification\": true, \"justification_instructions\": \"\"}, \"2\": {\"title\": \"Justification\", \"rubric\": \"\", \"field_type\": \"text\", \"rating_max\": 5, \"show_title\": false, \"numeric_max\": 40, \"numeric_min\": 0, \"instructions\": \"Explain why the other evaluators were incorrect and why you are correct instead.\", \"list_of_labels\": [\"Easy\", \"Medium\", null], \"assessment_type\": null, \"default_content\": [\"\", \"\"], \"default_refers_to\": [null, null], \"requires_justification\": false, \"justification_instructions\": \"\"}, \"field_titles\": [\"Correctness\", \"Completeness\", \"Justification\"], \"number_of_fields\": 3}','[\"none\", \"don\'t wait\"]',0,'none',1,'[]','max',NULL,0,0,0,NULL,NULL,NULL,NULL,NULL,NULL,NULL,NULL,'first',0,1,NULL),
(31,4,5,'Dispute of  Grade Solve Create Problem','dispute','{\"optional\": 0, \"mandatory\": 0}','[\"duration\", 4320]',0,'\"resolved\"',NULL,'Dispute of  Grade Solve Create Problem','','0','[\"student\", \"individual\", {\"same_as\": [27]}]',NULL,'none',0,'Decide whether to dispute your grade or not. If you do, you must justify your grades.','','{\"0\": {\"title\": \"Correctness\", \"rubric\": \"\", \"field_type\": \"assessment\", \"rating_max\": 5, \"show_title\": true, \"numeric_max\": 50, \"numeric_min\": 0, \"instructions\": \"Grade the solution on how correct it is.\", \"list_of_labels\": [\"Easy\", \"Medium\", null], \"assessment_type\": \"grade\", \"default_content\": [\"\", \"\"], \"default_refers_to\": [null, null], \"requires_justification\": true, \"justification_instructions\": \"\"}, \"1\": {\"title\": \"Completeness\", \"rubric\": \"\", \"field_type\": \"assessment\", \"rating_max\": 5, \"show_title\": true, \"numeric_max\": 50, \"numeric_min\": 0, \"instructions\": \"Grade the solution on whether you feel it completely answered the problem.\", \"list_of_labels\": [\"Easy\", \"Medium\", null], \"assessment_type\": \"grade\", \"default_content\": [\"\", \"\"], \"default_refers_to\": [null, null], \"requires_justification\": true, \"justification_instructions\": \"\"}, \"2\": {\"title\": \"Justification\", \"rubric\": \"\", \"field_type\": \"text\", \"rating_max\": 5, \"show_title\": false, \"numeric_max\": 40, \"numeric_min\": 0, \"instructions\": \"Explain why the other evaluators were incorrect and why you are correct instead.\", \"list_of_labels\": [\"Easy\", \"Medium\", null], \"assessment_type\": null, \"default_content\": [\"\", \"\"], \"default_refers_to\": [null, null], \"requires_justification\": false, \"justification_instructions\": \"\"}, \"field_titles\": [\"Correctness\", \"Completeness\", \"Justification\"], \"number_of_fields\": 3}','[\"none\", \"don\'t wait\"]',0,'none',1,'[]','max',NULL,0,0,0,NULL,NULL,NULL,NULL,NULL,NULL,NULL,NULL,'first',0,1,NULL),
(32,4,5,'Resolve Dispute of Grade Solve Create Problem','resolve_dispute','{\"optional\": 0, \"mandatory\": 0}','[\"duration\", 4320]',0,'\"late\"','\"keep_same_participant\"','Resolve Dispute of Grade Solve Create Problem','','0','[\"instructor\", \"individual\", {\"not\": [27, 31]}]',NULL,'none',1,'Resolve the dispute by evaluating it yourself. (You may consider all the other participant’s evaluations.)','','{\"0\": {\"title\": \"Correctness\", \"rubric\": \"\", \"field_type\": \"assessment\", \"rating_max\": 5, \"show_title\": true, \"numeric_max\": 50, \"numeric_min\": 0, \"instructions\": \"Grade the solution on how correct it is.\", \"list_of_labels\": [\"Easy\", \"Medium\", null], \"assessment_type\": \"grade\", \"default_content\": [\"\", \"\"], \"default_refers_to\": [null, null], \"requires_justification\": true, \"justification_instructions\": \"\"}, \"1\": {\"title\": \"Completeness\", \"rubric\": \"\", \"field_type\": \"assessment\", \"rating_max\": 5, \"show_title\": true, \"numeric_max\": 50, \"numeric_min\": 0, \"instructions\": \"Grade the solution on whether you feel it completely answered the problem.\", \"list_of_labels\": [\"Easy\", \"Medium\", null], \"assessment_type\": \"grade\", \"default_content\": [\"\", \"\"], \"default_refers_to\": [null, null], \"requires_justification\": true, \"justification_instructions\": \"\"}, \"2\": {\"title\": \"Justification\", \"rubric\": \"\", \"field_type\": \"text\", \"rating_max\": 5, \"show_title\": false, \"numeric_max\": 40, \"numeric_min\": 0, \"instructions\": \"Explain why the other evaluators were incorrect and why you are correct instead.\", \"list_of_labels\": [\"Easy\", \"Medium\", null], \"assessment_type\": null, \"default_content\": [\"\", \"\"], \"default_refers_to\": [null, null], \"requires_justification\": false, \"justification_instructions\": \"\"}, \"field_titles\": [\"Correctness\", \"Completeness\", \"Justification\"], \"number_of_fields\": 3}','[\"none\", \"don\'t wait\"]',0,'none',1,'[]','max',NULL,0,0,0,NULL,NULL,NULL,NULL,NULL,NULL,NULL,NULL,'first',0,1,NULL),
(33,5,6,'Create Problem','create_problem','{\"optional\": 0, \"mandatory\": 0}','[\"duration\", 4320]',0,'\"late\"','\"keep_same_participant\"','A problem','','0','[\"student\", \"individual\", {}]',NULL,'none',0,'Create a new problem for another student to solve.','','{\"0\": {\"title\": \"Problem 1\", \"rubric\": \"\", \"field_type\": \"text\", \"rating_max\": 5, \"show_title\": false, \"numeric_max\": 40, \"numeric_min\": 0, \"instructions\": \"\", \"list_of_labels\": [\"Easy\", \"Medium\", null], \"assessment_type\": null, \"default_content\": [\"\", \"\"], \"default_refers_to\": [null, null], \"requires_justification\": false, \"justification_instructions\": \"\"}, \"1\": {\"title\": \"Explanation\", \"rubric\": \"\", \"field_type\": \"text\", \"rating_max\": 5, \"show_title\": true, \"numeric_max\": 40, \"numeric_min\": 0, \"instructions\": \"Enter an explanation of the edits you have made.\", \"list_of_labels\": [\"Easy\", \"Medium\", null], \"assessment_type\": null, \"default_content\": [\"\", \"\"], \"default_refers_to\": [null, null], \"requires_justification\": false, \"justification_instructions\": \"\"}, \"field_titles\": [\"Problem 1\", \"Explanation\"], \"number_of_fields\": 2}','[\"edit\", \"don\'t wait\"]',0,'none',1,'[]','max',NULL,0,0,1,NULL,NULL,NULL,NULL,NULL,NULL,NULL,NULL,'last',0,1,NULL),
(34,5,6,'Edit Create Problem','edit','{\"optional\": 0, \"mandatory\": 0}','[\"duration\", 4320]',0,'\"late\"','\"keep_same_participant\"','Edit A problem','','0','[\"instructor\", \"individual\", {\"not\": [33], \"not_in_workflow_instance\": []}]',NULL,'none',0,'Edit the problem to ensure that it makes sense.','','{\"0\": {\"title\": \"Problem 1\", \"rubric\": \"\", \"field_type\": \"text\", \"rating_max\": 5, \"show_title\": false, \"numeric_max\": 40, \"numeric_min\": 0, \"instructions\": \"\", \"list_of_labels\": [\"Easy\", \"Medium\", null], \"assessment_type\": null, \"default_content\": [\"\", \"\"], \"default_refers_to\": [null, null], \"requires_justification\": false, \"justification_instructions\": \"\"}, \"1\": {\"title\": \"Explanation\", \"rubric\": \"\", \"field_type\": \"text\", \"rating_max\": 5, \"show_title\": true, \"numeric_max\": 40, \"numeric_min\": 0, \"instructions\": \"Enter an explanation of the edits you have made.\", \"list_of_labels\": [\"Easy\", \"Medium\", null], \"assessment_type\": null, \"default_content\": [\"\", \"\"], \"default_refers_to\": [null, null], \"requires_justification\": false, \"justification_instructions\": \"\"}, \"field_titles\": [\"Problem 1\", \"Explanation\"], \"number_of_fields\": 2}','[\"none\", \"don\'t wait\"]',0,'none',1,'[]','max',NULL,0,0,0,NULL,NULL,NULL,NULL,NULL,NULL,NULL,NULL,'whole',0,1,NULL),
(35,5,6,'Solve Create Problem','solve_problem','{\"optional\": 0, \"mandatory\": 0}','[\"duration\", 4320]',0,'\"late\"','\"keep_same_participant\"','Solve A problem','','0','[\"student\", \"individual\", {\"not\": [33, 34]}]',NULL,'none',0,'Solve the problem.','','{\"0\": {\"title\": \"Solution\", \"rubric\": \"\", \"field_type\": \"text\", \"rating_max\": 5, \"show_title\": false, \"numeric_max\": 40, \"numeric_min\": 0, \"instructions\": \"\", \"list_of_labels\": [\"Easy\", \"Medium\", null], \"assessment_type\": null, \"default_content\": [\"\", \"\"], \"default_refers_to\": [null, null], \"requires_justification\": false, \"justification_instructions\": \"\"}, \"field_titles\": [\"Solution\"], \"number_of_fields\": 1}','[\"none\", \"don\'t wait\"]',0,'grade',1,'[]','max',NULL,0,0,0,NULL,NULL,NULL,NULL,NULL,NULL,NULL,NULL,'last',0,1,NULL),
(36,5,6,'Grade Solve Create Problem','grade_problem','{\"optional\": 0, \"mandatory\": 0}','[\"duration\", 4320]',0,'\"late\"','\"keep_same_participant\"','Grade Solve A problem','','0','[\"student\", \"individual\", {\"not\": [33], \"same_as\": [33]}]',NULL,'none',1,'','','{\"0\": {\"title\": \"Correctness\", \"rubric\": \"\", \"field_type\": \"assessment\", \"rating_max\": 5, \"show_title\": true, \"numeric_max\": 50, \"numeric_min\": 0, \"instructions\": \"Grade the solution on how correct it is.\", \"list_of_labels\": [\"Easy\", \"Medium\", null], \"assessment_type\": \"grade\", \"default_content\": [\"\", \"\"], \"default_refers_to\": [null, null], \"requires_justification\": true, \"justification_instructions\": \"\"}, \"1\": {\"title\": \"Completeness\", \"rubric\": \"\", \"field_type\": \"assessment\", \"rating_max\": 5, \"show_title\": true, \"numeric_max\": 50, \"numeric_min\": 0, \"instructions\": \"Grade the solution on whether you feel it completely answered the problem.\", \"list_of_labels\": [\"Easy\", \"Medium\", null], \"assessment_type\": \"grade\", \"default_content\": [\"\", \"\"], \"default_refers_to\": [null, null], \"requires_justification\": true, \"justification_instructions\": \"\"}, \"2\": {\"title\": \"Justification\", \"rubric\": \"\", \"field_type\": \"text\", \"rating_max\": 5, \"show_title\": false, \"numeric_max\": 40, \"numeric_min\": 0, \"instructions\": \"Explain why the other evaluators were incorrect and why you are correct instead.\", \"list_of_labels\": [\"Easy\", \"Medium\", null], \"assessment_type\": null, \"default_content\": [\"\", \"\"], \"default_refers_to\": [null, null], \"requires_justification\": false, \"justification_instructions\": \"\"}, \"field_titles\": [\"Correctness\", \"Completeness\", \"Justification\"], \"number_of_fields\": 3}','[\"none\", \"don\'t wait\"]',0,'none',2,'[]','max',NULL,1,0,0,NULL,NULL,NULL,NULL,NULL,NULL,NULL,NULL,'first',0,1,NULL),
(37,5,6,'Needs Consolidation of Grade Solve Create Problem','needs_consolidation','{\"optional\": 0, \"mandatory\": 0}','[\"duration\", 4320]',0,'\"late\"','\"keep_same_participant\"',' Grade Solve A problem','','0','[\"student\", \"individual\", {\"same_as\": [35]}]',NULL,'none',0,'','',NULL,'[\"none\", \"don\'t wait\"]',0,'none',1,'[15, \"percent\"]','max',NULL,0,0,0,NULL,NULL,NULL,NULL,NULL,NULL,NULL,NULL,'first',0,1,NULL),
(38,5,6,'Consolidate Grade Solve Create Problem','consolidation','{\"optional\": 0, \"mandatory\": 0}','[\"duration\", 4320]',0,'\"late\"','\"keep_same_participant\"','Consolidate  Grade Solve A problem','','0','[\"student\", \"individual\", {\"not\": [35, 33, 36]}]',NULL,'none',1,'Consolidate the prior set of opinions into a single, fair representation.','','{\"0\": {\"title\": \"Correctness\", \"rubric\": \"\", \"field_type\": \"assessment\", \"rating_max\": 5, \"show_title\": true, \"numeric_max\": 50, \"numeric_min\": 0, \"instructions\": \"Grade the solution on how correct it is.\", \"list_of_labels\": [\"Easy\", \"Medium\", null], \"assessment_type\": \"grade\", \"default_content\": [\"\", \"\"], \"default_refers_to\": [null, null], \"requires_justification\": true, \"justification_instructions\": \"\"}, \"1\": {\"title\": \"Completeness\", \"rubric\": \"\", \"field_type\": \"assessment\", \"rating_max\": 5, \"show_title\": true, \"numeric_max\": 50, \"numeric_min\": 0, \"instructions\": \"Grade the solution on whether you feel it completely answered the problem.\", \"list_of_labels\": [\"Easy\", \"Medium\", null], \"assessment_type\": \"grade\", \"default_content\": [\"\", \"\"], \"default_refers_to\": [null, null], \"requires_justification\": true, \"justification_instructions\": \"\"}, \"2\": {\"title\": \"Justification\", \"rubric\": \"\", \"field_type\": \"text\", \"rating_max\": 5, \"show_title\": false, \"numeric_max\": 40, \"numeric_min\": 0, \"instructions\": \"Explain why the other evaluators were incorrect and why you are correct instead.\", \"list_of_labels\": [\"Easy\", \"Medium\", null], \"assessment_type\": null, \"default_content\": [\"\", \"\"], \"default_refers_to\": [null, null], \"requires_justification\": false, \"justification_instructions\": \"\"}, \"field_titles\": [\"Correctness\", \"Completeness\", \"Justification\"], \"number_of_fields\": 3}','[\"none\", \"don\'t wait\"]',0,'none',1,'[]','max',NULL,0,0,0,NULL,NULL,NULL,NULL,NULL,NULL,NULL,NULL,'first',0,1,NULL),
(39,5,6,'Dispute of  Grade Solve Create Problem','dispute','{\"optional\": 0, \"mandatory\": 0}','[\"duration\", 4320]',0,'\"resolved\"',NULL,'Dispute of Consolidate  Grade Solve A problem','','0','[\"student\", \"individual\", {\"same_as\": [35]}]',NULL,'none',0,'Decide whether to dispute your grade or not. If you do, you must justify your grades.','','{\"0\": {\"title\": \"Correctness\", \"rubric\": \"\", \"field_type\": \"assessment\", \"rating_max\": 5, \"show_title\": true, \"numeric_max\": 50, \"numeric_min\": 0, \"instructions\": \"Grade the solution on how correct it is.\", \"list_of_labels\": [\"Easy\", \"Medium\", null], \"assessment_type\": \"grade\", \"default_content\": [\"\", \"\"], \"default_refers_to\": [null, null], \"requires_justification\": true, \"justification_instructions\": \"\"}, \"1\": {\"title\": \"Completeness\", \"rubric\": \"\", \"field_type\": \"assessment\", \"rating_max\": 5, \"show_title\": true, \"numeric_max\": 50, \"numeric_min\": 0, \"instructions\": \"Grade the solution on whether you feel it completely answered the problem.\", \"list_of_labels\": [\"Easy\", \"Medium\", null], \"assessment_type\": \"grade\", \"default_content\": [\"\", \"\"], \"default_refers_to\": [null, null], \"requires_justification\": true, \"justification_instructions\": \"\"}, \"2\": {\"title\": \"Justification\", \"rubric\": \"\", \"field_type\": \"text\", \"rating_max\": 5, \"show_title\": false, \"numeric_max\": 40, \"numeric_min\": 0, \"instructions\": \"Explain why the other evaluators were incorrect and why you are correct instead.\", \"list_of_labels\": [\"Easy\", \"Medium\", null], \"assessment_type\": null, \"default_content\": [\"\", \"\"], \"default_refers_to\": [null, null], \"requires_justification\": false, \"justification_instructions\": \"\"}, \"field_titles\": [\"Correctness\", \"Completeness\", \"Justification\"], \"number_of_fields\": 3}','[\"none\", \"don\'t wait\"]',0,'none',1,'[]','max',NULL,0,0,0,NULL,NULL,NULL,NULL,NULL,NULL,NULL,NULL,'first',0,1,NULL),
(40,5,6,'Resolve Dispute of Grade Solve Create Problem','resolve_dispute','{\"optional\": 0, \"mandatory\": 0}','[\"duration\", 4320]',0,'\"late\"','\"keep_same_participant\"','Resolve Dispute of Consolidate  Grade Solve A problem','','0','[\"instructor\", \"individual\", {\"not\": [35, 39]}]',NULL,'none',1,'Resolve the dispute by evaluating it yourself. (You may consider all the other participant’s evaluations.)','','{\"0\": {\"title\": \"Correctness\", \"rubric\": \"\", \"field_type\": \"assessment\", \"rating_max\": 5, \"show_title\": true, \"numeric_max\": 50, \"numeric_min\": 0, \"instructions\": \"Grade the solution on how correct it is.\", \"list_of_labels\": [\"Easy\", \"Medium\", null], \"assessment_type\": \"grade\", \"default_content\": [\"\", \"\"], \"default_refers_to\": [null, null], \"requires_justification\": true, \"justification_instructions\": \"\"}, \"1\": {\"title\": \"Completeness\", \"rubric\": \"\", \"field_type\": \"assessment\", \"rating_max\": 5, \"show_title\": true, \"numeric_max\": 50, \"numeric_min\": 0, \"instructions\": \"Grade the solution on whether you feel it completely answered the problem.\", \"list_of_labels\": [\"Easy\", \"Medium\", null], \"assessment_type\": \"grade\", \"default_content\": [\"\", \"\"], \"default_refers_to\": [null, null], \"requires_justification\": true, \"justification_instructions\": \"\"}, \"2\": {\"title\": \"Justification\", \"rubric\": \"\", \"field_type\": \"text\", \"rating_max\": 5, \"show_title\": false, \"numeric_max\": 40, \"numeric_min\": 0, \"instructions\": \"Explain why the other evaluators were incorrect and why you are correct instead.\", \"list_of_labels\": [\"Easy\", \"Medium\", null], \"assessment_type\": null, \"default_content\": [\"\", \"\"], \"default_refers_to\": [null, null], \"requires_justification\": false, \"justification_instructions\": \"\"}, \"field_titles\": [\"Correctness\", \"Completeness\", \"Justification\"], \"number_of_fields\": 3}','[\"none\", \"don\'t wait\"]',0,'none',1,'[]','max',NULL,0,0,0,NULL,NULL,NULL,NULL,NULL,NULL,NULL,NULL,'first',0,1,NULL),
(41,6,7,'Create Problem','create_problem','{\"optional\": 0, \"mandatory\": 0}','[\"duration\", 4320]',0,'\"late\"','\"keep_same_participant\"','Testing 1','','0','[\"student\", \"individual\", {}]',NULL,'none',0,'Create a new problem for another student to solve.','','{\"0\": {\"title\": \"Problem 1\", \"rubric\": \"\", \"field_type\": \"text\", \"rating_max\": 5, \"show_title\": false, \"numeric_max\": 40, \"numeric_min\": 0, \"instructions\": \"\", \"list_of_labels\": [\"Easy\", \"Medium\", \"Hard\"], \"assessment_type\": null, \"default_content\": [\"\", \"\"], \"default_refers_to\": [null, null], \"requires_justification\": false, \"justification_instructions\": \"\"}, \"1\": {\"title\": \"Field 2\", \"rubric\": \"\", \"field_type\": \"text\", \"rating_max\": 5, \"show_title\": false, \"numeric_max\": 40, \"numeric_min\": 0, \"instructions\": \"\", \"list_of_labels\": [\"Easy\", \"Medium\", \"Hard\"], \"assessment_type\": null, \"default_content\": [\"\", \"\"], \"default_refers_to\": [null, null], \"requires_justification\": false, \"justification_instructions\": \"\"}, \"field_titles\": [\"Problem 1\", \"Field 2\"], \"number_of_fields\": 2}','[\"edit\", \"don\'t wait\"]',0,'none',1,'[]','max',NULL,0,0,1,NULL,NULL,NULL,NULL,NULL,NULL,NULL,NULL,'last',0,1,NULL),
(42,6,7,'Edit Create Problem','edit','{\"optional\": 0, \"mandatory\": 0}','[\"duration\", 4320]',0,'\"late\"','\"keep_same_participant\"','Edit Testing 1','','0','[\"instructor\", \"individual\", {\"not\": [41], \"not_in_workflow_instance\": []}]',NULL,'none',0,'Edit the problem to ensure that it makes sense.','','{\"0\": {\"title\": \"Problem 1\", \"rubric\": \"\", \"field_type\": \"text\", \"rating_max\": 5, \"show_title\": false, \"numeric_max\": 40, \"numeric_min\": 0, \"instructions\": \"\", \"list_of_labels\": [\"Easy\", \"Medium\", \"Hard\"], \"assessment_type\": null, \"default_content\": [\"\", \"\"], \"default_refers_to\": [null, null], \"requires_justification\": false, \"justification_instructions\": \"\"}, \"1\": {\"title\": \"Field 2\", \"rubric\": \"\", \"field_type\": \"text\", \"rating_max\": 5, \"show_title\": false, \"numeric_max\": 40, \"numeric_min\": 0, \"instructions\": \"\", \"list_of_labels\": [\"Easy\", \"Medium\", \"Hard\"], \"assessment_type\": null, \"default_content\": [\"\", \"\"], \"default_refers_to\": [null, null], \"requires_justification\": false, \"justification_instructions\": \"\"}, \"2\": {\"title\": \"Explanation\", \"rubric\": \"\", \"field_type\": \"text\", \"rating_max\": 5, \"show_title\": true, \"numeric_max\": 40, \"numeric_min\": 0, \"instructions\": \"Enter an explanation of the edits you have made.\", \"list_of_labels\": [\"Easy\", \"Medium\", \"Hard\"], \"assessment_type\": null, \"default_content\": [\"\", \"\"], \"default_refers_to\": [null, null], \"requires_justification\": false, \"justification_instructions\": \"\"}, \"field_titles\": [\"Problem 1\", \"Field 2\", \"Explanation\"], \"number_of_fields\": 3}','[\"none\", \"don\'t wait\"]',0,'none',1,'[]','max',NULL,0,0,0,NULL,NULL,NULL,NULL,NULL,NULL,NULL,NULL,'whole',0,1,NULL),
(43,6,7,'Solve Create Problem','solve_problem','{\"optional\": 0, \"mandatory\": 0}','[\"duration\", 4320]',0,'\"late\"','\"keep_same_participant\"','Solve Testing 1','','0','[\"student\", \"individual\", {\"not\": [41, 42]}]',NULL,'none',0,'Solve the problem.','','{\"0\": {\"title\": \"Solution\", \"rubric\": \"\", \"field_type\": \"text\", \"rating_max\": 5, \"show_title\": false, \"numeric_max\": 40, \"numeric_min\": 0, \"instructions\": \"\", \"list_of_labels\": [\"Easy\", \"Medium\", \"Hard\"], \"assessment_type\": null, \"default_content\": [\"\", \"\"], \"default_refers_to\": [null, null], \"requires_justification\": false, \"justification_instructions\": \"\"}, \"field_titles\": [\"Solution\"], \"number_of_fields\": 1}','[\"none\", \"don\'t wait\"]',0,'grade',1,'[]','max',NULL,0,0,0,NULL,NULL,NULL,NULL,NULL,NULL,NULL,NULL,'last',0,1,NULL),
(44,6,7,'Grade Solve Create Problem','grade_problem','{\"optional\": 0, \"mandatory\": 0}','[\"duration\", 4320]',0,'\"late\"','\"keep_same_participant\"','Grade Solve Testing 1','','0','[\"student\", \"individual\", {\"not\": [41], \"same_as\": [41]}]',NULL,'none',1,'','','{\"0\": {\"title\": \"Correctness\", \"rubric\": \"\", \"field_type\": \"assessment\", \"rating_max\": 5, \"show_title\": true, \"numeric_max\": 50, \"numeric_min\": 0, \"instructions\": \"Grade the solution on how correct it is.\", \"list_of_labels\": [\"Easy\", \"Medium\", \"Hard\"], \"assessment_type\": \"grade\", \"default_content\": [\"\", \"\"], \"default_refers_to\": [null, null], \"requires_justification\": true, \"justification_instructions\": \"\"}, \"1\": {\"title\": \"Completeness\", \"rubric\": \"\", \"field_type\": \"assessment\", \"rating_max\": 5, \"show_title\": true, \"numeric_max\": 50, \"numeric_min\": 0, \"instructions\": \"Grade the solution on whether you feel it completely answered the problem.\", \"list_of_labels\": [\"Easy\", \"Medium\", \"Hard\"], \"assessment_type\": \"grade\", \"default_content\": [\"\", \"\"], \"default_refers_to\": [null, null], \"requires_justification\": true, \"justification_instructions\": \"\"}, \"field_titles\": [\"Correctness\", \"Completeness\"], \"number_of_fields\": 2}','[\"none\", \"don\'t wait\"]',0,'none',2,'[]','max',NULL,1,0,0,NULL,NULL,NULL,NULL,NULL,NULL,NULL,NULL,'first',0,1,NULL),
(45,6,7,'Needs Consolidation of Grade Solve Create Problem','needs_consolidation','{\"optional\": 0, \"mandatory\": 0}','[\"duration\", 4320]',0,'\"late\"','\"keep_same_participant\"',' Grade Solve Testing 1','','0','[\"student\", \"individual\", {\"same_as\": [43]}]',NULL,'none',0,'','',NULL,'[\"none\", \"don\'t wait\"]',0,'none',1,'[15, \"percent\"]','max',NULL,0,0,0,NULL,NULL,NULL,NULL,NULL,NULL,NULL,NULL,'first',0,1,NULL),
(46,6,7,'Consolidate Grade Solve Create Problem','consolidation','{\"optional\": 0, \"mandatory\": 0}','[\"duration\", 4320]',0,'\"late\"','\"keep_same_participant\"','Consolidate  Grade Solve Testing 1','','0','[\"student\", \"individual\", {\"not\": [43, 41, 44]}]',NULL,'none',1,'Consolidate the prior set of opinions into a single, fair representation.','','{\"0\": {\"title\": \"Correctness\", \"rubric\": \"\", \"field_type\": \"assessment\", \"rating_max\": 5, \"show_title\": true, \"numeric_max\": 50, \"numeric_min\": 0, \"instructions\": \"Grade the solution on how correct it is.\", \"list_of_labels\": [\"Easy\", \"Medium\", \"Hard\"], \"assessment_type\": \"grade\", \"default_content\": [\"\", \"\"], \"default_refers_to\": [null, null], \"requires_justification\": true, \"justification_instructions\": \"\"}, \"1\": {\"title\": \"Completeness\", \"rubric\": \"\", \"field_type\": \"assessment\", \"rating_max\": 5, \"show_title\": true, \"numeric_max\": 50, \"numeric_min\": 0, \"instructions\": \"Grade the solution on whether you feel it completely answered the problem.\", \"list_of_labels\": [\"Easy\", \"Medium\", \"Hard\"], \"assessment_type\": \"grade\", \"default_content\": [\"\", \"\"], \"default_refers_to\": [null, null], \"requires_justification\": true, \"justification_instructions\": \"\"}, \"field_titles\": [\"Correctness\", \"Completeness\"], \"number_of_fields\": 2}','[\"none\", \"don\'t wait\"]',0,'none',1,'[]','max',NULL,0,0,0,NULL,NULL,NULL,NULL,NULL,NULL,NULL,NULL,'first',0,1,NULL),
(47,6,7,'Dispute of  Grade Solve Create Problem','dispute','{\"optional\": 0, \"mandatory\": 0}','[\"duration\", 4320]',0,'\"resolved\"',NULL,'Dispute of Consolidate  Grade Solve Testing 1','','0','[\"student\", \"individual\", {\"same_as\": [43]}]',NULL,'none',0,'Decide whether to dispute your grade or not. If you do, you must justify your grades.','','{\"0\": {\"title\": \"Correctness\", \"rubric\": \"\", \"field_type\": \"assessment\", \"rating_max\": 5, \"show_title\": true, \"numeric_max\": 50, \"numeric_min\": 0, \"instructions\": \"Grade the solution on how correct it is.\", \"list_of_labels\": [\"Easy\", \"Medium\", \"Hard\"], \"assessment_type\": \"grade\", \"default_content\": [\"\", \"\"], \"default_refers_to\": [null, null], \"requires_justification\": true, \"justification_instructions\": \"\"}, \"1\": {\"title\": \"Completeness\", \"rubric\": \"\", \"field_type\": \"assessment\", \"rating_max\": 5, \"show_title\": true, \"numeric_max\": 50, \"numeric_min\": 0, \"instructions\": \"Grade the solution on whether you feel it completely answered the problem.\", \"list_of_labels\": [\"Easy\", \"Medium\", \"Hard\"], \"assessment_type\": \"grade\", \"default_content\": [\"\", \"\"], \"default_refers_to\": [null, null], \"requires_justification\": true, \"justification_instructions\": \"\"}, \"2\": {\"title\": \"Justification\", \"rubric\": \"\", \"field_type\": \"text\", \"rating_max\": 5, \"show_title\": false, \"numeric_max\": 40, \"numeric_min\": 0, \"instructions\": \"Explain why the other evaluators were incorrect and why you are correct instead.\", \"list_of_labels\": [\"Easy\", \"Medium\", \"Hard\"], \"assessment_type\": null, \"default_content\": [\"\", \"\"], \"default_refers_to\": [null, null], \"requires_justification\": false, \"justification_instructions\": \"\"}, \"field_titles\": [\"Correctness\", \"Completeness\", \"Justification\"], \"number_of_fields\": 3}','[\"none\", \"don\'t wait\"]',0,'none',1,'[]','max',NULL,0,0,0,NULL,NULL,NULL,NULL,NULL,NULL,NULL,NULL,'first',0,1,NULL),
(48,6,7,'Resolve Dispute of Grade Solve Create Problem','resolve_dispute','{\"optional\": 0, \"mandatory\": 0}','[\"duration\", 4320]',0,'\"late\"','\"keep_same_participant\"','Resolve Dispute of Consolidate  Grade Solve Testing 1','','0','[\"instructor\", \"individual\", {\"not\": [43, 47]}]',NULL,'none',1,'Resolve the dispute by evaluating it yourself. (You may consider all the other participant’s evaluations.)','','{\"0\": {\"title\": \"Correctness\", \"rubric\": \"\", \"field_type\": \"assessment\", \"rating_max\": 5, \"show_title\": true, \"numeric_max\": 50, \"numeric_min\": 0, \"instructions\": \"Grade the solution on how correct it is.\", \"list_of_labels\": [\"Easy\", \"Medium\", \"Hard\"], \"assessment_type\": \"grade\", \"default_content\": [\"\", \"\"], \"default_refers_to\": [null, null], \"requires_justification\": true, \"justification_instructions\": \"\"}, \"1\": {\"title\": \"Completeness\", \"rubric\": \"\", \"field_type\": \"assessment\", \"rating_max\": 5, \"show_title\": true, \"numeric_max\": 50, \"numeric_min\": 0, \"instructions\": \"Grade the solution on whether you feel it completely answered the problem.\", \"list_of_labels\": [\"Easy\", \"Medium\", \"Hard\"], \"assessment_type\": \"grade\", \"default_content\": [\"\", \"\"], \"default_refers_to\": [null, null], \"requires_justification\": true, \"justification_instructions\": \"\"}, \"field_titles\": [\"Correctness\", \"Completeness\"], \"number_of_fields\": 2}','[\"none\", \"don\'t wait\"]',0,'none',1,'[]','max',NULL,0,0,0,NULL,NULL,NULL,NULL,NULL,NULL,NULL,NULL,'first',0,1,NULL),
(49,7,8,'Create Problem','create_problem','{\"optional\": 0, \"mandatory\": 0}','[\"duration\", 4320]',0,'\"late\"','\"keep_same_participant\"','Assignment test 2','','0','[\"student\", \"individual\", {}]',NULL,'none',0,'Create a new problem for another student to solve.','','{\"0\": {\"title\": \"Problem 1\", \"rubric\": \"\", \"field_type\": \"text\", \"rating_max\": 5, \"show_title\": false, \"numeric_max\": 40, \"numeric_min\": 0, \"instructions\": \"\", \"list_of_labels\": [\"Easy\", \"Medium\", \"Hard\"], \"assessment_type\": null, \"default_content\": [\"\", \"\"], \"default_refers_to\": [null, null], \"requires_justification\": false, \"justification_instructions\": \"\"}, \"field_titles\": [\"Problem 1\"], \"number_of_fields\": 1}','[\"edit\", \"don\'t wait\"]',0,'none',1,'[]','max',NULL,0,0,1,NULL,NULL,NULL,NULL,NULL,NULL,NULL,NULL,'last',0,1,NULL),
(50,7,8,'Edit Create Problem','edit','{\"optional\": 0, \"mandatory\": 0}','[\"duration\", 4320]',0,'\"late\"','\"keep_same_participant\"','Edit Assignment test 2','','0','[\"instructor\", \"individual\", {\"not\": [49], \"not_in_workflow_instance\": []}]',NULL,'none',0,'Edit the problem to ensure that it makes sense.','','{\"0\": {\"title\": \"Problem 1\", \"rubric\": \"\", \"field_type\": \"text\", \"rating_max\": 5, \"show_title\": false, \"numeric_max\": 40, \"numeric_min\": 0, \"instructions\": \"\", \"list_of_labels\": [\"Easy\", \"Medium\", \"Hard\"], \"assessment_type\": null, \"default_content\": [\"\", \"\"], \"default_refers_to\": [null, null], \"requires_justification\": false, \"justification_instructions\": \"\"}, \"1\": {\"title\": \"Explanation\", \"rubric\": \"\", \"field_type\": \"text\", \"rating_max\": 5, \"show_title\": true, \"numeric_max\": 40, \"numeric_min\": 0, \"instructions\": \"Enter an explanation of the edits you have made.\", \"list_of_labels\": [\"Easy\", \"Medium\", \"Hard\"], \"assessment_type\": null, \"default_content\": [\"\", \"\"], \"default_refers_to\": [null, null], \"requires_justification\": false, \"justification_instructions\": \"\"}, \"field_titles\": [\"Problem 1\", \"Explanation\"], \"number_of_fields\": 2}','[\"none\", \"don\'t wait\"]',0,'none',1,'[]','max',NULL,0,0,0,NULL,NULL,NULL,NULL,NULL,NULL,NULL,NULL,'whole',0,1,NULL),
(51,7,8,'Solve Create Problem','solve_problem','{\"optional\": 0, \"mandatory\": 0}','[\"duration\", 4320]',0,'\"late\"','\"keep_same_participant\"','Solve Assignment test 2','','0','[\"student\", \"individual\", {\"not\": [49, 50]}]',NULL,'none',0,'Solve the problem.','','{\"0\": {\"title\": \"Solution\", \"rubric\": \"\", \"field_type\": \"text\", \"rating_max\": 5, \"show_title\": false, \"numeric_max\": 40, \"numeric_min\": 0, \"instructions\": \"\", \"list_of_labels\": [\"Easy\", \"Medium\", \"Hard\"], \"assessment_type\": null, \"default_content\": [\"\", \"\"], \"default_refers_to\": [null, null], \"requires_justification\": false, \"justification_instructions\": \"\"}, \"field_titles\": [\"Solution\"], \"number_of_fields\": 1}','[\"none\", \"don\'t wait\"]',0,'grade',1,'[]','max',NULL,0,0,0,NULL,NULL,NULL,NULL,NULL,NULL,NULL,NULL,'last',0,1,NULL),
(52,7,8,'Grade Solve Create Problem','grade_problem','{\"optional\": 0, \"mandatory\": 0}','[\"duration\", 4320]',0,'\"late\"','\"keep_same_participant\"','Grade Solve Assignment test 2','','0','[\"student\", \"individual\", {\"not\": [49], \"same_as\": [49]}]',NULL,'none',1,'','','{\"0\": {\"title\": \"Correctness\", \"rubric\": \"\", \"field_type\": \"assessment\", \"rating_max\": 5, \"show_title\": true, \"numeric_max\": 50, \"numeric_min\": 0, \"instructions\": \"Grade the solution on how correct it is.\", \"list_of_labels\": [\"Easy\", \"Medium\", \"Hard\"], \"assessment_type\": \"grade\", \"default_content\": [\"\", \"\"], \"default_refers_to\": [null, null], \"requires_justification\": true, \"justification_instructions\": \"\"}, \"1\": {\"title\": \"Completeness\", \"rubric\": \"\", \"field_type\": \"assessment\", \"rating_max\": 5, \"show_title\": true, \"numeric_max\": 50, \"numeric_min\": 0, \"instructions\": \"Grade the solution on whether you feel it completely answered the problem.\", \"list_of_labels\": [\"Easy\", \"Medium\", \"Hard\"], \"assessment_type\": \"grade\", \"default_content\": [\"\", \"\"], \"default_refers_to\": [null, null], \"requires_justification\": true, \"justification_instructions\": \"\"}, \"field_titles\": [\"Correctness\", \"Completeness\"], \"number_of_fields\": 2}','[\"none\", \"don\'t wait\"]',0,'none',2,'[]','max',NULL,1,0,0,NULL,NULL,NULL,NULL,NULL,NULL,NULL,NULL,'first',0,1,NULL),
(53,7,8,'Needs Consolidation of Grade Solve Create Problem','needs_consolidation','{\"optional\": 0, \"mandatory\": 0}','[\"duration\", 4320]',0,'\"late\"','\"keep_same_participant\"',' Grade Solve Assignment test 2','','0','[\"student\", \"individual\", {\"same_as\": [51]}]',NULL,'none',0,'','',NULL,'[\"none\", \"don\'t wait\"]',0,'none',1,'[15, \"percent\"]','max',NULL,0,0,0,NULL,NULL,NULL,NULL,NULL,NULL,NULL,NULL,'first',0,1,NULL),
(54,7,8,'Consolidate Grade Solve Create Problem','consolidation','{\"optional\": 0, \"mandatory\": 0}','[\"duration\", 4320]',0,'\"late\"','\"keep_same_participant\"','Consolidate  Grade Solve Assignment test 2','','0','[\"student\", \"individual\", {\"not\": [51, 49, 52]}]',NULL,'none',1,'Consolidate the prior set of opinions into a single, fair representation.','','{\"0\": {\"title\": \"Correctness\", \"rubric\": \"\", \"field_type\": \"assessment\", \"rating_max\": 5, \"show_title\": true, \"numeric_max\": 50, \"numeric_min\": 0, \"instructions\": \"Grade the solution on how correct it is.\", \"list_of_labels\": [\"Easy\", \"Medium\", \"Hard\"], \"assessment_type\": \"grade\", \"default_content\": [\"\", \"\"], \"default_refers_to\": [null, null], \"requires_justification\": true, \"justification_instructions\": \"\"}, \"1\": {\"title\": \"Completeness\", \"rubric\": \"\", \"field_type\": \"assessment\", \"rating_max\": 5, \"show_title\": true, \"numeric_max\": 50, \"numeric_min\": 0, \"instructions\": \"Grade the solution on whether you feel it completely answered the problem.\", \"list_of_labels\": [\"Easy\", \"Medium\", \"Hard\"], \"assessment_type\": \"grade\", \"default_content\": [\"\", \"\"], \"default_refers_to\": [null, null], \"requires_justification\": true, \"justification_instructions\": \"\"}, \"field_titles\": [\"Correctness\", \"Completeness\"], \"number_of_fields\": 2}','[\"none\", \"don\'t wait\"]',0,'none',1,'[]','max',NULL,0,0,0,NULL,NULL,NULL,NULL,NULL,NULL,NULL,NULL,'first',0,1,NULL),
(55,7,8,'Dispute of  Grade Solve Create Problem','dispute','{\"optional\": 0, \"mandatory\": 0}','[\"duration\", 4320]',0,'\"resolved\"',NULL,'Dispute of Consolidate  Grade Solve Assignment test 2','','0','[\"student\", \"individual\", {\"same_as\": [51]}]',NULL,'none',0,'Decide whether to dispute your grade or not. If you do, you must justify your grades.','','{\"0\": {\"title\": \"Correctness\", \"rubric\": \"\", \"field_type\": \"assessment\", \"rating_max\": 5, \"show_title\": true, \"numeric_max\": 50, \"numeric_min\": 0, \"instructions\": \"Grade the solution on how correct it is.\", \"list_of_labels\": [\"Easy\", \"Medium\", \"Hard\"], \"assessment_type\": \"grade\", \"default_content\": [\"\", \"\"], \"default_refers_to\": [null, null], \"requires_justification\": true, \"justification_instructions\": \"\"}, \"1\": {\"title\": \"Completeness\", \"rubric\": \"\", \"field_type\": \"assessment\", \"rating_max\": 5, \"show_title\": true, \"numeric_max\": 50, \"numeric_min\": 0, \"instructions\": \"Grade the solution on whether you feel it completely answered the problem.\", \"list_of_labels\": [\"Easy\", \"Medium\", \"Hard\"], \"assessment_type\": \"grade\", \"default_content\": [\"\", \"\"], \"default_refers_to\": [null, null], \"requires_justification\": true, \"justification_instructions\": \"\"}, \"2\": {\"title\": \"Justification\", \"rubric\": \"\", \"field_type\": \"text\", \"rating_max\": 5, \"show_title\": false, \"numeric_max\": 40, \"numeric_min\": 0, \"instructions\": \"Explain why the other evaluators were incorrect and why you are correct instead.\", \"list_of_labels\": [\"Easy\", \"Medium\", \"Hard\"], \"assessment_type\": null, \"default_content\": [\"\", \"\"], \"default_refers_to\": [null, null], \"requires_justification\": false, \"justification_instructions\": \"\"}, \"field_titles\": [\"Correctness\", \"Completeness\", \"Justification\"], \"number_of_fields\": 3}','[\"none\", \"don\'t wait\"]',0,'none',1,'[]','max',NULL,0,0,0,NULL,NULL,NULL,NULL,NULL,NULL,NULL,NULL,'first',0,1,NULL),
(56,7,8,'Resolve Dispute of Grade Solve Create Problem','resolve_dispute','{\"optional\": 0, \"mandatory\": 0}','[\"duration\", 4320]',0,'\"late\"','\"keep_same_participant\"','Resolve Dispute of Consolidate  Grade Solve Assignment test 2','','0','[\"instructor\", \"individual\", {\"not\": [51, 55]}]',NULL,'none',1,'Resolve the dispute by evaluating it yourself. (You may consider all the other participant’s evaluations.)','','{\"0\": {\"title\": \"Correctness\", \"rubric\": \"\", \"field_type\": \"assessment\", \"rating_max\": 5, \"show_title\": true, \"numeric_max\": 50, \"numeric_min\": 0, \"instructions\": \"Grade the solution on how correct it is.\", \"list_of_labels\": [\"Easy\", \"Medium\", \"Hard\"], \"assessment_type\": \"grade\", \"default_content\": [\"\", \"\"], \"default_refers_to\": [null, null], \"requires_justification\": true, \"justification_instructions\": \"\"}, \"1\": {\"title\": \"Completeness\", \"rubric\": \"\", \"field_type\": \"assessment\", \"rating_max\": 5, \"show_title\": true, \"numeric_max\": 50, \"numeric_min\": 0, \"instructions\": \"Grade the solution on whether you feel it completely answered the problem.\", \"list_of_labels\": [\"Easy\", \"Medium\", \"Hard\"], \"assessment_type\": \"grade\", \"default_content\": [\"\", \"\"], \"default_refers_to\": [null, null], \"requires_justification\": true, \"justification_instructions\": \"\"}, \"field_titles\": [\"Correctness\", \"Completeness\"], \"number_of_fields\": 2}','[\"none\", \"don\'t wait\"]',0,'none',1,'[]','max',NULL,0,0,0,NULL,NULL,NULL,NULL,NULL,NULL,NULL,NULL,'first',0,1,NULL),
(57,8,8,'Create Problem','create_problem','{\"optional\": 0, \"mandatory\": 0}','[\"duration\", 4320]',0,'\"late\"','\"keep_same_participant\"','Create Problem','','0','[\"student\", \"individual\", {}]',NULL,'none',0,'Create a new problem for another student to solve.','','{\"0\": {\"title\": \"Problem 1\", \"rubric\": \"\", \"field_type\": \"text\", \"rating_max\": 5, \"show_title\": false, \"numeric_max\": 40, \"numeric_min\": 0, \"instructions\": \"\", \"list_of_labels\": [\"Easy\", \"Medium\", \"Hard\"], \"assessment_type\": null, \"default_content\": [\"\", \"\"], \"default_refers_to\": [null, null], \"requires_justification\": false, \"justification_instructions\": \"\"}, \"field_titles\": [\"Problem 1\"], \"number_of_fields\": 1}','[\"edit\", \"don\'t wait\"]',0,'none',1,'[]','max',NULL,0,0,1,NULL,NULL,NULL,NULL,NULL,NULL,NULL,NULL,'last',0,1,NULL),
(58,8,8,'Edit Create Problem','edit','{\"optional\": 0, \"mandatory\": 0}','[\"duration\", 4320]',0,'\"late\"','\"keep_same_participant\"','Edit Create Problem','','0','[\"instructor\", \"individual\", {\"not\": [57], \"not_in_workflow_instance\": []}]',NULL,'none',0,'Edit the problem to ensure that it makes sense.','','{\"0\": {\"title\": \"Problem 1\", \"rubric\": \"\", \"field_type\": \"text\", \"rating_max\": 5, \"show_title\": false, \"numeric_max\": 40, \"numeric_min\": 0, \"instructions\": \"\", \"list_of_labels\": [\"Easy\", \"Medium\", \"Hard\"], \"assessment_type\": null, \"default_content\": [\"\", \"\"], \"default_refers_to\": [null, null], \"requires_justification\": false, \"justification_instructions\": \"\"}, \"1\": {\"title\": \"Explanation\", \"rubric\": \"\", \"field_type\": \"text\", \"rating_max\": 5, \"show_title\": true, \"numeric_max\": 40, \"numeric_min\": 0, \"instructions\": \"Enter an explanation of the edits you have made.\", \"list_of_labels\": [\"Easy\", \"Medium\", \"Hard\"], \"assessment_type\": null, \"default_content\": [\"\", \"\"], \"default_refers_to\": [null, null], \"requires_justification\": false, \"justification_instructions\": \"\"}, \"field_titles\": [\"Problem 1\", \"Explanation\"], \"number_of_fields\": 2}','[\"none\", \"don\'t wait\"]',0,'none',1,'[]','max',NULL,0,0,0,NULL,NULL,NULL,NULL,NULL,NULL,NULL,NULL,'whole',0,1,NULL),
(59,8,8,'Solve Create Problem','solve_problem','{\"optional\": 0, \"mandatory\": 0}','[\"duration\", 4320]',0,'\"late\"','\"keep_same_participant\"','Solve Create Problem','','0','[\"student\", \"individual\", {\"not\": [57, 58]}]',NULL,'none',0,'Solve the problem.','','{\"0\": {\"title\": \"Solution\", \"rubric\": \"\", \"field_type\": \"text\", \"rating_max\": 5, \"show_title\": false, \"numeric_max\": 40, \"numeric_min\": 0, \"instructions\": \"\", \"list_of_labels\": [\"Easy\", \"Medium\", \"Hard\"], \"assessment_type\": null, \"default_content\": [\"\", \"\"], \"default_refers_to\": [null, null], \"requires_justification\": false, \"justification_instructions\": \"\"}, \"field_titles\": [\"Solution\"], \"number_of_fields\": 1}','[\"none\", \"don\'t wait\"]',0,'grade',1,'[]','max',NULL,0,0,0,NULL,NULL,NULL,NULL,NULL,NULL,NULL,NULL,'last',0,1,NULL),
(60,8,8,'Grade Solve Create Problem','grade_problem','{\"optional\": 0, \"mandatory\": 0}','[\"duration\", 4320]',0,'\"late\"','\"keep_same_participant\"','Grade Solve Create Problem','','0','[\"student\", \"individual\", {\"not\": [57], \"same_as\": [57]}]',NULL,'none',1,'','','{\"0\": {\"title\": \"Correctness\", \"rubric\": \"\", \"field_type\": \"assessment\", \"rating_max\": 5, \"show_title\": true, \"numeric_max\": 50, \"numeric_min\": 0, \"instructions\": \"Grade the solution on how correct it is.\", \"list_of_labels\": [\"Easy\", \"Medium\", \"Hard\"], \"assessment_type\": \"grade\", \"default_content\": [\"\", \"\"], \"default_refers_to\": [null, null], \"requires_justification\": true, \"justification_instructions\": \"\"}, \"1\": {\"title\": \"Completeness\", \"rubric\": \"\", \"field_type\": \"assessment\", \"rating_max\": 5, \"show_title\": true, \"numeric_max\": 50, \"numeric_min\": 0, \"instructions\": \"Grade the solution on whether you feel it completely answered the problem.\", \"list_of_labels\": [\"Easy\", \"Medium\", \"Hard\"], \"assessment_type\": \"grade\", \"default_content\": [\"\", \"\"], \"default_refers_to\": [null, null], \"requires_justification\": true, \"justification_instructions\": \"\"}, \"field_titles\": [\"Correctness\", \"Completeness\"], \"number_of_fields\": 2}','[\"none\", \"don\'t wait\"]',0,'none',2,'[]','max',NULL,1,0,0,NULL,NULL,NULL,NULL,NULL,NULL,NULL,NULL,'first',0,1,NULL),
(61,8,8,'Needs Consolidation of Grade Solve Create Problem','needs_consolidation','{\"optional\": 0, \"mandatory\": 0}','[\"duration\", 4320]',0,'\"late\"','\"keep_same_participant\"','Needs Consolidation of Grade Solve Create Problem','','0','[\"student\", \"individual\", {\"same_as\": [59]}]',NULL,'none',0,'','',NULL,'[\"none\", \"don\'t wait\"]',0,'none',1,'[15, \"percent\"]','max',NULL,0,0,0,NULL,NULL,NULL,NULL,NULL,NULL,NULL,NULL,'first',0,1,NULL),
(62,8,8,'Consolidate Grade Solve Create Problem','consolidation','{\"optional\": 0, \"mandatory\": 0}','[\"duration\", 4320]',0,'\"late\"','\"keep_same_participant\"','Consolidate Grade Solve Create Problem','','0','[\"student\", \"individual\", {\"not\": [59, 57, 60]}]',NULL,'none',1,'Consolidate the prior set of opinions into a single, fair representation.','','{\"0\": {\"title\": \"Correctness\", \"rubric\": \"\", \"field_type\": \"assessment\", \"rating_max\": 5, \"show_title\": true, \"numeric_max\": 50, \"numeric_min\": 0, \"instructions\": \"Grade the solution on how correct it is.\", \"list_of_labels\": [\"Easy\", \"Medium\", \"Hard\"], \"assessment_type\": \"grade\", \"default_content\": [\"\", \"\"], \"default_refers_to\": [null, null], \"requires_justification\": true, \"justification_instructions\": \"\"}, \"1\": {\"title\": \"Completeness\", \"rubric\": \"\", \"field_type\": \"assessment\", \"rating_max\": 5, \"show_title\": true, \"numeric_max\": 50, \"numeric_min\": 0, \"instructions\": \"Grade the solution on whether you feel it completely answered the problem.\", \"list_of_labels\": [\"Easy\", \"Medium\", \"Hard\"], \"assessment_type\": \"grade\", \"default_content\": [\"\", \"\"], \"default_refers_to\": [null, null], \"requires_justification\": true, \"justification_instructions\": \"\"}, \"field_titles\": [\"Correctness\", \"Completeness\"], \"number_of_fields\": 2}','[\"none\", \"don\'t wait\"]',0,'none',1,'[]','max',NULL,0,0,0,NULL,NULL,NULL,NULL,NULL,NULL,NULL,NULL,'first',0,1,NULL),
(63,8,8,'Dispute of  Grade Solve Create Problem','dispute','{\"optional\": 0, \"mandatory\": 0}','[\"duration\", 4320]',0,'\"resolved\"',NULL,'Dispute of  Grade Solve Create Problem','','0','[\"student\", \"individual\", {\"same_as\": [59]}]',NULL,'none',0,'Decide whether to dispute your grade or not. If you do, you must justify your grades.','','{\"0\": {\"title\": \"Correctness\", \"rubric\": \"\", \"field_type\": \"assessment\", \"rating_max\": 5, \"show_title\": true, \"numeric_max\": 50, \"numeric_min\": 0, \"instructions\": \"Grade the solution on how correct it is.\", \"list_of_labels\": [\"Easy\", \"Medium\", \"Hard\"], \"assessment_type\": \"grade\", \"default_content\": [\"\", \"\"], \"default_refers_to\": [null, null], \"requires_justification\": true, \"justification_instructions\": \"\"}, \"1\": {\"title\": \"Completeness\", \"rubric\": \"\", \"field_type\": \"assessment\", \"rating_max\": 5, \"show_title\": true, \"numeric_max\": 50, \"numeric_min\": 0, \"instructions\": \"Grade the solution on whether you feel it completely answered the problem.\", \"list_of_labels\": [\"Easy\", \"Medium\", \"Hard\"], \"assessment_type\": \"grade\", \"default_content\": [\"\", \"\"], \"default_refers_to\": [null, null], \"requires_justification\": true, \"justification_instructions\": \"\"}, \"2\": {\"title\": \"Justification\", \"rubric\": \"\", \"field_type\": \"text\", \"rating_max\": 5, \"show_title\": false, \"numeric_max\": 40, \"numeric_min\": 0, \"instructions\": \"Explain why the other evaluators were incorrect and why you are correct instead.\", \"list_of_labels\": [\"Easy\", \"Medium\", \"Hard\"], \"assessment_type\": null, \"default_content\": [\"\", \"\"], \"default_refers_to\": [null, null], \"requires_justification\": false, \"justification_instructions\": \"\"}, \"field_titles\": [\"Correctness\", \"Completeness\", \"Justification\"], \"number_of_fields\": 3}','[\"none\", \"don\'t wait\"]',0,'none',1,'[]','max',NULL,0,0,0,NULL,NULL,NULL,NULL,NULL,NULL,NULL,NULL,'first',0,1,NULL),
(64,8,8,'Resolve Dispute of Grade Solve Create Problem','resolve_dispute','{\"optional\": 0, \"mandatory\": 0}','[\"duration\", 4320]',0,'\"late\"','\"keep_same_participant\"','Resolve Dispute of Grade Solve Create Problem','','0','[\"instructor\", \"individual\", {\"not\": [59, 63]}]',NULL,'none',1,'Resolve the dispute by evaluating it yourself. (You may consider all the other participant’s evaluations.)','','{\"0\": {\"title\": \"Correctness\", \"rubric\": \"\", \"field_type\": \"assessment\", \"rating_max\": 5, \"show_title\": true, \"numeric_max\": 50, \"numeric_min\": 0, \"instructions\": \"Grade the solution on how correct it is.\", \"list_of_labels\": [\"Easy\", \"Medium\", \"Hard\"], \"assessment_type\": \"grade\", \"default_content\": [\"\", \"\"], \"default_refers_to\": [null, null], \"requires_justification\": true, \"justification_instructions\": \"\"}, \"1\": {\"title\": \"Completeness\", \"rubric\": \"\", \"field_type\": \"assessment\", \"rating_max\": 5, \"show_title\": true, \"numeric_max\": 50, \"numeric_min\": 0, \"instructions\": \"Grade the solution on whether you feel it completely answered the problem.\", \"list_of_labels\": [\"Easy\", \"Medium\", \"Hard\"], \"assessment_type\": \"grade\", \"default_content\": [\"\", \"\"], \"default_refers_to\": [null, null], \"requires_justification\": true, \"justification_instructions\": \"\"}, \"field_titles\": [\"Correctness\", \"Completeness\"], \"number_of_fields\": 2}','[\"none\", \"don\'t wait\"]',0,'none',1,'[]','max',NULL,0,0,0,NULL,NULL,NULL,NULL,NULL,NULL,NULL,NULL,'first',0,1,NULL);

/*Table structure for table `taskgrade` */

DROP TABLE IF EXISTS `taskgrade`;

CREATE TABLE `taskgrade` (
  `TaskGradeID` int(10) unsigned NOT NULL AUTO_INCREMENT,
  `TaskInstanceID` int(10) unsigned NOT NULL,
  `SectionUserID` int(10) unsigned NOT NULL,
  `WorkflowActivityID` int(10) unsigned NOT NULL,
  `Grade` float unsigned NOT NULL,
  `Comments` varchar(255) DEFAULT NULL,
  PRIMARY KEY (`TaskGradeID`),
  UNIQUE KEY `TaskGradeID` (`TaskGradeID`),
  UNIQUE KEY `TaskGrade_TaskGradeID_unique` (`TaskGradeID`),
  UNIQUE KEY `ti_sectionUserId_unq_idx` (`TaskInstanceID`,`SectionUserID`),
  KEY `SectionUserID` (`SectionUserID`),
  KEY `WorkflowActivityID` (`WorkflowActivityID`),
  CONSTRAINT `taskgrade_ibfk_1` FOREIGN KEY (`TaskInstanceID`) REFERENCES `taskinstance` (`TaskInstanceID`) ON DELETE NO ACTION ON UPDATE CASCADE,
  CONSTRAINT `taskgrade_ibfk_2` FOREIGN KEY (`SectionUserID`) REFERENCES `sectionuser` (`SectionUserID`) ON DELETE NO ACTION ON UPDATE CASCADE,
  CONSTRAINT `taskgrade_ibfk_3` FOREIGN KEY (`WorkflowActivityID`) REFERENCES `workflowactivity` (`WorkflowActivityID`) ON DELETE NO ACTION ON UPDATE CASCADE
) ENGINE=InnoDB DEFAULT CHARSET=latin1;

/*Data for the table `taskgrade` */

/*Table structure for table `taskinstance` */

DROP TABLE IF EXISTS `taskinstance`;

CREATE TABLE `taskinstance` (
  `TaskInstanceID` int(10) unsigned NOT NULL AUTO_INCREMENT,
  `UserID` int(10) unsigned NOT NULL,
  `TaskActivityID` int(10) unsigned NOT NULL,
  `WorkflowInstanceID` int(10) unsigned NOT NULL,
  `AssignmentInstanceID` int(10) unsigned NOT NULL,
  `GroupID` int(10) unsigned DEFAULT NULL,
  `Status` varchar(255) DEFAULT NULL,
  `StartDate` datetime DEFAULT NULL,
  `EndDate` datetime DEFAULT NULL,
  `ActualEndDate` datetime DEFAULT NULL,
  `Data` json DEFAULT NULL,
  `UserHistory` json DEFAULT NULL,
  `FinalGrade` float unsigned DEFAULT NULL,
  `Files` json DEFAULT NULL,
  `ReferencedTask` int(10) unsigned DEFAULT NULL,
  `IsSubworkflow` int(11) DEFAULT NULL,
  `NextTask` json DEFAULT NULL,
  `PreviousTask` json DEFAULT NULL,
  `EmailLastSent` datetime NOT NULL DEFAULT '1999-01-01 00:00:00',
  PRIMARY KEY (`TaskInstanceID`),
  UNIQUE KEY `TaskInstanceID` (`TaskInstanceID`),
  UNIQUE KEY `TaskInstance_TaskInstanceID_unique` (`TaskInstanceID`),
  KEY `UserID` (`UserID`),
  KEY `TaskActivityID` (`TaskActivityID`),
  KEY `WorkflowInstanceID` (`WorkflowInstanceID`),
  KEY `AssignmentInstanceID` (`AssignmentInstanceID`),
  CONSTRAINT `taskinstance_ibfk_1` FOREIGN KEY (`UserID`) REFERENCES `user` (`UserID`) ON DELETE NO ACTION ON UPDATE CASCADE,
  CONSTRAINT `taskinstance_ibfk_2` FOREIGN KEY (`TaskActivityID`) REFERENCES `taskactivity` (`TaskActivityID`) ON DELETE NO ACTION ON UPDATE CASCADE,
  CONSTRAINT `taskinstance_ibfk_3` FOREIGN KEY (`WorkflowInstanceID`) REFERENCES `workflowinstance` (`WorkflowInstanceID`) ON DELETE NO ACTION ON UPDATE CASCADE,
  CONSTRAINT `taskinstance_ibfk_4` FOREIGN KEY (`AssignmentInstanceID`) REFERENCES `assignmentinstance` (`AssignmentInstanceID`) ON DELETE NO ACTION ON UPDATE CASCADE
) ENGINE=InnoDB AUTO_INCREMENT=487 DEFAULT CHARSET=latin1;

/*Data for the table `taskinstance` */

insert  into `taskinstance`(`TaskInstanceID`,`UserID`,`TaskActivityID`,`WorkflowInstanceID`,`AssignmentInstanceID`,`GroupID`,`Status`,`StartDate`,`EndDate`,`ActualEndDate`,`Data`,`UserHistory`,`FinalGrade`,`Files`,`ReferencedTask`,`IsSubworkflow`,`NextTask`,`PreviousTask`,`EmailLastSent`) values 
(1,1,17,3,4,NULL,'[\"complete\",\"normal\",\"n/a\",\"late\",\"viewed\",\"orginal_user\"]','2017-07-04 18:54:05','2017-07-04 18:55:05','2017-07-25 03:59:36','[{\"0\": [\"AAAAAAAAAAA\", \"\"], \"1\": [\"AAAAAAAAAAAAA\", \"\"], \"number_of_fields\": 2}]','[{\"time\": \"2017-07-04T18:54:12.944Z\", \"user_id\": 1, \"is_extra_credit\": false}]',NULL,NULL,NULL,0,'[{\"id\": 2, \"isSubWorkflow\": 0}, {\"id\": 3, \"isSubWorkflow\": 0}]',NULL,'1999-01-01 05:00:00'),
(2,2,18,3,4,NULL,'[\"not_yet_started\",\"normal\",\"n/a\",\"before_end_time\",\"not_opened\",\"orginal_user\"]',NULL,NULL,NULL,NULL,'[{\"time\": \"2017-07-04T18:54:13.003Z\", \"user_id\": 2, \"is_extra_credit\": false}]',NULL,NULL,NULL,0,'[]','[{\"id\": 1, \"isSubWorkflow\": 0}]','1999-01-01 05:00:00'),
(3,2,19,3,4,NULL,'[\"not_yet_started\",\"normal\",\"n/a\",\"before_end_time\",\"not_opened\",\"orginal_user\"]',NULL,NULL,NULL,NULL,'[{\"time\": \"2017-07-04T18:54:13.059Z\", \"user_id\": 2, \"is_extra_credit\": false}]',NULL,NULL,NULL,0,'[{\"id\": 4, \"isSubWorkflow\": 0}, {\"id\": 5, \"isSubWorkflow\": 0}]','[{\"id\": 1, \"isSubWorkflow\": 0}]','1999-01-01 05:00:00'),
(4,1,20,3,4,NULL,'[\"not_yet_started\",\"normal\",\"n/a\",\"before_end_time\",\"not_opened\",\"orginal_user\"]',NULL,NULL,NULL,NULL,'[{\"time\": \"2017-07-04T18:54:13.103Z\", \"user_id\": 1, \"is_extra_credit\": false}]',NULL,NULL,NULL,0,'[{\"id\": 6, \"isSubWorkflow\": 0}]','[{\"id\": 3, \"isSubWorkflow\": 0}]','1999-01-01 05:00:00'),
(5,3,20,3,4,NULL,'[\"not_yet_started\",\"normal\",\"n/a\",\"before_end_time\",\"not_opened\",\"orginal_user\"]',NULL,NULL,NULL,NULL,'[{\"time\": \"2017-07-04T18:54:13.119Z\", \"user_id\": 3, \"is_extra_credit\": false}]',NULL,NULL,NULL,0,'[{\"id\": 6, \"isSubWorkflow\": 0}]','[{\"id\": 3, \"isSubWorkflow\": 0}]','1999-01-01 05:00:00'),
(6,2,21,3,4,NULL,'[\"automatic\",\"normal\",\"n/a\",\"before_end_time\",\"not_opened\",\"orginal_user\"]',NULL,NULL,NULL,NULL,'[{\"time\": \"2017-07-04T18:54:13.144Z\", \"user_id\": 2, \"is_extra_credit\": false}]',NULL,NULL,NULL,0,'[{\"id\": 7, \"isSubWorkflow\": 0}]','[{\"id\": 4, \"isSubWorkflow\": 0}, {\"id\": 5, \"isSubWorkflow\": 0}]','1999-01-01 05:00:00'),
(7,2,22,3,4,NULL,'[\"not_yet_started\",\"normal\",\"n/a\",\"before_end_time\",\"not_opened\",\"orginal_user\"]',NULL,NULL,NULL,NULL,'[{\"time\": \"2017-07-04T18:54:13.181Z\", \"user_id\": 2, \"is_extra_credit\": false}]',NULL,NULL,NULL,0,'[{\"id\": 8, \"isSubWorkflow\": 0}]','[{\"id\": 6, \"isSubWorkflow\": 0}]','1999-01-01 05:00:00'),
(8,2,23,3,4,NULL,'[\"not_yet_started\",\"normal\",\"n/a\",\"before_end_time\",\"not_opened\",\"orginal_user\"]',NULL,NULL,NULL,NULL,'[{\"time\": \"2017-07-04T18:54:13.201Z\", \"user_id\": 2, \"is_extra_credit\": false}]',NULL,NULL,NULL,0,'[{\"id\": 9, \"isSubWorkflow\": 0}]','[{\"id\": 7, \"isSubWorkflow\": 0}]','1999-01-01 05:00:00'),
(9,2,24,3,4,NULL,'[\"not_yet_started\",\"normal\",\"n/a\",\"before_end_time\",\"not_opened\",\"orginal_user\"]',NULL,NULL,NULL,NULL,'[{\"time\": \"2017-07-04T18:54:13.232Z\", \"user_id\": 2, \"is_extra_credit\": false}]',NULL,NULL,NULL,0,'[]','[{\"id\": 8, \"isSubWorkflow\": 0}]','1999-01-01 05:00:00'),
(10,3,17,4,4,NULL,'[\"complete\",\"normal\",\"submitted_for_approval\",\"late\",\"viewed\",\"orginal_user\"]','2017-07-04 18:54:05','2017-07-04 18:55:05','2017-07-04 19:24:09','[{\"0\": [\"a\", \"\"], \"1\": [\"b\", \"\"], \"number_of_fields\": 2}]','[{\"time\": \"2017-07-04T18:54:13.275Z\", \"user_id\": 3, \"is_extra_credit\": false}]',NULL,NULL,NULL,0,'[{\"id\": 11, \"isSubWorkflow\": 0}, {\"id\": 12, \"isSubWorkflow\": 0}]',NULL,'1999-01-01 05:00:00'),
(11,2,18,4,4,NULL,'[\"started\",\"normal\",\"n/a\",\"late\",\"not_opened\",\"orginal_user\"]','2017-07-04 19:24:09','2017-07-04 19:25:09',NULL,NULL,'[{\"time\": \"2017-07-04T18:54:13.316Z\", \"user_id\": 2, \"is_extra_credit\": false}]',NULL,NULL,NULL,0,'[]','[{\"id\": 10, \"isSubWorkflow\": 0}]','1999-01-01 05:00:00'),
(12,2,19,4,4,NULL,'[\"not_yet_started\",\"normal\",\"n/a\",\"before_end_time\",\"not_opened\",\"orginal_user\"]',NULL,NULL,NULL,NULL,'[{\"time\": \"2017-07-04T18:54:13.343Z\", \"user_id\": 2, \"is_extra_credit\": false}]',NULL,NULL,NULL,0,'[{\"id\": 13, \"isSubWorkflow\": 0}, {\"id\": 14, \"isSubWorkflow\": 0}]','[{\"id\": 10, \"isSubWorkflow\": 0}]','1999-01-01 05:00:00'),
(13,3,20,4,4,NULL,'[\"not_yet_started\",\"normal\",\"n/a\",\"before_end_time\",\"not_opened\",\"orginal_user\"]',NULL,NULL,NULL,NULL,'[{\"time\": \"2017-07-04T18:54:13.372Z\", \"user_id\": 3, \"is_extra_credit\": false}]',NULL,NULL,NULL,0,'[{\"id\": 15, \"isSubWorkflow\": 0}]','[{\"id\": 12, \"isSubWorkflow\": 0}]','1999-01-01 05:00:00'),
(14,1,20,4,4,NULL,'[\"not_yet_started\",\"normal\",\"n/a\",\"before_end_time\",\"not_opened\",\"orginal_user\"]',NULL,NULL,NULL,NULL,'[{\"time\": \"2017-07-04T18:54:13.386Z\", \"user_id\": 1, \"is_extra_credit\": false}]',NULL,NULL,NULL,0,'[{\"id\": 15, \"isSubWorkflow\": 0}]','[{\"id\": 12, \"isSubWorkflow\": 0}]','1999-01-01 05:00:00'),
(15,2,21,4,4,NULL,'[\"automatic\",\"normal\",\"n/a\",\"before_end_time\",\"not_opened\",\"orginal_user\"]',NULL,NULL,NULL,NULL,'[{\"time\": \"2017-07-04T18:54:13.407Z\", \"user_id\": 2, \"is_extra_credit\": false}]',NULL,NULL,NULL,0,'[{\"id\": 16, \"isSubWorkflow\": 0}]','[{\"id\": 13, \"isSubWorkflow\": 0}, {\"id\": 14, \"isSubWorkflow\": 0}]','1999-01-01 05:00:00'),
(16,2,22,4,4,NULL,'[\"not_yet_started\",\"normal\",\"n/a\",\"before_end_time\",\"not_opened\",\"orginal_user\"]',NULL,NULL,NULL,NULL,'[{\"time\": \"2017-07-04T18:54:13.449Z\", \"user_id\": 2, \"is_extra_credit\": false}]',NULL,NULL,NULL,0,'[{\"id\": 17, \"isSubWorkflow\": 0}]','[{\"id\": 15, \"isSubWorkflow\": 0}]','1999-01-01 05:00:00'),
(17,2,23,4,4,NULL,'[\"not_yet_started\",\"normal\",\"n/a\",\"before_end_time\",\"not_opened\",\"orginal_user\"]',NULL,NULL,NULL,NULL,'[{\"time\": \"2017-07-04T18:54:13.474Z\", \"user_id\": 2, \"is_extra_credit\": false}]',NULL,NULL,NULL,0,'[{\"id\": 18, \"isSubWorkflow\": 0}]','[{\"id\": 16, \"isSubWorkflow\": 0}]','1999-01-01 05:00:00'),
(18,2,24,4,4,NULL,'[\"not_yet_started\",\"normal\",\"n/a\",\"before_end_time\",\"not_opened\",\"orginal_user\"]',NULL,NULL,NULL,NULL,'[{\"time\": \"2017-07-04T18:54:13.518Z\", \"user_id\": 2, \"is_extra_credit\": false}]',NULL,NULL,NULL,0,'[]','[{\"id\": 17, \"isSubWorkflow\": 0}]','1999-01-01 05:00:00'),
(19,1,17,5,1,NULL,'[\"complete\",\"normal\",\"n/a\",\"late\",\"viewed\",\"orginal_user\"]','2017-07-04 16:33:19','2017-07-04 16:34:19','2017-07-25 04:17:50','[{\"0\": [\"AAAAAAAAAAA\", \"\"], \"1\": [\"AAAAAAAAAAAAAAAA\", \"\"], \"number_of_fields\": 2}]','[{\"time\": \"2017-07-04T18:56:11.404Z\", \"user_id\": 1, \"is_extra_credit\": false}]',NULL,NULL,NULL,0,'[{\"id\": 20, \"isSubWorkflow\": 0}, {\"id\": 21, \"isSubWorkflow\": 0}]',NULL,'1999-01-01 05:00:00'),
(20,2,18,5,1,NULL,'[\"not_yet_started\",\"normal\",\"n/a\",\"before_end_time\",\"not_opened\",\"orginal_user\"]',NULL,NULL,NULL,NULL,'[{\"time\": \"2017-07-04T18:56:11.455Z\", \"user_id\": 2, \"is_extra_credit\": false}]',NULL,NULL,NULL,0,'[]','[{\"id\": 19, \"isSubWorkflow\": 0}]','1999-01-01 05:00:00'),
(21,2,19,5,1,NULL,'[\"not_yet_started\",\"normal\",\"n/a\",\"before_end_time\",\"not_opened\",\"orginal_user\"]',NULL,NULL,NULL,NULL,'[{\"time\": \"2017-07-04T18:56:11.506Z\", \"user_id\": 2, \"is_extra_credit\": false}]',NULL,NULL,NULL,0,'[{\"id\": 22, \"isSubWorkflow\": 0}, {\"id\": 23, \"isSubWorkflow\": 0}]','[{\"id\": 19, \"isSubWorkflow\": 0}]','1999-01-01 05:00:00'),
(22,1,20,5,1,NULL,'[\"not_yet_started\",\"normal\",\"n/a\",\"before_end_time\",\"not_opened\",\"orginal_user\"]',NULL,NULL,NULL,NULL,'[{\"time\": \"2017-07-04T18:56:11.564Z\", \"user_id\": 1, \"is_extra_credit\": false}]',NULL,NULL,NULL,0,'[{\"id\": 24, \"isSubWorkflow\": 0}]','[{\"id\": 21, \"isSubWorkflow\": 0}]','1999-01-01 05:00:00'),
(23,2,20,5,1,NULL,'[\"not_yet_started\",\"normal\",\"n/a\",\"before_end_time\",\"not_opened\",\"orginal_user\"]',NULL,NULL,NULL,NULL,'[{\"time\": \"2017-07-04T18:56:11.581Z\", \"user_id\": 2, \"is_extra_credit\": false}]',NULL,NULL,NULL,0,'[{\"id\": 24, \"isSubWorkflow\": 0}]','[{\"id\": 21, \"isSubWorkflow\": 0}]','1999-01-01 05:00:00'),
(24,2,21,5,1,NULL,'[\"automatic\",\"normal\",\"n/a\",\"before_end_time\",\"not_opened\",\"orginal_user\"]',NULL,NULL,NULL,NULL,'[{\"time\": \"2017-07-04T18:56:11.605Z\", \"user_id\": 2, \"is_extra_credit\": false}]',NULL,NULL,NULL,0,'[{\"id\": 25, \"isSubWorkflow\": 0}]','[{\"id\": 22, \"isSubWorkflow\": 0}, {\"id\": 23, \"isSubWorkflow\": 0}]','1999-01-01 05:00:00'),
(25,2,22,5,1,NULL,'[\"not_yet_started\",\"normal\",\"n/a\",\"before_end_time\",\"not_opened\",\"orginal_user\"]',NULL,NULL,NULL,NULL,'[{\"time\": \"2017-07-04T18:56:11.651Z\", \"user_id\": 2, \"is_extra_credit\": false}]',NULL,NULL,NULL,0,'[{\"id\": 26, \"isSubWorkflow\": 0}]','[{\"id\": 24, \"isSubWorkflow\": 0}]','1999-01-01 05:00:00'),
(26,2,23,5,1,NULL,'[\"not_yet_started\",\"normal\",\"n/a\",\"before_end_time\",\"not_opened\",\"orginal_user\"]',NULL,NULL,NULL,NULL,'[{\"time\": \"2017-07-04T18:56:11.680Z\", \"user_id\": 2, \"is_extra_credit\": false}]',NULL,NULL,NULL,0,'[{\"id\": 27, \"isSubWorkflow\": 0}]','[{\"id\": 25, \"isSubWorkflow\": 0}]','1999-01-01 05:00:00'),
(27,2,24,5,1,NULL,'[\"not_yet_started\",\"normal\",\"n/a\",\"before_end_time\",\"not_opened\",\"orginal_user\"]',NULL,NULL,NULL,NULL,'[{\"time\": \"2017-07-04T18:56:11.712Z\", \"user_id\": 2, \"is_extra_credit\": false}]',NULL,NULL,NULL,0,'[]','[{\"id\": 26, \"isSubWorkflow\": 0}]','1999-01-01 05:00:00'),
(28,3,17,6,4,NULL,'[\"complete\",\"normal\",\"submitted_for_approval\",\"late\",\"viewed\",\"orginal_user\"]','2017-07-04 18:54:05','2017-07-04 18:55:05','2017-07-04 19:24:58','[{\"0\": [\"Enter an explanation of the edits you have made.Enter an explanation of the edits you have made.Enter an explanation of the edits you have made.Enter an explanation of the edits you have made.Enter an explanation of the edits you have made.Enter an explanation of the edits you have made.Enter an explanation of the edits you have made.Enter an explanation of the edits you have made.Enter an explanation of the edits you have made.Enter an explanation of the edits you have made.Enter an explanation of the edits you have made.Enter an explanation of the edits you have made.\", \"\"], \"1\": [\"Enter an explanation of the edits you have made.Enter an explanation of the edits you have made.Enter an explanation of the edits you have made.Enter an explanation of the edits you have made.Enter an explanation of the edits you have made.Enter an explanation of the edits you have made.Enter an explanation of the edits you have made.Enter an explanation of the edits you have made.Enter an explanation of the edits you have made.Enter an explanation of the edits you have made.\", \"\"], \"number_of_fields\": 2}]','[{\"time\": \"2017-07-04T18:57:58.743Z\", \"user_id\": 3, \"is_extra_credit\": false}]',NULL,NULL,NULL,0,'[{\"id\": 29, \"isSubWorkflow\": 0}, {\"id\": 30, \"isSubWorkflow\": 0}]',NULL,'1999-01-01 05:00:00'),
(29,2,18,6,4,NULL,'[\"started\",\"normal\",\"n/a\",\"late\",\"not_opened\",\"orginal_user\"]','2017-07-04 19:24:58','2017-07-04 19:25:58',NULL,NULL,'[{\"time\": \"2017-07-04T18:57:58.777Z\", \"user_id\": 2, \"is_extra_credit\": false}]',NULL,NULL,NULL,0,'[]','[{\"id\": 28, \"isSubWorkflow\": 0}]','1999-01-01 05:00:00'),
(30,69,19,6,4,NULL,'[\"not_yet_started\",\"normal\",\"n/a\",\"before_end_time\",\"not_opened\",\"orginal_user\"]',NULL,NULL,NULL,NULL,'[{\"time\": \"2017-07-04T18:57:58.807Z\", \"user_id\": 69, \"is_extra_credit\": false}]',NULL,NULL,NULL,0,'[{\"id\": 31, \"isSubWorkflow\": 0}, {\"id\": 32, \"isSubWorkflow\": 0}]','[{\"id\": 28, \"isSubWorkflow\": 0}]','1999-01-01 05:00:00'),
(31,3,20,6,4,NULL,'[\"not_yet_started\",\"normal\",\"n/a\",\"before_end_time\",\"not_opened\",\"orginal_user\"]',NULL,NULL,NULL,NULL,'[{\"time\": \"2017-07-04T18:57:58.835Z\", \"user_id\": 3, \"is_extra_credit\": false}]',NULL,NULL,NULL,0,'[{\"id\": 33, \"isSubWorkflow\": 0}]','[{\"id\": 30, \"isSubWorkflow\": 0}]','1999-01-01 05:00:00'),
(32,5,20,6,4,NULL,'[\"not_yet_started\",\"normal\",\"n/a\",\"before_end_time\",\"not_opened\",\"orginal_user\"]',NULL,NULL,NULL,NULL,'[{\"time\": \"2017-07-04T18:57:58.846Z\", \"user_id\": 5, \"is_extra_credit\": false}]',NULL,NULL,NULL,0,'[{\"id\": 33, \"isSubWorkflow\": 0}]','[{\"id\": 30, \"isSubWorkflow\": 0}]','1999-01-01 05:00:00'),
(33,69,21,6,4,NULL,'[\"automatic\",\"normal\",\"n/a\",\"before_end_time\",\"not_opened\",\"orginal_user\"]',NULL,NULL,NULL,NULL,'[{\"time\": \"2017-07-04T18:57:58.868Z\", \"user_id\": 69, \"is_extra_credit\": false}]',NULL,NULL,NULL,0,'[{\"id\": 34, \"isSubWorkflow\": 0}]','[{\"id\": 31, \"isSubWorkflow\": 0}, {\"id\": 32, \"isSubWorkflow\": 0}]','1999-01-01 05:00:00'),
(34,6,22,6,4,NULL,'[\"not_yet_started\",\"normal\",\"n/a\",\"before_end_time\",\"not_opened\",\"orginal_user\"]',NULL,NULL,NULL,NULL,'[{\"time\": \"2017-07-04T18:57:58.892Z\", \"user_id\": 6, \"is_extra_credit\": false}]',NULL,NULL,NULL,0,'[{\"id\": 35, \"isSubWorkflow\": 0}]','[{\"id\": 33, \"isSubWorkflow\": 0}]','1999-01-01 05:00:00'),
(35,69,23,6,4,NULL,'[\"not_yet_started\",\"normal\",\"n/a\",\"before_end_time\",\"not_opened\",\"orginal_user\"]',NULL,NULL,NULL,NULL,'[{\"time\": \"2017-07-04T18:57:58.912Z\", \"user_id\": 69, \"is_extra_credit\": false}]',NULL,NULL,NULL,0,'[{\"id\": 36, \"isSubWorkflow\": 0}]','[{\"id\": 34, \"isSubWorkflow\": 0}]','1999-01-01 05:00:00'),
(36,2,24,6,4,NULL,'[\"not_yet_started\",\"normal\",\"n/a\",\"before_end_time\",\"not_opened\",\"orginal_user\"]',NULL,NULL,NULL,NULL,'[{\"time\": \"2017-07-04T18:57:58.937Z\", \"user_id\": 2, \"is_extra_credit\": false}]',NULL,NULL,NULL,0,'[]','[{\"id\": 35, \"isSubWorkflow\": 0}]','1999-01-01 05:00:00'),
(37,69,17,7,4,NULL,'[\"started\",\"normal\",\"n/a\",\"late\",\"not_opened\",\"orginal_user\"]','2017-07-04 18:54:05','2017-07-04 18:55:05',NULL,NULL,'[{\"time\": \"2017-07-04T18:57:58.974Z\", \"user_id\": 69, \"is_extra_credit\": false}]',NULL,NULL,NULL,0,'[{\"id\": 38, \"isSubWorkflow\": 0}, {\"id\": 39, \"isSubWorkflow\": 0}]',NULL,'1999-01-01 05:00:00'),
(38,2,18,7,4,NULL,'[\"not_yet_started\",\"normal\",\"n/a\",\"before_end_time\",\"not_opened\",\"orginal_user\"]',NULL,NULL,NULL,NULL,'[{\"time\": \"2017-07-04T18:57:59.002Z\", \"user_id\": 2, \"is_extra_credit\": false}]',NULL,NULL,NULL,0,'[]','[{\"id\": 37, \"isSubWorkflow\": 0}]','1999-01-01 05:00:00'),
(39,5,19,7,4,NULL,'[\"not_yet_started\",\"normal\",\"n/a\",\"before_end_time\",\"not_opened\",\"orginal_user\"]',NULL,NULL,NULL,NULL,'[{\"time\": \"2017-07-04T18:57:59.033Z\", \"user_id\": 5, \"is_extra_credit\": false}]',NULL,NULL,NULL,0,'[{\"id\": 40, \"isSubWorkflow\": 0}, {\"id\": 41, \"isSubWorkflow\": 0}]','[{\"id\": 37, \"isSubWorkflow\": 0}]','1999-01-01 05:00:00'),
(40,69,20,7,4,NULL,'[\"not_yet_started\",\"normal\",\"n/a\",\"before_end_time\",\"not_opened\",\"orginal_user\"]',NULL,NULL,NULL,NULL,'[{\"time\": \"2017-07-04T18:57:59.057Z\", \"user_id\": 69, \"is_extra_credit\": false}]',NULL,NULL,NULL,0,'[{\"id\": 42, \"isSubWorkflow\": 0}]','[{\"id\": 39, \"isSubWorkflow\": 0}]','1999-01-01 05:00:00'),
(41,6,20,7,4,NULL,'[\"not_yet_started\",\"normal\",\"n/a\",\"before_end_time\",\"not_opened\",\"orginal_user\"]',NULL,NULL,NULL,NULL,'[{\"time\": \"2017-07-04T18:57:59.070Z\", \"user_id\": 6, \"is_extra_credit\": false}]',NULL,NULL,NULL,0,'[{\"id\": 42, \"isSubWorkflow\": 0}]','[{\"id\": 39, \"isSubWorkflow\": 0}]','1999-01-01 05:00:00'),
(42,5,21,7,4,NULL,'[\"automatic\",\"normal\",\"n/a\",\"before_end_time\",\"not_opened\",\"orginal_user\"]',NULL,NULL,NULL,NULL,'[{\"time\": \"2017-07-04T18:57:59.097Z\", \"user_id\": 5, \"is_extra_credit\": false}]',NULL,NULL,NULL,0,'[{\"id\": 43, \"isSubWorkflow\": 0}]','[{\"id\": 40, \"isSubWorkflow\": 0}, {\"id\": 41, \"isSubWorkflow\": 0}]','1999-01-01 05:00:00'),
(43,7,22,7,4,NULL,'[\"not_yet_started\",\"normal\",\"n/a\",\"before_end_time\",\"not_opened\",\"orginal_user\"]',NULL,NULL,NULL,NULL,'[{\"time\": \"2017-07-04T18:57:59.128Z\", \"user_id\": 7, \"is_extra_credit\": false}]',NULL,NULL,NULL,0,'[{\"id\": 44, \"isSubWorkflow\": 0}]','[{\"id\": 42, \"isSubWorkflow\": 0}]','1999-01-01 05:00:00'),
(44,5,23,7,4,NULL,'[\"not_yet_started\",\"normal\",\"n/a\",\"before_end_time\",\"not_opened\",\"orginal_user\"]',NULL,NULL,NULL,NULL,'[{\"time\": \"2017-07-04T18:57:59.146Z\", \"user_id\": 5, \"is_extra_credit\": false}]',NULL,NULL,NULL,0,'[{\"id\": 45, \"isSubWorkflow\": 0}]','[{\"id\": 43, \"isSubWorkflow\": 0}]','1999-01-01 05:00:00'),
(45,2,24,7,4,NULL,'[\"not_yet_started\",\"normal\",\"n/a\",\"before_end_time\",\"not_opened\",\"orginal_user\"]',NULL,NULL,NULL,NULL,'[{\"time\": \"2017-07-04T18:57:59.170Z\", \"user_id\": 2, \"is_extra_credit\": false}]',NULL,NULL,NULL,0,'[]','[{\"id\": 44, \"isSubWorkflow\": 0}]','1999-01-01 05:00:00'),
(46,5,17,8,4,NULL,'[\"complete\",\"normal\",\"submitted_for_approval\",\"late\",\"viewed\",\"orginal_user\"]','2017-07-04 18:54:05','2017-07-04 18:55:05','2017-07-04 20:26:58','[{\"0\": [\"Hello Hello Hello Hello Hello Hello Hello Hello Hello Hello Hello Hello \", \"\"], \"1\": [\"Hello Hello Hello Hello Hello Hello Hello Hello Hello \", \"\"], \"number_of_fields\": 2}]','[{\"time\": \"2017-07-04T18:57:59.214Z\", \"user_id\": 5, \"is_extra_credit\": false}]',NULL,NULL,NULL,0,'[{\"id\": 47, \"isSubWorkflow\": 0}, {\"id\": 48, \"isSubWorkflow\": 0}]',NULL,'1999-01-01 05:00:00'),
(47,2,18,8,4,NULL,'[\"started\",\"normal\",\"n/a\",\"late\",\"not_opened\",\"orginal_user\"]','2017-07-04 20:26:58','2017-07-04 20:27:58',NULL,NULL,'[{\"time\": \"2017-07-04T18:57:59.250Z\", \"user_id\": 2, \"is_extra_credit\": false}]',NULL,NULL,NULL,0,'[]','[{\"id\": 46, \"isSubWorkflow\": 0}]','1999-01-01 05:00:00'),
(48,6,19,8,4,NULL,'[\"not_yet_started\",\"normal\",\"n/a\",\"before_end_time\",\"not_opened\",\"orginal_user\"]',NULL,NULL,NULL,NULL,'[{\"time\": \"2017-07-04T18:57:59.274Z\", \"user_id\": 6, \"is_extra_credit\": false}]',NULL,NULL,NULL,0,'[{\"id\": 49, \"isSubWorkflow\": 0}, {\"id\": 50, \"isSubWorkflow\": 0}]','[{\"id\": 46, \"isSubWorkflow\": 0}]','1999-01-01 05:00:00'),
(49,5,20,8,4,NULL,'[\"not_yet_started\",\"normal\",\"n/a\",\"before_end_time\",\"not_opened\",\"orginal_user\"]',NULL,NULL,NULL,NULL,'[{\"time\": \"2017-07-04T18:57:59.295Z\", \"user_id\": 5, \"is_extra_credit\": false}]',NULL,NULL,NULL,0,'[{\"id\": 51, \"isSubWorkflow\": 0}]','[{\"id\": 48, \"isSubWorkflow\": 0}]','1999-01-01 05:00:00'),
(50,7,20,8,4,NULL,'[\"not_yet_started\",\"normal\",\"n/a\",\"before_end_time\",\"not_opened\",\"orginal_user\"]',NULL,NULL,NULL,NULL,'[{\"time\": \"2017-07-04T18:57:59.306Z\", \"user_id\": 7, \"is_extra_credit\": false}]',NULL,NULL,NULL,0,'[{\"id\": 51, \"isSubWorkflow\": 0}]','[{\"id\": 48, \"isSubWorkflow\": 0}]','1999-01-01 05:00:00'),
(51,6,21,8,4,NULL,'[\"automatic\",\"normal\",\"n/a\",\"before_end_time\",\"not_opened\",\"orginal_user\"]',NULL,NULL,NULL,NULL,'[{\"time\": \"2017-07-04T18:57:59.328Z\", \"user_id\": 6, \"is_extra_credit\": false}]',NULL,NULL,NULL,0,'[{\"id\": 52, \"isSubWorkflow\": 0}]','[{\"id\": 49, \"isSubWorkflow\": 0}, {\"id\": 50, \"isSubWorkflow\": 0}]','1999-01-01 05:00:00'),
(52,8,22,8,4,NULL,'[\"not_yet_started\",\"normal\",\"n/a\",\"before_end_time\",\"not_opened\",\"orginal_user\"]',NULL,NULL,NULL,NULL,'[{\"time\": \"2017-07-04T18:57:59.355Z\", \"user_id\": 8, \"is_extra_credit\": false}]',NULL,NULL,NULL,0,'[{\"id\": 53, \"isSubWorkflow\": 0}]','[{\"id\": 51, \"isSubWorkflow\": 0}]','1999-01-01 05:00:00'),
(53,6,23,8,4,NULL,'[\"not_yet_started\",\"normal\",\"n/a\",\"before_end_time\",\"not_opened\",\"orginal_user\"]',NULL,NULL,NULL,NULL,'[{\"time\": \"2017-07-04T18:57:59.376Z\", \"user_id\": 6, \"is_extra_credit\": false}]',NULL,NULL,NULL,0,'[{\"id\": 54, \"isSubWorkflow\": 0}]','[{\"id\": 52, \"isSubWorkflow\": 0}]','1999-01-01 05:00:00'),
(54,2,24,8,4,NULL,'[\"not_yet_started\",\"normal\",\"n/a\",\"before_end_time\",\"not_opened\",\"orginal_user\"]',NULL,NULL,NULL,NULL,'[{\"time\": \"2017-07-04T18:57:59.399Z\", \"user_id\": 2, \"is_extra_credit\": false}]',NULL,NULL,NULL,0,'[]','[{\"id\": 53, \"isSubWorkflow\": 0}]','1999-01-01 05:00:00'),
(55,6,17,9,4,NULL,'[\"complete\",\"normal\",\"submitted_for_approval\",\"late\",\"viewed\",\"orginal_user\"]','2017-07-04 18:54:05','2017-07-04 18:55:05','2017-07-04 20:34:12','[{\"0\": [\"asdfasdfkdsafldasf\", \"\"], \"1\": [\"adsfadsfadsfl;dasfdsfd\", \"\"], \"number_of_fields\": 2}]','[{\"time\": \"2017-07-04T18:57:59.435Z\", \"user_id\": 6, \"is_extra_credit\": false}]',NULL,NULL,NULL,0,'[{\"id\": 56, \"isSubWorkflow\": 0}, {\"id\": 57, \"isSubWorkflow\": 0}]',NULL,'1999-01-01 05:00:00'),
(56,2,18,9,4,NULL,'[\"started\",\"normal\",\"n/a\",\"late\",\"not_opened\",\"orginal_user\"]','2017-07-04 20:34:12','2017-07-04 20:35:12',NULL,NULL,'[{\"time\": \"2017-07-04T18:57:59.469Z\", \"user_id\": 2, \"is_extra_credit\": false}]',NULL,NULL,NULL,0,'[]','[{\"id\": 55, \"isSubWorkflow\": 0}]','1999-01-01 05:00:00'),
(57,7,19,9,4,NULL,'[\"not_yet_started\",\"normal\",\"n/a\",\"before_end_time\",\"not_opened\",\"orginal_user\"]',NULL,NULL,NULL,NULL,'[{\"time\": \"2017-07-04T18:57:59.493Z\", \"user_id\": 7, \"is_extra_credit\": false}]',NULL,NULL,NULL,0,'[{\"id\": 58, \"isSubWorkflow\": 0}, {\"id\": 59, \"isSubWorkflow\": 0}]','[{\"id\": 55, \"isSubWorkflow\": 0}]','1999-01-01 05:00:00'),
(58,6,20,9,4,NULL,'[\"not_yet_started\",\"normal\",\"n/a\",\"before_end_time\",\"not_opened\",\"orginal_user\"]',NULL,NULL,NULL,NULL,'[{\"time\": \"2017-07-04T18:57:59.519Z\", \"user_id\": 6, \"is_extra_credit\": false}]',NULL,NULL,NULL,0,'[{\"id\": 60, \"isSubWorkflow\": 0}]','[{\"id\": 57, \"isSubWorkflow\": 0}]','1999-01-01 05:00:00'),
(59,8,20,9,4,NULL,'[\"not_yet_started\",\"normal\",\"n/a\",\"before_end_time\",\"not_opened\",\"orginal_user\"]',NULL,NULL,NULL,NULL,'[{\"time\": \"2017-07-04T18:57:59.534Z\", \"user_id\": 8, \"is_extra_credit\": false}]',NULL,NULL,NULL,0,'[{\"id\": 60, \"isSubWorkflow\": 0}]','[{\"id\": 57, \"isSubWorkflow\": 0}]','1999-01-01 05:00:00'),
(60,7,21,9,4,NULL,'[\"automatic\",\"normal\",\"n/a\",\"before_end_time\",\"not_opened\",\"orginal_user\"]',NULL,NULL,NULL,NULL,'[{\"time\": \"2017-07-04T18:57:59.552Z\", \"user_id\": 7, \"is_extra_credit\": false}]',NULL,NULL,NULL,0,'[{\"id\": 61, \"isSubWorkflow\": 0}]','[{\"id\": 58, \"isSubWorkflow\": 0}, {\"id\": 59, \"isSubWorkflow\": 0}]','1999-01-01 05:00:00'),
(61,9,22,9,4,NULL,'[\"not_yet_started\",\"normal\",\"n/a\",\"before_end_time\",\"not_opened\",\"orginal_user\"]',NULL,NULL,NULL,NULL,'[{\"time\": \"2017-07-04T18:57:59.580Z\", \"user_id\": 9, \"is_extra_credit\": false}]',NULL,NULL,NULL,0,'[{\"id\": 62, \"isSubWorkflow\": 0}]','[{\"id\": 60, \"isSubWorkflow\": 0}]','1999-01-01 05:00:00'),
(62,7,23,9,4,NULL,'[\"not_yet_started\",\"normal\",\"n/a\",\"before_end_time\",\"not_opened\",\"orginal_user\"]',NULL,NULL,NULL,NULL,'[{\"time\": \"2017-07-04T18:57:59.598Z\", \"user_id\": 7, \"is_extra_credit\": false}]',NULL,NULL,NULL,0,'[{\"id\": 63, \"isSubWorkflow\": 0}]','[{\"id\": 61, \"isSubWorkflow\": 0}]','1999-01-01 05:00:00'),
(63,2,24,9,4,NULL,'[\"not_yet_started\",\"normal\",\"n/a\",\"before_end_time\",\"not_opened\",\"orginal_user\"]',NULL,NULL,NULL,NULL,'[{\"time\": \"2017-07-04T18:57:59.621Z\", \"user_id\": 2, \"is_extra_credit\": false}]',NULL,NULL,NULL,0,'[]','[{\"id\": 62, \"isSubWorkflow\": 0}]','1999-01-01 05:00:00'),
(64,7,17,10,4,NULL,'[\"started\",\"normal\",\"n/a\",\"late\",\"not_opened\",\"orginal_user\"]','2017-07-04 18:54:05','2017-07-04 18:55:05',NULL,NULL,'[{\"time\": \"2017-07-04T18:57:59.657Z\", \"user_id\": 7, \"is_extra_credit\": false}]',NULL,NULL,NULL,0,'[{\"id\": 65, \"isSubWorkflow\": 0}, {\"id\": 66, \"isSubWorkflow\": 0}]',NULL,'1999-01-01 05:00:00'),
(65,2,18,10,4,NULL,'[\"not_yet_started\",\"normal\",\"n/a\",\"before_end_time\",\"not_opened\",\"orginal_user\"]',NULL,NULL,NULL,NULL,'[{\"time\": \"2017-07-04T18:57:59.684Z\", \"user_id\": 2, \"is_extra_credit\": false}]',NULL,NULL,NULL,0,'[]','[{\"id\": 64, \"isSubWorkflow\": 0}]','1999-01-01 05:00:00'),
(66,8,19,10,4,NULL,'[\"not_yet_started\",\"normal\",\"n/a\",\"before_end_time\",\"not_opened\",\"orginal_user\"]',NULL,NULL,NULL,NULL,'[{\"time\": \"2017-07-04T18:57:59.710Z\", \"user_id\": 8, \"is_extra_credit\": false}]',NULL,NULL,NULL,0,'[{\"id\": 67, \"isSubWorkflow\": 0}, {\"id\": 68, \"isSubWorkflow\": 0}]','[{\"id\": 64, \"isSubWorkflow\": 0}]','1999-01-01 05:00:00'),
(67,7,20,10,4,NULL,'[\"not_yet_started\",\"normal\",\"n/a\",\"before_end_time\",\"not_opened\",\"orginal_user\"]',NULL,NULL,NULL,NULL,'[{\"time\": \"2017-07-04T18:57:59.736Z\", \"user_id\": 7, \"is_extra_credit\": false}]',NULL,NULL,NULL,0,'[{\"id\": 69, \"isSubWorkflow\": 0}]','[{\"id\": 66, \"isSubWorkflow\": 0}]','1999-01-01 05:00:00'),
(68,9,20,10,4,NULL,'[\"not_yet_started\",\"normal\",\"n/a\",\"before_end_time\",\"not_opened\",\"orginal_user\"]',NULL,NULL,NULL,NULL,'[{\"time\": \"2017-07-04T18:57:59.765Z\", \"user_id\": 9, \"is_extra_credit\": false}]',NULL,NULL,NULL,0,'[{\"id\": 69, \"isSubWorkflow\": 0}]','[{\"id\": 66, \"isSubWorkflow\": 0}]','1999-01-01 05:00:00'),
(69,8,21,10,4,NULL,'[\"automatic\",\"normal\",\"n/a\",\"before_end_time\",\"not_opened\",\"orginal_user\"]',NULL,NULL,NULL,NULL,'[{\"time\": \"2017-07-04T18:57:59.786Z\", \"user_id\": 8, \"is_extra_credit\": false}]',NULL,NULL,NULL,0,'[{\"id\": 70, \"isSubWorkflow\": 0}]','[{\"id\": 67, \"isSubWorkflow\": 0}, {\"id\": 68, \"isSubWorkflow\": 0}]','1999-01-01 05:00:00'),
(70,10,22,10,4,NULL,'[\"not_yet_started\",\"normal\",\"n/a\",\"before_end_time\",\"not_opened\",\"orginal_user\"]',NULL,NULL,NULL,NULL,'[{\"time\": \"2017-07-04T18:57:59.813Z\", \"user_id\": 10, \"is_extra_credit\": false}]',NULL,NULL,NULL,0,'[{\"id\": 71, \"isSubWorkflow\": 0}]','[{\"id\": 69, \"isSubWorkflow\": 0}]','1999-01-01 05:00:00'),
(71,8,23,10,4,NULL,'[\"not_yet_started\",\"normal\",\"n/a\",\"before_end_time\",\"not_opened\",\"orginal_user\"]',NULL,NULL,NULL,NULL,'[{\"time\": \"2017-07-04T18:57:59.837Z\", \"user_id\": 8, \"is_extra_credit\": false}]',NULL,NULL,NULL,0,'[{\"id\": 72, \"isSubWorkflow\": 0}]','[{\"id\": 70, \"isSubWorkflow\": 0}]','1999-01-01 05:00:00'),
(72,2,24,10,4,NULL,'[\"not_yet_started\",\"normal\",\"n/a\",\"before_end_time\",\"not_opened\",\"orginal_user\"]',NULL,NULL,NULL,NULL,'[{\"time\": \"2017-07-04T18:57:59.865Z\", \"user_id\": 2, \"is_extra_credit\": false}]',NULL,NULL,NULL,0,'[]','[{\"id\": 71, \"isSubWorkflow\": 0}]','1999-01-01 05:00:00'),
(73,8,17,11,4,NULL,'[\"complete\",\"normal\",\"submitted_for_approval\",\"late\",\"viewed\",\"orginal_user\"]','2017-07-04 18:54:05','2017-07-04 18:55:05','2017-07-04 20:38:53','[{\"0\": [\"ghdfghdgfhdgfhdgfh\", \"\"], \"1\": [\"ghdfghdfghdgfhg\", \"\"], \"number_of_fields\": 2}]','[{\"time\": \"2017-07-04T18:57:59.903Z\", \"user_id\": 8, \"is_extra_credit\": false}]',NULL,NULL,NULL,0,'[{\"id\": 74, \"isSubWorkflow\": 0}, {\"id\": 75, \"isSubWorkflow\": 0}]',NULL,'1999-01-01 05:00:00'),
(74,2,18,11,4,NULL,'[\"started\",\"normal\",\"n/a\",\"late\",\"not_opened\",\"orginal_user\"]','2017-07-04 20:38:53','2017-07-04 20:39:53',NULL,NULL,'[{\"time\": \"2017-07-04T18:57:59.931Z\", \"user_id\": 2, \"is_extra_credit\": false}]',NULL,NULL,NULL,0,'[]','[{\"id\": 73, \"isSubWorkflow\": 0}]','1999-01-01 05:00:00'),
(75,9,19,11,4,NULL,'[\"not_yet_started\",\"normal\",\"n/a\",\"before_end_time\",\"not_opened\",\"orginal_user\"]',NULL,NULL,NULL,NULL,'[{\"time\": \"2017-07-04T18:57:59.955Z\", \"user_id\": 9, \"is_extra_credit\": false}]',NULL,NULL,NULL,0,'[{\"id\": 76, \"isSubWorkflow\": 0}, {\"id\": 77, \"isSubWorkflow\": 0}]','[{\"id\": 73, \"isSubWorkflow\": 0}]','1999-01-01 05:00:00'),
(76,8,20,11,4,NULL,'[\"not_yet_started\",\"normal\",\"n/a\",\"before_end_time\",\"not_opened\",\"orginal_user\"]',NULL,NULL,NULL,NULL,'[{\"time\": \"2017-07-04T18:57:59.980Z\", \"user_id\": 8, \"is_extra_credit\": false}]',NULL,NULL,NULL,0,'[{\"id\": 78, \"isSubWorkflow\": 0}]','[{\"id\": 75, \"isSubWorkflow\": 0}]','1999-01-01 05:00:00'),
(77,10,20,11,4,NULL,'[\"not_yet_started\",\"normal\",\"n/a\",\"before_end_time\",\"not_opened\",\"orginal_user\"]',NULL,NULL,NULL,NULL,'[{\"time\": \"2017-07-04T18:57:59.997Z\", \"user_id\": 10, \"is_extra_credit\": false}]',NULL,NULL,NULL,0,'[{\"id\": 78, \"isSubWorkflow\": 0}]','[{\"id\": 75, \"isSubWorkflow\": 0}]','1999-01-01 05:00:00'),
(78,9,21,11,4,NULL,'[\"automatic\",\"normal\",\"n/a\",\"before_end_time\",\"not_opened\",\"orginal_user\"]',NULL,NULL,NULL,NULL,'[{\"time\": \"2017-07-04T18:58:00.019Z\", \"user_id\": 9, \"is_extra_credit\": false}]',NULL,NULL,NULL,0,'[{\"id\": 79, \"isSubWorkflow\": 0}]','[{\"id\": 76, \"isSubWorkflow\": 0}, {\"id\": 77, \"isSubWorkflow\": 0}]','1999-01-01 05:00:00'),
(79,11,22,11,4,NULL,'[\"not_yet_started\",\"normal\",\"n/a\",\"before_end_time\",\"not_opened\",\"orginal_user\"]',NULL,NULL,NULL,NULL,'[{\"time\": \"2017-07-04T18:58:00.044Z\", \"user_id\": 11, \"is_extra_credit\": false}]',NULL,NULL,NULL,0,'[{\"id\": 80, \"isSubWorkflow\": 0}]','[{\"id\": 78, \"isSubWorkflow\": 0}]','1999-01-01 05:00:00'),
(80,9,23,11,4,NULL,'[\"not_yet_started\",\"normal\",\"n/a\",\"before_end_time\",\"not_opened\",\"orginal_user\"]',NULL,NULL,NULL,NULL,'[{\"time\": \"2017-07-04T18:58:00.062Z\", \"user_id\": 9, \"is_extra_credit\": false}]',NULL,NULL,NULL,0,'[{\"id\": 81, \"isSubWorkflow\": 0}]','[{\"id\": 79, \"isSubWorkflow\": 0}]','1999-01-01 05:00:00'),
(81,2,24,11,4,NULL,'[\"not_yet_started\",\"normal\",\"n/a\",\"before_end_time\",\"not_opened\",\"orginal_user\"]',NULL,NULL,NULL,NULL,'[{\"time\": \"2017-07-04T18:58:00.087Z\", \"user_id\": 2, \"is_extra_credit\": false}]',NULL,NULL,NULL,0,'[]','[{\"id\": 80, \"isSubWorkflow\": 0}]','1999-01-01 05:00:00'),
(82,9,17,12,4,NULL,'[\"complete\",\"normal\",\"submitted_for_approval\",\"late\",\"viewed\",\"orginal_user\"]','2017-07-04 18:54:05','2017-07-04 18:55:05','2017-07-04 20:25:08','[{\"0\": [\"Hello Hello Hello Hello Hello Hello Hello Hello Hello Hello \", \"\"], \"1\": [\"Hello Hello Hello Hello Hello Hello Hello Hello Hello Hello Hello Hello Hello Hello \", \"\"], \"number_of_fields\": 2}]','[{\"time\": \"2017-07-04T18:58:00.155Z\", \"user_id\": 9, \"is_extra_credit\": false}]',NULL,NULL,NULL,0,'[{\"id\": 83, \"isSubWorkflow\": 0}, {\"id\": 84, \"isSubWorkflow\": 0}]',NULL,'1999-01-01 05:00:00'),
(83,2,18,12,4,NULL,'[\"started\",\"normal\",\"n/a\",\"late\",\"not_opened\",\"orginal_user\"]','2017-07-04 20:25:08','2017-07-04 20:26:08',NULL,NULL,'[{\"time\": \"2017-07-04T18:58:00.209Z\", \"user_id\": 2, \"is_extra_credit\": false}]',NULL,NULL,NULL,0,'[]','[{\"id\": 82, \"isSubWorkflow\": 0}]','1999-01-01 05:00:00'),
(84,10,19,12,4,NULL,'[\"not_yet_started\",\"normal\",\"n/a\",\"before_end_time\",\"not_opened\",\"orginal_user\"]',NULL,NULL,NULL,NULL,'[{\"time\": \"2017-07-04T18:58:00.238Z\", \"user_id\": 10, \"is_extra_credit\": false}]',NULL,NULL,NULL,0,'[{\"id\": 85, \"isSubWorkflow\": 0}, {\"id\": 86, \"isSubWorkflow\": 0}]','[{\"id\": 82, \"isSubWorkflow\": 0}]','1999-01-01 05:00:00'),
(85,9,20,12,4,NULL,'[\"not_yet_started\",\"normal\",\"n/a\",\"before_end_time\",\"not_opened\",\"orginal_user\"]',NULL,NULL,NULL,NULL,'[{\"time\": \"2017-07-04T18:58:00.266Z\", \"user_id\": 9, \"is_extra_credit\": false}]',NULL,NULL,NULL,0,'[{\"id\": 87, \"isSubWorkflow\": 0}]','[{\"id\": 84, \"isSubWorkflow\": 0}]','1999-01-01 05:00:00'),
(86,11,20,12,4,NULL,'[\"not_yet_started\",\"normal\",\"n/a\",\"before_end_time\",\"not_opened\",\"orginal_user\"]',NULL,NULL,NULL,NULL,'[{\"time\": \"2017-07-04T18:58:00.282Z\", \"user_id\": 11, \"is_extra_credit\": false}]',NULL,NULL,NULL,0,'[{\"id\": 87, \"isSubWorkflow\": 0}]','[{\"id\": 84, \"isSubWorkflow\": 0}]','1999-01-01 05:00:00'),
(87,10,21,12,4,NULL,'[\"automatic\",\"normal\",\"n/a\",\"before_end_time\",\"not_opened\",\"orginal_user\"]',NULL,NULL,NULL,NULL,'[{\"time\": \"2017-07-04T18:58:00.310Z\", \"user_id\": 10, \"is_extra_credit\": false}]',NULL,NULL,NULL,0,'[{\"id\": 88, \"isSubWorkflow\": 0}]','[{\"id\": 85, \"isSubWorkflow\": 0}, {\"id\": 86, \"isSubWorkflow\": 0}]','1999-01-01 05:00:00'),
(88,12,22,12,4,NULL,'[\"not_yet_started\",\"normal\",\"n/a\",\"before_end_time\",\"not_opened\",\"orginal_user\"]',NULL,NULL,NULL,NULL,'[{\"time\": \"2017-07-04T18:58:00.351Z\", \"user_id\": 12, \"is_extra_credit\": false}]',NULL,NULL,NULL,0,'[{\"id\": 89, \"isSubWorkflow\": 0}]','[{\"id\": 87, \"isSubWorkflow\": 0}]','1999-01-01 05:00:00'),
(89,10,23,12,4,NULL,'[\"not_yet_started\",\"normal\",\"n/a\",\"before_end_time\",\"not_opened\",\"orginal_user\"]',NULL,NULL,NULL,NULL,'[{\"time\": \"2017-07-04T18:58:00.379Z\", \"user_id\": 10, \"is_extra_credit\": false}]',NULL,NULL,NULL,0,'[{\"id\": 90, \"isSubWorkflow\": 0}]','[{\"id\": 88, \"isSubWorkflow\": 0}]','1999-01-01 05:00:00'),
(90,2,24,12,4,NULL,'[\"not_yet_started\",\"normal\",\"n/a\",\"before_end_time\",\"not_opened\",\"orginal_user\"]',NULL,NULL,NULL,NULL,'[{\"time\": \"2017-07-04T18:58:00.416Z\", \"user_id\": 2, \"is_extra_credit\": false}]',NULL,NULL,NULL,0,'[]','[{\"id\": 89, \"isSubWorkflow\": 0}]','1999-01-01 05:00:00'),
(91,10,17,13,4,NULL,'[\"started\",\"normal\",\"n/a\",\"late\",\"not_opened\",\"orginal_user\"]','2017-07-04 18:54:05','2017-07-04 18:55:05',NULL,NULL,'[{\"time\": \"2017-07-04T18:58:00.471Z\", \"user_id\": 10, \"is_extra_credit\": false}]',NULL,NULL,NULL,0,'[{\"id\": 92, \"isSubWorkflow\": 0}, {\"id\": 93, \"isSubWorkflow\": 0}]',NULL,'1999-01-01 05:00:00'),
(92,2,18,13,4,NULL,'[\"not_yet_started\",\"normal\",\"n/a\",\"before_end_time\",\"not_opened\",\"orginal_user\"]',NULL,NULL,NULL,NULL,'[{\"time\": \"2017-07-04T18:58:00.510Z\", \"user_id\": 2, \"is_extra_credit\": false}]',NULL,NULL,NULL,0,'[]','[{\"id\": 91, \"isSubWorkflow\": 0}]','1999-01-01 05:00:00'),
(93,11,19,13,4,NULL,'[\"not_yet_started\",\"normal\",\"n/a\",\"before_end_time\",\"not_opened\",\"orginal_user\"]',NULL,NULL,NULL,NULL,'[{\"time\": \"2017-07-04T18:58:00.537Z\", \"user_id\": 11, \"is_extra_credit\": false}]',NULL,NULL,NULL,0,'[{\"id\": 94, \"isSubWorkflow\": 0}, {\"id\": 95, \"isSubWorkflow\": 0}]','[{\"id\": 91, \"isSubWorkflow\": 0}]','1999-01-01 05:00:00'),
(94,10,20,13,4,NULL,'[\"not_yet_started\",\"normal\",\"n/a\",\"before_end_time\",\"not_opened\",\"orginal_user\"]',NULL,NULL,NULL,NULL,'[{\"time\": \"2017-07-04T18:58:00.563Z\", \"user_id\": 10, \"is_extra_credit\": false}]',NULL,NULL,NULL,0,'[{\"id\": 96, \"isSubWorkflow\": 0}]','[{\"id\": 93, \"isSubWorkflow\": 0}]','1999-01-01 05:00:00'),
(95,12,20,13,4,NULL,'[\"not_yet_started\",\"normal\",\"n/a\",\"before_end_time\",\"not_opened\",\"orginal_user\"]',NULL,NULL,NULL,NULL,'[{\"time\": \"2017-07-04T18:58:00.577Z\", \"user_id\": 12, \"is_extra_credit\": false}]',NULL,NULL,NULL,0,'[{\"id\": 96, \"isSubWorkflow\": 0}]','[{\"id\": 93, \"isSubWorkflow\": 0}]','1999-01-01 05:00:00'),
(96,11,21,13,4,NULL,'[\"automatic\",\"normal\",\"n/a\",\"before_end_time\",\"not_opened\",\"orginal_user\"]',NULL,NULL,NULL,NULL,'[{\"time\": \"2017-07-04T18:58:00.613Z\", \"user_id\": 11, \"is_extra_credit\": false}]',NULL,NULL,NULL,0,'[{\"id\": 97, \"isSubWorkflow\": 0}]','[{\"id\": 94, \"isSubWorkflow\": 0}, {\"id\": 95, \"isSubWorkflow\": 0}]','1999-01-01 05:00:00'),
(97,13,22,13,4,NULL,'[\"not_yet_started\",\"normal\",\"n/a\",\"before_end_time\",\"not_opened\",\"orginal_user\"]',NULL,NULL,NULL,NULL,'[{\"time\": \"2017-07-04T18:58:00.653Z\", \"user_id\": 13, \"is_extra_credit\": false}]',NULL,NULL,NULL,0,'[{\"id\": 98, \"isSubWorkflow\": 0}]','[{\"id\": 96, \"isSubWorkflow\": 0}]','1999-01-01 05:00:00'),
(98,11,23,13,4,NULL,'[\"not_yet_started\",\"normal\",\"n/a\",\"before_end_time\",\"not_opened\",\"orginal_user\"]',NULL,NULL,NULL,NULL,'[{\"time\": \"2017-07-04T18:58:00.688Z\", \"user_id\": 11, \"is_extra_credit\": false}]',NULL,NULL,NULL,0,'[{\"id\": 99, \"isSubWorkflow\": 0}]','[{\"id\": 97, \"isSubWorkflow\": 0}]','1999-01-01 05:00:00'),
(99,2,24,13,4,NULL,'[\"not_yet_started\",\"normal\",\"n/a\",\"before_end_time\",\"not_opened\",\"orginal_user\"]',NULL,NULL,NULL,NULL,'[{\"time\": \"2017-07-04T18:58:00.723Z\", \"user_id\": 2, \"is_extra_credit\": false}]',NULL,NULL,NULL,0,'[]','[{\"id\": 98, \"isSubWorkflow\": 0}]','1999-01-01 05:00:00'),
(100,11,17,14,4,NULL,'[\"started\",\"normal\",\"n/a\",\"late\",\"not_opened\",\"orginal_user\"]','2017-07-04 18:54:05','2017-07-04 18:55:05',NULL,NULL,'[{\"time\": \"2017-07-04T18:58:00.787Z\", \"user_id\": 11, \"is_extra_credit\": false}]',NULL,NULL,NULL,0,'[{\"id\": 101, \"isSubWorkflow\": 0}, {\"id\": 102, \"isSubWorkflow\": 0}]',NULL,'1999-01-01 05:00:00'),
(101,2,18,14,4,NULL,'[\"not_yet_started\",\"normal\",\"n/a\",\"before_end_time\",\"not_opened\",\"orginal_user\"]',NULL,NULL,NULL,NULL,'[{\"time\": \"2017-07-04T18:58:00.831Z\", \"user_id\": 2, \"is_extra_credit\": false}]',NULL,NULL,NULL,0,'[]','[{\"id\": 100, \"isSubWorkflow\": 0}]','1999-01-01 05:00:00'),
(102,12,19,14,4,NULL,'[\"not_yet_started\",\"normal\",\"n/a\",\"before_end_time\",\"not_opened\",\"orginal_user\"]',NULL,NULL,NULL,NULL,'[{\"time\": \"2017-07-04T18:58:00.854Z\", \"user_id\": 12, \"is_extra_credit\": false}]',NULL,NULL,NULL,0,'[{\"id\": 103, \"isSubWorkflow\": 0}, {\"id\": 104, \"isSubWorkflow\": 0}]','[{\"id\": 100, \"isSubWorkflow\": 0}]','1999-01-01 05:00:00'),
(103,11,20,14,4,NULL,'[\"not_yet_started\",\"normal\",\"n/a\",\"before_end_time\",\"not_opened\",\"orginal_user\"]',NULL,NULL,NULL,NULL,'[{\"time\": \"2017-07-04T18:58:00.874Z\", \"user_id\": 11, \"is_extra_credit\": false}]',NULL,NULL,NULL,0,'[{\"id\": 105, \"isSubWorkflow\": 0}]','[{\"id\": 102, \"isSubWorkflow\": 0}]','1999-01-01 05:00:00'),
(104,13,20,14,4,NULL,'[\"not_yet_started\",\"normal\",\"n/a\",\"before_end_time\",\"not_opened\",\"orginal_user\"]',NULL,NULL,NULL,NULL,'[{\"time\": \"2017-07-04T18:58:00.900Z\", \"user_id\": 13, \"is_extra_credit\": false}]',NULL,NULL,NULL,0,'[{\"id\": 105, \"isSubWorkflow\": 0}]','[{\"id\": 102, \"isSubWorkflow\": 0}]','1999-01-01 05:00:00'),
(105,12,21,14,4,NULL,'[\"automatic\",\"normal\",\"n/a\",\"before_end_time\",\"not_opened\",\"orginal_user\"]',NULL,NULL,NULL,NULL,'[{\"time\": \"2017-07-04T18:58:00.916Z\", \"user_id\": 12, \"is_extra_credit\": false}]',NULL,NULL,NULL,0,'[{\"id\": 106, \"isSubWorkflow\": 0}]','[{\"id\": 103, \"isSubWorkflow\": 0}, {\"id\": 104, \"isSubWorkflow\": 0}]','1999-01-01 05:00:00'),
(106,14,22,14,4,NULL,'[\"not_yet_started\",\"normal\",\"n/a\",\"before_end_time\",\"not_opened\",\"orginal_user\"]',NULL,NULL,NULL,NULL,'[{\"time\": \"2017-07-04T18:58:00.938Z\", \"user_id\": 14, \"is_extra_credit\": false}]',NULL,NULL,NULL,0,'[{\"id\": 107, \"isSubWorkflow\": 0}]','[{\"id\": 105, \"isSubWorkflow\": 0}]','1999-01-01 05:00:00'),
(107,12,23,14,4,NULL,'[\"not_yet_started\",\"normal\",\"n/a\",\"before_end_time\",\"not_opened\",\"orginal_user\"]',NULL,NULL,NULL,NULL,'[{\"time\": \"2017-07-04T18:58:00.961Z\", \"user_id\": 12, \"is_extra_credit\": false}]',NULL,NULL,NULL,0,'[{\"id\": 108, \"isSubWorkflow\": 0}]','[{\"id\": 106, \"isSubWorkflow\": 0}]','1999-01-01 05:00:00'),
(108,2,24,14,4,NULL,'[\"not_yet_started\",\"normal\",\"n/a\",\"before_end_time\",\"not_opened\",\"orginal_user\"]',NULL,NULL,NULL,NULL,'[{\"time\": \"2017-07-04T18:58:00.981Z\", \"user_id\": 2, \"is_extra_credit\": false}]',NULL,NULL,NULL,0,'[]','[{\"id\": 107, \"isSubWorkflow\": 0}]','1999-01-01 05:00:00'),
(109,12,17,15,4,NULL,'[\"started\",\"normal\",\"n/a\",\"late\",\"not_opened\",\"orginal_user\"]','2017-07-04 18:54:05','2017-07-04 18:55:05',NULL,NULL,'[{\"time\": \"2017-07-04T18:58:01.030Z\", \"user_id\": 12, \"is_extra_credit\": false}]',NULL,NULL,NULL,0,'[{\"id\": 110, \"isSubWorkflow\": 0}, {\"id\": 111, \"isSubWorkflow\": 0}]',NULL,'1999-01-01 05:00:00'),
(110,2,18,15,4,NULL,'[\"not_yet_started\",\"normal\",\"n/a\",\"before_end_time\",\"not_opened\",\"orginal_user\"]',NULL,NULL,NULL,NULL,'[{\"time\": \"2017-07-04T18:58:01.093Z\", \"user_id\": 2, \"is_extra_credit\": false}]',NULL,NULL,NULL,0,'[]','[{\"id\": 109, \"isSubWorkflow\": 0}]','1999-01-01 05:00:00'),
(111,13,19,15,4,NULL,'[\"not_yet_started\",\"normal\",\"n/a\",\"before_end_time\",\"not_opened\",\"orginal_user\"]',NULL,NULL,NULL,NULL,'[{\"time\": \"2017-07-04T18:58:01.114Z\", \"user_id\": 13, \"is_extra_credit\": false}]',NULL,NULL,NULL,0,'[{\"id\": 112, \"isSubWorkflow\": 0}, {\"id\": 113, \"isSubWorkflow\": 0}]','[{\"id\": 109, \"isSubWorkflow\": 0}]','1999-01-01 05:00:00'),
(112,12,20,15,4,NULL,'[\"not_yet_started\",\"normal\",\"n/a\",\"before_end_time\",\"not_opened\",\"orginal_user\"]',NULL,NULL,NULL,NULL,'[{\"time\": \"2017-07-04T18:58:01.138Z\", \"user_id\": 12, \"is_extra_credit\": false}]',NULL,NULL,NULL,0,'[{\"id\": 114, \"isSubWorkflow\": 0}]','[{\"id\": 111, \"isSubWorkflow\": 0}]','1999-01-01 05:00:00'),
(113,14,20,15,4,NULL,'[\"not_yet_started\",\"normal\",\"n/a\",\"before_end_time\",\"not_opened\",\"orginal_user\"]',NULL,NULL,NULL,NULL,'[{\"time\": \"2017-07-04T18:58:01.151Z\", \"user_id\": 14, \"is_extra_credit\": false}]',NULL,NULL,NULL,0,'[{\"id\": 114, \"isSubWorkflow\": 0}]','[{\"id\": 111, \"isSubWorkflow\": 0}]','1999-01-01 05:00:00'),
(114,13,21,15,4,NULL,'[\"automatic\",\"normal\",\"n/a\",\"before_end_time\",\"not_opened\",\"orginal_user\"]',NULL,NULL,NULL,NULL,'[{\"time\": \"2017-07-04T18:58:01.178Z\", \"user_id\": 13, \"is_extra_credit\": false}]',NULL,NULL,NULL,0,'[{\"id\": 115, \"isSubWorkflow\": 0}]','[{\"id\": 112, \"isSubWorkflow\": 0}, {\"id\": 113, \"isSubWorkflow\": 0}]','1999-01-01 05:00:00'),
(115,15,22,15,4,NULL,'[\"not_yet_started\",\"normal\",\"n/a\",\"before_end_time\",\"not_opened\",\"orginal_user\"]',NULL,NULL,NULL,NULL,'[{\"time\": \"2017-07-04T18:58:01.204Z\", \"user_id\": 15, \"is_extra_credit\": false}]',NULL,NULL,NULL,0,'[{\"id\": 116, \"isSubWorkflow\": 0}]','[{\"id\": 114, \"isSubWorkflow\": 0}]','1999-01-01 05:00:00'),
(116,13,23,15,4,NULL,'[\"not_yet_started\",\"normal\",\"n/a\",\"before_end_time\",\"not_opened\",\"orginal_user\"]',NULL,NULL,NULL,NULL,'[{\"time\": \"2017-07-04T18:58:01.220Z\", \"user_id\": 13, \"is_extra_credit\": false}]',NULL,NULL,NULL,0,'[{\"id\": 117, \"isSubWorkflow\": 0}]','[{\"id\": 115, \"isSubWorkflow\": 0}]','1999-01-01 05:00:00'),
(117,2,24,15,4,NULL,'[\"not_yet_started\",\"normal\",\"n/a\",\"before_end_time\",\"not_opened\",\"orginal_user\"]',NULL,NULL,NULL,NULL,'[{\"time\": \"2017-07-04T18:58:01.240Z\", \"user_id\": 2, \"is_extra_credit\": false}]',NULL,NULL,NULL,0,'[]','[{\"id\": 116, \"isSubWorkflow\": 0}]','1999-01-01 05:00:00'),
(118,13,17,16,4,NULL,'[\"started\",\"normal\",\"n/a\",\"late\",\"not_opened\",\"orginal_user\"]','2017-07-04 18:54:05','2017-07-04 18:55:05',NULL,NULL,'[{\"time\": \"2017-07-04T18:58:01.274Z\", \"user_id\": 13, \"is_extra_credit\": false}]',NULL,NULL,NULL,0,'[{\"id\": 119, \"isSubWorkflow\": 0}, {\"id\": 120, \"isSubWorkflow\": 0}]',NULL,'1999-01-01 05:00:00'),
(119,2,18,16,4,NULL,'[\"not_yet_started\",\"normal\",\"n/a\",\"before_end_time\",\"not_opened\",\"orginal_user\"]',NULL,NULL,NULL,NULL,'[{\"time\": \"2017-07-04T18:58:01.299Z\", \"user_id\": 2, \"is_extra_credit\": false}]',NULL,NULL,NULL,0,'[]','[{\"id\": 118, \"isSubWorkflow\": 0}]','1999-01-01 05:00:00'),
(120,14,19,16,4,NULL,'[\"not_yet_started\",\"normal\",\"n/a\",\"before_end_time\",\"not_opened\",\"orginal_user\"]',NULL,NULL,NULL,NULL,'[{\"time\": \"2017-07-04T18:58:01.324Z\", \"user_id\": 14, \"is_extra_credit\": false}]',NULL,NULL,NULL,0,'[{\"id\": 121, \"isSubWorkflow\": 0}, {\"id\": 122, \"isSubWorkflow\": 0}]','[{\"id\": 118, \"isSubWorkflow\": 0}]','1999-01-01 05:00:00'),
(121,13,20,16,4,NULL,'[\"not_yet_started\",\"normal\",\"n/a\",\"before_end_time\",\"not_opened\",\"orginal_user\"]',NULL,NULL,NULL,NULL,'[{\"time\": \"2017-07-04T18:58:01.342Z\", \"user_id\": 13, \"is_extra_credit\": false}]',NULL,NULL,NULL,0,'[{\"id\": 123, \"isSubWorkflow\": 0}]','[{\"id\": 120, \"isSubWorkflow\": 0}]','1999-01-01 05:00:00'),
(122,15,20,16,4,NULL,'[\"not_yet_started\",\"normal\",\"n/a\",\"before_end_time\",\"not_opened\",\"orginal_user\"]',NULL,NULL,NULL,NULL,'[{\"time\": \"2017-07-04T18:58:01.353Z\", \"user_id\": 15, \"is_extra_credit\": false}]',NULL,NULL,NULL,0,'[{\"id\": 123, \"isSubWorkflow\": 0}]','[{\"id\": 120, \"isSubWorkflow\": 0}]','1999-01-01 05:00:00'),
(123,14,21,16,4,NULL,'[\"automatic\",\"normal\",\"n/a\",\"before_end_time\",\"not_opened\",\"orginal_user\"]',NULL,NULL,NULL,NULL,'[{\"time\": \"2017-07-04T18:58:01.377Z\", \"user_id\": 14, \"is_extra_credit\": false}]',NULL,NULL,NULL,0,'[{\"id\": 124, \"isSubWorkflow\": 0}]','[{\"id\": 121, \"isSubWorkflow\": 0}, {\"id\": 122, \"isSubWorkflow\": 0}]','1999-01-01 05:00:00'),
(124,16,22,16,4,NULL,'[\"not_yet_started\",\"normal\",\"n/a\",\"before_end_time\",\"not_opened\",\"orginal_user\"]',NULL,NULL,NULL,NULL,'[{\"time\": \"2017-07-04T18:58:01.398Z\", \"user_id\": 16, \"is_extra_credit\": false}]',NULL,NULL,NULL,0,'[{\"id\": 125, \"isSubWorkflow\": 0}]','[{\"id\": 123, \"isSubWorkflow\": 0}]','1999-01-01 05:00:00'),
(125,14,23,16,4,NULL,'[\"not_yet_started\",\"normal\",\"n/a\",\"before_end_time\",\"not_opened\",\"orginal_user\"]',NULL,NULL,NULL,NULL,'[{\"time\": \"2017-07-04T18:58:01.417Z\", \"user_id\": 14, \"is_extra_credit\": false}]',NULL,NULL,NULL,0,'[{\"id\": 126, \"isSubWorkflow\": 0}]','[{\"id\": 124, \"isSubWorkflow\": 0}]','1999-01-01 05:00:00'),
(126,2,24,16,4,NULL,'[\"not_yet_started\",\"normal\",\"n/a\",\"before_end_time\",\"not_opened\",\"orginal_user\"]',NULL,NULL,NULL,NULL,'[{\"time\": \"2017-07-04T18:58:01.447Z\", \"user_id\": 2, \"is_extra_credit\": false}]',NULL,NULL,NULL,0,'[]','[{\"id\": 125, \"isSubWorkflow\": 0}]','1999-01-01 05:00:00'),
(127,14,17,17,4,NULL,'[\"started\",\"normal\",\"n/a\",\"late\",\"not_opened\",\"orginal_user\"]','2017-07-04 18:54:05','2017-07-04 18:55:05',NULL,NULL,'[{\"time\": \"2017-07-04T18:58:01.479Z\", \"user_id\": 14, \"is_extra_credit\": false}]',NULL,NULL,NULL,0,'[{\"id\": 128, \"isSubWorkflow\": 0}, {\"id\": 129, \"isSubWorkflow\": 0}]',NULL,'1999-01-01 05:00:00'),
(128,2,18,17,4,NULL,'[\"not_yet_started\",\"normal\",\"n/a\",\"before_end_time\",\"not_opened\",\"orginal_user\"]',NULL,NULL,NULL,NULL,'[{\"time\": \"2017-07-04T18:58:01.505Z\", \"user_id\": 2, \"is_extra_credit\": false}]',NULL,NULL,NULL,0,'[]','[{\"id\": 127, \"isSubWorkflow\": 0}]','1999-01-01 05:00:00'),
(129,15,19,17,4,NULL,'[\"not_yet_started\",\"normal\",\"n/a\",\"before_end_time\",\"not_opened\",\"orginal_user\"]',NULL,NULL,NULL,NULL,'[{\"time\": \"2017-07-04T18:58:01.524Z\", \"user_id\": 15, \"is_extra_credit\": false}]',NULL,NULL,NULL,0,'[{\"id\": 130, \"isSubWorkflow\": 0}, {\"id\": 131, \"isSubWorkflow\": 0}]','[{\"id\": 127, \"isSubWorkflow\": 0}]','1999-01-01 05:00:00'),
(130,14,20,17,4,NULL,'[\"not_yet_started\",\"normal\",\"n/a\",\"before_end_time\",\"not_opened\",\"orginal_user\"]',NULL,NULL,NULL,NULL,'[{\"time\": \"2017-07-04T18:58:01.544Z\", \"user_id\": 14, \"is_extra_credit\": false}]',NULL,NULL,NULL,0,'[{\"id\": 132, \"isSubWorkflow\": 0}]','[{\"id\": 129, \"isSubWorkflow\": 0}]','1999-01-01 05:00:00'),
(131,16,20,17,4,NULL,'[\"not_yet_started\",\"normal\",\"n/a\",\"before_end_time\",\"not_opened\",\"orginal_user\"]',NULL,NULL,NULL,NULL,'[{\"time\": \"2017-07-04T18:58:01.554Z\", \"user_id\": 16, \"is_extra_credit\": false}]',NULL,NULL,NULL,0,'[{\"id\": 132, \"isSubWorkflow\": 0}]','[{\"id\": 129, \"isSubWorkflow\": 0}]','1999-01-01 05:00:00'),
(132,15,21,17,4,NULL,'[\"automatic\",\"normal\",\"n/a\",\"before_end_time\",\"not_opened\",\"orginal_user\"]',NULL,NULL,NULL,NULL,'[{\"time\": \"2017-07-04T18:58:01.576Z\", \"user_id\": 15, \"is_extra_credit\": false}]',NULL,NULL,NULL,0,'[{\"id\": 133, \"isSubWorkflow\": 0}]','[{\"id\": 130, \"isSubWorkflow\": 0}, {\"id\": 131, \"isSubWorkflow\": 0}]','1999-01-01 05:00:00'),
(133,17,22,17,4,NULL,'[\"not_yet_started\",\"normal\",\"n/a\",\"before_end_time\",\"not_opened\",\"orginal_user\"]',NULL,NULL,NULL,NULL,'[{\"time\": \"2017-07-04T18:58:01.599Z\", \"user_id\": 17, \"is_extra_credit\": false}]',NULL,NULL,NULL,0,'[{\"id\": 134, \"isSubWorkflow\": 0}]','[{\"id\": 132, \"isSubWorkflow\": 0}]','1999-01-01 05:00:00'),
(134,15,23,17,4,NULL,'[\"not_yet_started\",\"normal\",\"n/a\",\"before_end_time\",\"not_opened\",\"orginal_user\"]',NULL,NULL,NULL,NULL,'[{\"time\": \"2017-07-04T18:58:01.615Z\", \"user_id\": 15, \"is_extra_credit\": false}]',NULL,NULL,NULL,0,'[{\"id\": 135, \"isSubWorkflow\": 0}]','[{\"id\": 133, \"isSubWorkflow\": 0}]','1999-01-01 05:00:00'),
(135,2,24,17,4,NULL,'[\"not_yet_started\",\"normal\",\"n/a\",\"before_end_time\",\"not_opened\",\"orginal_user\"]',NULL,NULL,NULL,NULL,'[{\"time\": \"2017-07-04T18:58:01.634Z\", \"user_id\": 2, \"is_extra_credit\": false}]',NULL,NULL,NULL,0,'[]','[{\"id\": 134, \"isSubWorkflow\": 0}]','1999-01-01 05:00:00'),
(136,15,17,18,4,NULL,'[\"started\",\"normal\",\"n/a\",\"late\",\"not_opened\",\"orginal_user\"]','2017-07-04 18:54:05','2017-07-04 18:55:05',NULL,NULL,'[{\"time\": \"2017-07-04T18:58:01.666Z\", \"user_id\": 15, \"is_extra_credit\": false}]',NULL,NULL,NULL,0,'[{\"id\": 137, \"isSubWorkflow\": 0}, {\"id\": 138, \"isSubWorkflow\": 0}]',NULL,'1999-01-01 05:00:00'),
(137,2,18,18,4,NULL,'[\"not_yet_started\",\"normal\",\"n/a\",\"before_end_time\",\"not_opened\",\"orginal_user\"]',NULL,NULL,NULL,NULL,'[{\"time\": \"2017-07-04T18:58:01.690Z\", \"user_id\": 2, \"is_extra_credit\": false}]',NULL,NULL,NULL,0,'[]','[{\"id\": 136, \"isSubWorkflow\": 0}]','1999-01-01 05:00:00'),
(138,16,19,18,4,NULL,'[\"not_yet_started\",\"normal\",\"n/a\",\"before_end_time\",\"not_opened\",\"orginal_user\"]',NULL,NULL,NULL,NULL,'[{\"time\": \"2017-07-04T18:58:01.708Z\", \"user_id\": 16, \"is_extra_credit\": false}]',NULL,NULL,NULL,0,'[{\"id\": 139, \"isSubWorkflow\": 0}, {\"id\": 140, \"isSubWorkflow\": 0}]','[{\"id\": 136, \"isSubWorkflow\": 0}]','1999-01-01 05:00:00'),
(139,15,20,18,4,NULL,'[\"not_yet_started\",\"normal\",\"n/a\",\"before_end_time\",\"not_opened\",\"orginal_user\"]',NULL,NULL,NULL,NULL,'[{\"time\": \"2017-07-04T18:58:01.730Z\", \"user_id\": 15, \"is_extra_credit\": false}]',NULL,NULL,NULL,0,'[{\"id\": 141, \"isSubWorkflow\": 0}]','[{\"id\": 138, \"isSubWorkflow\": 0}]','1999-01-01 05:00:00'),
(140,17,20,18,4,NULL,'[\"not_yet_started\",\"normal\",\"n/a\",\"before_end_time\",\"not_opened\",\"orginal_user\"]',NULL,NULL,NULL,NULL,'[{\"time\": \"2017-07-04T18:58:01.746Z\", \"user_id\": 17, \"is_extra_credit\": false}]',NULL,NULL,NULL,0,'[{\"id\": 141, \"isSubWorkflow\": 0}]','[{\"id\": 138, \"isSubWorkflow\": 0}]','1999-01-01 05:00:00'),
(141,16,21,18,4,NULL,'[\"automatic\",\"normal\",\"n/a\",\"before_end_time\",\"not_opened\",\"orginal_user\"]',NULL,NULL,NULL,NULL,'[{\"time\": \"2017-07-04T18:58:01.769Z\", \"user_id\": 16, \"is_extra_credit\": false}]',NULL,NULL,NULL,0,'[{\"id\": 142, \"isSubWorkflow\": 0}]','[{\"id\": 139, \"isSubWorkflow\": 0}, {\"id\": 140, \"isSubWorkflow\": 0}]','1999-01-01 05:00:00'),
(142,18,22,18,4,NULL,'[\"not_yet_started\",\"normal\",\"n/a\",\"before_end_time\",\"not_opened\",\"orginal_user\"]',NULL,NULL,NULL,NULL,'[{\"time\": \"2017-07-04T18:58:01.797Z\", \"user_id\": 18, \"is_extra_credit\": false}]',NULL,NULL,NULL,0,'[{\"id\": 143, \"isSubWorkflow\": 0}]','[{\"id\": 141, \"isSubWorkflow\": 0}]','1999-01-01 05:00:00'),
(143,16,23,18,4,NULL,'[\"not_yet_started\",\"normal\",\"n/a\",\"before_end_time\",\"not_opened\",\"orginal_user\"]',NULL,NULL,NULL,NULL,'[{\"time\": \"2017-07-04T18:58:01.817Z\", \"user_id\": 16, \"is_extra_credit\": false}]',NULL,NULL,NULL,0,'[{\"id\": 144, \"isSubWorkflow\": 0}]','[{\"id\": 142, \"isSubWorkflow\": 0}]','1999-01-01 05:00:00'),
(144,2,24,18,4,NULL,'[\"not_yet_started\",\"normal\",\"n/a\",\"before_end_time\",\"not_opened\",\"orginal_user\"]',NULL,NULL,NULL,NULL,'[{\"time\": \"2017-07-04T18:58:01.839Z\", \"user_id\": 2, \"is_extra_credit\": false}]',NULL,NULL,NULL,0,'[]','[{\"id\": 143, \"isSubWorkflow\": 0}]','1999-01-01 05:00:00'),
(145,16,17,19,4,NULL,'[\"started\",\"normal\",\"n/a\",\"late\",\"not_opened\",\"orginal_user\"]','2017-07-04 18:54:05','2017-07-04 18:55:05',NULL,NULL,'[{\"time\": \"2017-07-04T18:58:01.875Z\", \"user_id\": 16, \"is_extra_credit\": false}]',NULL,NULL,NULL,0,'[{\"id\": 146, \"isSubWorkflow\": 0}, {\"id\": 147, \"isSubWorkflow\": 0}]',NULL,'1999-01-01 05:00:00'),
(146,2,18,19,4,NULL,'[\"not_yet_started\",\"normal\",\"n/a\",\"before_end_time\",\"not_opened\",\"orginal_user\"]',NULL,NULL,NULL,NULL,'[{\"time\": \"2017-07-04T18:58:01.899Z\", \"user_id\": 2, \"is_extra_credit\": false}]',NULL,NULL,NULL,0,'[]','[{\"id\": 145, \"isSubWorkflow\": 0}]','1999-01-01 05:00:00'),
(147,17,19,19,4,NULL,'[\"not_yet_started\",\"normal\",\"n/a\",\"before_end_time\",\"not_opened\",\"orginal_user\"]',NULL,NULL,NULL,NULL,'[{\"time\": \"2017-07-04T18:58:01.925Z\", \"user_id\": 17, \"is_extra_credit\": false}]',NULL,NULL,NULL,0,'[{\"id\": 148, \"isSubWorkflow\": 0}, {\"id\": 149, \"isSubWorkflow\": 0}]','[{\"id\": 145, \"isSubWorkflow\": 0}]','1999-01-01 05:00:00'),
(148,16,20,19,4,NULL,'[\"not_yet_started\",\"normal\",\"n/a\",\"before_end_time\",\"not_opened\",\"orginal_user\"]',NULL,NULL,NULL,NULL,'[{\"time\": \"2017-07-04T18:58:01.950Z\", \"user_id\": 16, \"is_extra_credit\": false}]',NULL,NULL,NULL,0,'[{\"id\": 150, \"isSubWorkflow\": 0}]','[{\"id\": 147, \"isSubWorkflow\": 0}]','1999-01-01 05:00:00'),
(149,18,20,19,4,NULL,'[\"not_yet_started\",\"normal\",\"n/a\",\"before_end_time\",\"not_opened\",\"orginal_user\"]',NULL,NULL,NULL,NULL,'[{\"time\": \"2017-07-04T18:58:01.963Z\", \"user_id\": 18, \"is_extra_credit\": false}]',NULL,NULL,NULL,0,'[{\"id\": 150, \"isSubWorkflow\": 0}]','[{\"id\": 147, \"isSubWorkflow\": 0}]','1999-01-01 05:00:00'),
(150,17,21,19,4,NULL,'[\"automatic\",\"normal\",\"n/a\",\"before_end_time\",\"not_opened\",\"orginal_user\"]',NULL,NULL,NULL,NULL,'[{\"time\": \"2017-07-04T18:58:01.986Z\", \"user_id\": 17, \"is_extra_credit\": false}]',NULL,NULL,NULL,0,'[{\"id\": 151, \"isSubWorkflow\": 0}]','[{\"id\": 148, \"isSubWorkflow\": 0}, {\"id\": 149, \"isSubWorkflow\": 0}]','1999-01-01 05:00:00'),
(151,19,22,19,4,NULL,'[\"not_yet_started\",\"normal\",\"n/a\",\"before_end_time\",\"not_opened\",\"orginal_user\"]',NULL,NULL,NULL,NULL,'[{\"time\": \"2017-07-04T18:58:02.007Z\", \"user_id\": 19, \"is_extra_credit\": false}]',NULL,NULL,NULL,0,'[{\"id\": 152, \"isSubWorkflow\": 0}]','[{\"id\": 150, \"isSubWorkflow\": 0}]','1999-01-01 05:00:00'),
(152,17,23,19,4,NULL,'[\"not_yet_started\",\"normal\",\"n/a\",\"before_end_time\",\"not_opened\",\"orginal_user\"]',NULL,NULL,NULL,NULL,'[{\"time\": \"2017-07-04T18:58:02.024Z\", \"user_id\": 17, \"is_extra_credit\": false}]',NULL,NULL,NULL,0,'[{\"id\": 153, \"isSubWorkflow\": 0}]','[{\"id\": 151, \"isSubWorkflow\": 0}]','1999-01-01 05:00:00'),
(153,2,24,19,4,NULL,'[\"not_yet_started\",\"normal\",\"n/a\",\"before_end_time\",\"not_opened\",\"orginal_user\"]',NULL,NULL,NULL,NULL,'[{\"time\": \"2017-07-04T18:58:02.043Z\", \"user_id\": 2, \"is_extra_credit\": false}]',NULL,NULL,NULL,0,'[]','[{\"id\": 152, \"isSubWorkflow\": 0}]','1999-01-01 05:00:00'),
(154,17,17,20,4,NULL,'[\"started\",\"normal\",\"n/a\",\"late\",\"not_opened\",\"orginal_user\"]','2017-07-04 18:54:05','2017-07-04 18:55:05',NULL,NULL,'[{\"time\": \"2017-07-04T18:58:02.078Z\", \"user_id\": 17, \"is_extra_credit\": false}]',NULL,NULL,NULL,0,'[{\"id\": 155, \"isSubWorkflow\": 0}, {\"id\": 156, \"isSubWorkflow\": 0}]',NULL,'1999-01-01 05:00:00'),
(155,2,18,20,4,NULL,'[\"not_yet_started\",\"normal\",\"n/a\",\"before_end_time\",\"not_opened\",\"orginal_user\"]',NULL,NULL,NULL,NULL,'[{\"time\": \"2017-07-04T18:58:02.110Z\", \"user_id\": 2, \"is_extra_credit\": false}]',NULL,NULL,NULL,0,'[]','[{\"id\": 154, \"isSubWorkflow\": 0}]','1999-01-01 05:00:00'),
(156,18,19,20,4,NULL,'[\"not_yet_started\",\"normal\",\"n/a\",\"before_end_time\",\"not_opened\",\"orginal_user\"]',NULL,NULL,NULL,NULL,'[{\"time\": \"2017-07-04T18:58:02.134Z\", \"user_id\": 18, \"is_extra_credit\": false}]',NULL,NULL,NULL,0,'[{\"id\": 157, \"isSubWorkflow\": 0}, {\"id\": 158, \"isSubWorkflow\": 0}]','[{\"id\": 154, \"isSubWorkflow\": 0}]','1999-01-01 05:00:00'),
(157,17,20,20,4,NULL,'[\"not_yet_started\",\"normal\",\"n/a\",\"before_end_time\",\"not_opened\",\"orginal_user\"]',NULL,NULL,NULL,NULL,'[{\"time\": \"2017-07-04T18:58:02.155Z\", \"user_id\": 17, \"is_extra_credit\": false}]',NULL,NULL,NULL,0,'[{\"id\": 159, \"isSubWorkflow\": 0}]','[{\"id\": 156, \"isSubWorkflow\": 0}]','1999-01-01 05:00:00'),
(158,19,20,20,4,NULL,'[\"not_yet_started\",\"normal\",\"n/a\",\"before_end_time\",\"not_opened\",\"orginal_user\"]',NULL,NULL,NULL,NULL,'[{\"time\": \"2017-07-04T18:58:02.167Z\", \"user_id\": 19, \"is_extra_credit\": false}]',NULL,NULL,NULL,0,'[{\"id\": 159, \"isSubWorkflow\": 0}]','[{\"id\": 156, \"isSubWorkflow\": 0}]','1999-01-01 05:00:00'),
(159,18,21,20,4,NULL,'[\"automatic\",\"normal\",\"n/a\",\"before_end_time\",\"not_opened\",\"orginal_user\"]',NULL,NULL,NULL,NULL,'[{\"time\": \"2017-07-04T18:58:02.182Z\", \"user_id\": 18, \"is_extra_credit\": false}]',NULL,NULL,NULL,0,'[{\"id\": 160, \"isSubWorkflow\": 0}]','[{\"id\": 157, \"isSubWorkflow\": 0}, {\"id\": 158, \"isSubWorkflow\": 0}]','1999-01-01 05:00:00'),
(160,3,22,20,4,NULL,'[\"not_yet_started\",\"normal\",\"n/a\",\"before_end_time\",\"not_opened\",\"orginal_user\"]',NULL,NULL,NULL,NULL,'[{\"time\": \"2017-07-04T18:58:02.202Z\", \"user_id\": 3, \"is_extra_credit\": false}]',NULL,NULL,NULL,0,'[{\"id\": 161, \"isSubWorkflow\": 0}]','[{\"id\": 159, \"isSubWorkflow\": 0}]','1999-01-01 05:00:00'),
(161,18,23,20,4,NULL,'[\"not_yet_started\",\"normal\",\"n/a\",\"before_end_time\",\"not_opened\",\"orginal_user\"]',NULL,NULL,NULL,NULL,'[{\"time\": \"2017-07-04T18:58:02.219Z\", \"user_id\": 18, \"is_extra_credit\": false}]',NULL,NULL,NULL,0,'[{\"id\": 162, \"isSubWorkflow\": 0}]','[{\"id\": 160, \"isSubWorkflow\": 0}]','1999-01-01 05:00:00'),
(162,2,24,20,4,NULL,'[\"not_yet_started\",\"normal\",\"n/a\",\"before_end_time\",\"not_opened\",\"orginal_user\"]',NULL,NULL,NULL,NULL,'[{\"time\": \"2017-07-04T18:58:02.239Z\", \"user_id\": 2, \"is_extra_credit\": false}]',NULL,NULL,NULL,0,'[]','[{\"id\": 161, \"isSubWorkflow\": 0}]','1999-01-01 05:00:00'),
(163,18,17,21,4,NULL,'[\"started\",\"normal\",\"n/a\",\"late\",\"not_opened\",\"orginal_user\"]','2017-07-04 18:54:05','2017-07-04 18:55:05',NULL,NULL,'[{\"time\": \"2017-07-04T18:58:02.271Z\", \"user_id\": 18, \"is_extra_credit\": false}]',NULL,NULL,NULL,0,'[{\"id\": 164, \"isSubWorkflow\": 0}, {\"id\": 165, \"isSubWorkflow\": 0}]',NULL,'1999-01-01 05:00:00'),
(164,2,18,21,4,NULL,'[\"not_yet_started\",\"normal\",\"n/a\",\"before_end_time\",\"not_opened\",\"orginal_user\"]',NULL,NULL,NULL,NULL,'[{\"time\": \"2017-07-04T18:58:02.292Z\", \"user_id\": 2, \"is_extra_credit\": false}]',NULL,NULL,NULL,0,'[]','[{\"id\": 163, \"isSubWorkflow\": 0}]','1999-01-01 05:00:00'),
(165,19,19,21,4,NULL,'[\"not_yet_started\",\"normal\",\"n/a\",\"before_end_time\",\"not_opened\",\"orginal_user\"]',NULL,NULL,NULL,NULL,'[{\"time\": \"2017-07-04T18:58:02.314Z\", \"user_id\": 19, \"is_extra_credit\": false}]',NULL,NULL,NULL,0,'[{\"id\": 166, \"isSubWorkflow\": 0}, {\"id\": 167, \"isSubWorkflow\": 0}]','[{\"id\": 163, \"isSubWorkflow\": 0}]','1999-01-01 05:00:00'),
(166,18,20,21,4,NULL,'[\"not_yet_started\",\"normal\",\"n/a\",\"before_end_time\",\"not_opened\",\"orginal_user\"]',NULL,NULL,NULL,NULL,'[{\"time\": \"2017-07-04T18:58:02.338Z\", \"user_id\": 18, \"is_extra_credit\": false}]',NULL,NULL,NULL,0,'[{\"id\": 168, \"isSubWorkflow\": 0}]','[{\"id\": 165, \"isSubWorkflow\": 0}]','1999-01-01 05:00:00'),
(167,3,20,21,4,NULL,'[\"not_yet_started\",\"normal\",\"n/a\",\"before_end_time\",\"not_opened\",\"orginal_user\"]',NULL,NULL,NULL,NULL,'[{\"time\": \"2017-07-04T18:58:02.348Z\", \"user_id\": 3, \"is_extra_credit\": false}]',NULL,NULL,NULL,0,'[{\"id\": 168, \"isSubWorkflow\": 0}]','[{\"id\": 165, \"isSubWorkflow\": 0}]','1999-01-01 05:00:00'),
(168,19,21,21,4,NULL,'[\"automatic\",\"normal\",\"n/a\",\"before_end_time\",\"not_opened\",\"orginal_user\"]',NULL,NULL,NULL,NULL,'[{\"time\": \"2017-07-04T18:58:02.371Z\", \"user_id\": 19, \"is_extra_credit\": false}]',NULL,NULL,NULL,0,'[{\"id\": 169, \"isSubWorkflow\": 0}]','[{\"id\": 166, \"isSubWorkflow\": 0}, {\"id\": 167, \"isSubWorkflow\": 0}]','1999-01-01 05:00:00'),
(169,69,22,21,4,NULL,'[\"not_yet_started\",\"normal\",\"n/a\",\"before_end_time\",\"not_opened\",\"orginal_user\"]',NULL,NULL,NULL,NULL,'[{\"time\": \"2017-07-04T18:58:02.390Z\", \"user_id\": 69, \"is_extra_credit\": false}]',NULL,NULL,NULL,0,'[{\"id\": 170, \"isSubWorkflow\": 0}]','[{\"id\": 168, \"isSubWorkflow\": 0}]','1999-01-01 05:00:00'),
(170,19,23,21,4,NULL,'[\"not_yet_started\",\"normal\",\"n/a\",\"before_end_time\",\"not_opened\",\"orginal_user\"]',NULL,NULL,NULL,NULL,'[{\"time\": \"2017-07-04T18:58:02.405Z\", \"user_id\": 19, \"is_extra_credit\": false}]',NULL,NULL,NULL,0,'[{\"id\": 171, \"isSubWorkflow\": 0}]','[{\"id\": 169, \"isSubWorkflow\": 0}]','1999-01-01 05:00:00'),
(171,2,24,21,4,NULL,'[\"not_yet_started\",\"normal\",\"n/a\",\"before_end_time\",\"not_opened\",\"orginal_user\"]',NULL,NULL,NULL,NULL,'[{\"time\": \"2017-07-04T18:58:02.428Z\", \"user_id\": 2, \"is_extra_credit\": false}]',NULL,NULL,NULL,0,'[]','[{\"id\": 170, \"isSubWorkflow\": 0}]','1999-01-01 05:00:00'),
(172,19,17,22,4,NULL,'[\"started\",\"normal\",\"n/a\",\"late\",\"not_opened\",\"orginal_user\"]','2017-07-04 18:54:05','2017-07-04 18:55:05',NULL,NULL,'[{\"time\": \"2017-07-04T18:58:02.455Z\", \"user_id\": 19, \"is_extra_credit\": false}]',NULL,NULL,NULL,0,'[{\"id\": 173, \"isSubWorkflow\": 0}, {\"id\": 174, \"isSubWorkflow\": 0}]',NULL,'1999-01-01 05:00:00'),
(173,2,18,22,4,NULL,'[\"not_yet_started\",\"normal\",\"n/a\",\"before_end_time\",\"not_opened\",\"orginal_user\"]',NULL,NULL,NULL,NULL,'[{\"time\": \"2017-07-04T18:58:02.482Z\", \"user_id\": 2, \"is_extra_credit\": false}]',NULL,NULL,NULL,0,'[]','[{\"id\": 172, \"isSubWorkflow\": 0}]','1999-01-01 05:00:00'),
(174,3,19,22,4,NULL,'[\"not_yet_started\",\"normal\",\"n/a\",\"before_end_time\",\"not_opened\",\"orginal_user\"]',NULL,NULL,NULL,NULL,'[{\"time\": \"2017-07-04T18:58:02.502Z\", \"user_id\": 3, \"is_extra_credit\": false}]',NULL,NULL,NULL,0,'[{\"id\": 175, \"isSubWorkflow\": 0}, {\"id\": 176, \"isSubWorkflow\": 0}]','[{\"id\": 172, \"isSubWorkflow\": 0}]','1999-01-01 05:00:00'),
(175,19,20,22,4,NULL,'[\"not_yet_started\",\"normal\",\"n/a\",\"before_end_time\",\"not_opened\",\"orginal_user\"]',NULL,NULL,NULL,NULL,'[{\"time\": \"2017-07-04T18:58:02.529Z\", \"user_id\": 19, \"is_extra_credit\": false}]',NULL,NULL,NULL,0,'[{\"id\": 177, \"isSubWorkflow\": 0}]','[{\"id\": 174, \"isSubWorkflow\": 0}]','1999-01-01 05:00:00'),
(176,69,20,22,4,NULL,'[\"not_yet_started\",\"normal\",\"n/a\",\"before_end_time\",\"not_opened\",\"orginal_user\"]',NULL,NULL,NULL,NULL,'[{\"time\": \"2017-07-04T18:58:02.542Z\", \"user_id\": 69, \"is_extra_credit\": false}]',NULL,NULL,NULL,0,'[{\"id\": 177, \"isSubWorkflow\": 0}]','[{\"id\": 174, \"isSubWorkflow\": 0}]','1999-01-01 05:00:00'),
(177,3,21,22,4,NULL,'[\"automatic\",\"normal\",\"n/a\",\"before_end_time\",\"not_opened\",\"orginal_user\"]',NULL,NULL,NULL,NULL,'[{\"time\": \"2017-07-04T18:58:02.560Z\", \"user_id\": 3, \"is_extra_credit\": false}]',NULL,NULL,NULL,0,'[{\"id\": 178, \"isSubWorkflow\": 0}]','[{\"id\": 175, \"isSubWorkflow\": 0}, {\"id\": 176, \"isSubWorkflow\": 0}]','1999-01-01 05:00:00'),
(178,5,22,22,4,NULL,'[\"not_yet_started\",\"normal\",\"n/a\",\"before_end_time\",\"not_opened\",\"orginal_user\"]',NULL,NULL,NULL,NULL,'[{\"time\": \"2017-07-04T18:58:02.582Z\", \"user_id\": 5, \"is_extra_credit\": false}]',NULL,NULL,NULL,0,'[{\"id\": 179, \"isSubWorkflow\": 0}]','[{\"id\": 177, \"isSubWorkflow\": 0}]','1999-01-01 05:00:00'),
(179,3,23,22,4,NULL,'[\"not_yet_started\",\"normal\",\"n/a\",\"before_end_time\",\"not_opened\",\"orginal_user\"]',NULL,NULL,NULL,NULL,'[{\"time\": \"2017-07-04T18:58:02.599Z\", \"user_id\": 3, \"is_extra_credit\": false}]',NULL,NULL,NULL,0,'[{\"id\": 180, \"isSubWorkflow\": 0}]','[{\"id\": 178, \"isSubWorkflow\": 0}]','1999-01-01 05:00:00'),
(180,2,24,22,4,NULL,'[\"not_yet_started\",\"normal\",\"n/a\",\"before_end_time\",\"not_opened\",\"orginal_user\"]',NULL,NULL,NULL,NULL,'[{\"time\": \"2017-07-04T18:58:02.618Z\", \"user_id\": 2, \"is_extra_credit\": false}]',NULL,NULL,NULL,0,'[]','[{\"id\": 179, \"isSubWorkflow\": 0}]','1999-01-01 05:00:00'),
(181,3,49,23,8,NULL,'[\"started\",\"normal\",\"n/a\",\"late\",\"not_opened\",\"orginal_user\"]','2017-07-04 19:41:46','2017-07-04 19:42:46',NULL,NULL,'[{\"time\": \"2017-07-04T19:42:02.742Z\", \"user_id\": 3, \"is_extra_credit\": false}]',NULL,NULL,NULL,0,'[{\"id\": 182, \"isSubWorkflow\": 0}, {\"id\": 183, \"isSubWorkflow\": 0}]',NULL,'1999-01-01 05:00:00'),
(182,1,50,23,8,NULL,'[\"not_yet_started\",\"normal\",\"n/a\",\"before_end_time\",\"not_opened\",\"orginal_user\"]',NULL,NULL,NULL,NULL,'[{\"time\": \"2017-07-04T19:42:02.805Z\", \"user_id\": 1, \"is_extra_credit\": false}]',NULL,NULL,NULL,0,'[]','[{\"id\": 181, \"isSubWorkflow\": 0}]','1999-01-01 05:00:00'),
(183,69,51,23,8,NULL,'[\"not_yet_started\",\"normal\",\"n/a\",\"before_end_time\",\"not_opened\",\"orginal_user\"]',NULL,NULL,NULL,NULL,'[{\"time\": \"2017-07-04T19:42:02.850Z\", \"user_id\": 69, \"is_extra_credit\": false}]',NULL,NULL,NULL,0,'[{\"id\": 184, \"isSubWorkflow\": 0}, {\"id\": 185, \"isSubWorkflow\": 0}]','[{\"id\": 181, \"isSubWorkflow\": 0}]','1999-01-01 05:00:00'),
(184,3,52,23,8,NULL,'[\"not_yet_started\",\"normal\",\"n/a\",\"before_end_time\",\"not_opened\",\"orginal_user\"]',NULL,NULL,NULL,NULL,'[{\"time\": \"2017-07-04T19:42:02.886Z\", \"user_id\": 3, \"is_extra_credit\": false}]',NULL,NULL,NULL,0,'[{\"id\": 186, \"isSubWorkflow\": 0}]','[{\"id\": 183, \"isSubWorkflow\": 0}]','1999-01-01 05:00:00'),
(185,5,52,23,8,NULL,'[\"not_yet_started\",\"normal\",\"n/a\",\"before_end_time\",\"not_opened\",\"orginal_user\"]',NULL,NULL,NULL,NULL,'[{\"time\": \"2017-07-04T19:42:02.904Z\", \"user_id\": 5, \"is_extra_credit\": false}]',NULL,NULL,NULL,0,'[{\"id\": 186, \"isSubWorkflow\": 0}]','[{\"id\": 183, \"isSubWorkflow\": 0}]','1999-01-01 05:00:00'),
(186,69,53,23,8,NULL,'[\"automatic\",\"normal\",\"n/a\",\"before_end_time\",\"not_opened\",\"orginal_user\"]',NULL,NULL,NULL,NULL,'[{\"time\": \"2017-07-04T19:42:02.936Z\", \"user_id\": 69, \"is_extra_credit\": false}]',NULL,NULL,NULL,0,'[{\"id\": 187, \"isSubWorkflow\": 0}]','[{\"id\": 184, \"isSubWorkflow\": 0}, {\"id\": 185, \"isSubWorkflow\": 0}]','1999-01-01 05:00:00'),
(187,6,54,23,8,NULL,'[\"not_yet_started\",\"normal\",\"n/a\",\"before_end_time\",\"not_opened\",\"orginal_user\"]',NULL,NULL,NULL,NULL,'[{\"time\": \"2017-07-04T19:42:03.014Z\", \"user_id\": 6, \"is_extra_credit\": false}]',NULL,NULL,NULL,0,'[{\"id\": 188, \"isSubWorkflow\": 0}]','[{\"id\": 186, \"isSubWorkflow\": 0}]','1999-01-01 05:00:00'),
(188,69,55,23,8,NULL,'[\"not_yet_started\",\"normal\",\"n/a\",\"before_end_time\",\"not_opened\",\"orginal_user\"]',NULL,NULL,NULL,NULL,'[{\"time\": \"2017-07-04T19:42:03.052Z\", \"user_id\": 69, \"is_extra_credit\": false}]',NULL,NULL,NULL,0,'[{\"id\": 189, \"isSubWorkflow\": 0}]','[{\"id\": 187, \"isSubWorkflow\": 0}]','1999-01-01 05:00:00'),
(189,1,56,23,8,NULL,'[\"not_yet_started\",\"normal\",\"n/a\",\"before_end_time\",\"not_opened\",\"orginal_user\"]',NULL,NULL,NULL,NULL,'[{\"time\": \"2017-07-04T19:42:03.087Z\", \"user_id\": 1, \"is_extra_credit\": false}]',NULL,NULL,NULL,0,'[]','[{\"id\": 188, \"isSubWorkflow\": 0}]','1999-01-01 05:00:00'),
(190,7,57,24,8,NULL,'[\"started\",\"normal\",\"n/a\",\"late\",\"not_opened\",\"orginal_user\"]','2017-07-04 19:41:46','2017-07-04 19:42:46',NULL,NULL,'[{\"time\": \"2017-07-04T19:42:03.134Z\", \"user_id\": 7, \"is_extra_credit\": false}]',NULL,NULL,NULL,0,'[{\"id\": 191, \"isSubWorkflow\": 0}, {\"id\": 192, \"isSubWorkflow\": 0}]',NULL,'1999-01-01 05:00:00'),
(191,1,58,24,8,NULL,'[\"not_yet_started\",\"normal\",\"n/a\",\"before_end_time\",\"not_opened\",\"orginal_user\"]',NULL,NULL,NULL,NULL,'[{\"time\": \"2017-07-04T19:42:03.175Z\", \"user_id\": 1, \"is_extra_credit\": false}]',NULL,NULL,NULL,0,'[]','[{\"id\": 190, \"isSubWorkflow\": 0}]','1999-01-01 05:00:00'),
(192,8,59,24,8,NULL,'[\"not_yet_started\",\"normal\",\"n/a\",\"before_end_time\",\"not_opened\",\"orginal_user\"]',NULL,NULL,NULL,NULL,'[{\"time\": \"2017-07-04T19:42:03.201Z\", \"user_id\": 8, \"is_extra_credit\": false}]',NULL,NULL,NULL,0,'[{\"id\": 193, \"isSubWorkflow\": 0}, {\"id\": 194, \"isSubWorkflow\": 0}]','[{\"id\": 190, \"isSubWorkflow\": 0}]','1999-01-01 05:00:00'),
(193,7,60,24,8,NULL,'[\"not_yet_started\",\"normal\",\"n/a\",\"before_end_time\",\"not_opened\",\"orginal_user\"]',NULL,NULL,NULL,NULL,'[{\"time\": \"2017-07-04T19:42:03.236Z\", \"user_id\": 7, \"is_extra_credit\": false}]',NULL,NULL,NULL,0,'[{\"id\": 195, \"isSubWorkflow\": 0}]','[{\"id\": 192, \"isSubWorkflow\": 0}]','1999-01-01 05:00:00'),
(194,9,60,24,8,NULL,'[\"not_yet_started\",\"normal\",\"n/a\",\"before_end_time\",\"not_opened\",\"orginal_user\"]',NULL,NULL,NULL,NULL,'[{\"time\": \"2017-07-04T19:42:03.251Z\", \"user_id\": 9, \"is_extra_credit\": false}]',NULL,NULL,NULL,0,'[{\"id\": 195, \"isSubWorkflow\": 0}]','[{\"id\": 192, \"isSubWorkflow\": 0}]','1999-01-01 05:00:00'),
(195,8,61,24,8,NULL,'[\"automatic\",\"normal\",\"n/a\",\"before_end_time\",\"not_opened\",\"orginal_user\"]',NULL,NULL,NULL,NULL,'[{\"time\": \"2017-07-04T19:42:03.281Z\", \"user_id\": 8, \"is_extra_credit\": false}]',NULL,NULL,NULL,0,'[{\"id\": 196, \"isSubWorkflow\": 0}]','[{\"id\": 193, \"isSubWorkflow\": 0}, {\"id\": 194, \"isSubWorkflow\": 0}]','1999-01-01 05:00:00'),
(196,10,62,24,8,NULL,'[\"not_yet_started\",\"normal\",\"n/a\",\"before_end_time\",\"not_opened\",\"orginal_user\"]',NULL,NULL,NULL,NULL,'[{\"time\": \"2017-07-04T19:42:03.317Z\", \"user_id\": 10, \"is_extra_credit\": false}]',NULL,NULL,NULL,0,'[{\"id\": 197, \"isSubWorkflow\": 0}]','[{\"id\": 195, \"isSubWorkflow\": 0}]','1999-01-01 05:00:00'),
(197,8,63,24,8,NULL,'[\"not_yet_started\",\"normal\",\"n/a\",\"before_end_time\",\"not_opened\",\"orginal_user\"]',NULL,NULL,NULL,NULL,'[{\"time\": \"2017-07-04T19:42:03.337Z\", \"user_id\": 8, \"is_extra_credit\": false}]',NULL,NULL,NULL,0,'[{\"id\": 198, \"isSubWorkflow\": 0}]','[{\"id\": 196, \"isSubWorkflow\": 0}]','1999-01-01 05:00:00'),
(198,1,64,24,8,NULL,'[\"not_yet_started\",\"normal\",\"n/a\",\"before_end_time\",\"not_opened\",\"orginal_user\"]',NULL,NULL,NULL,NULL,'[{\"time\": \"2017-07-04T19:42:03.376Z\", \"user_id\": 1, \"is_extra_credit\": false}]',NULL,NULL,NULL,0,'[]','[{\"id\": 197, \"isSubWorkflow\": 0}]','1999-01-01 05:00:00'),
(199,69,49,25,8,NULL,'[\"started\",\"normal\",\"n/a\",\"late\",\"not_opened\",\"orginal_user\"]','2017-07-04 19:41:46','2017-07-04 19:42:46',NULL,NULL,'[{\"time\": \"2017-07-04T19:42:03.412Z\", \"user_id\": 69, \"is_extra_credit\": false}]',NULL,NULL,NULL,0,'[{\"id\": 200, \"isSubWorkflow\": 0}, {\"id\": 201, \"isSubWorkflow\": 0}]',NULL,'1999-01-01 05:00:00'),
(200,1,50,25,8,NULL,'[\"not_yet_started\",\"normal\",\"n/a\",\"before_end_time\",\"not_opened\",\"orginal_user\"]',NULL,NULL,NULL,NULL,'[{\"time\": \"2017-07-04T19:42:03.443Z\", \"user_id\": 1, \"is_extra_credit\": false}]',NULL,NULL,NULL,0,'[]','[{\"id\": 199, \"isSubWorkflow\": 0}]','1999-01-01 05:00:00'),
(201,5,51,25,8,NULL,'[\"not_yet_started\",\"normal\",\"n/a\",\"before_end_time\",\"not_opened\",\"orginal_user\"]',NULL,NULL,NULL,NULL,'[{\"time\": \"2017-07-04T19:42:03.469Z\", \"user_id\": 5, \"is_extra_credit\": false}]',NULL,NULL,NULL,0,'[{\"id\": 202, \"isSubWorkflow\": 0}, {\"id\": 203, \"isSubWorkflow\": 0}]','[{\"id\": 199, \"isSubWorkflow\": 0}]','1999-01-01 05:00:00'),
(202,69,52,25,8,NULL,'[\"not_yet_started\",\"normal\",\"n/a\",\"before_end_time\",\"not_opened\",\"orginal_user\"]',NULL,NULL,NULL,NULL,'[{\"time\": \"2017-07-04T19:42:03.498Z\", \"user_id\": 69, \"is_extra_credit\": false}]',NULL,NULL,NULL,0,'[{\"id\": 204, \"isSubWorkflow\": 0}]','[{\"id\": 201, \"isSubWorkflow\": 0}]','1999-01-01 05:00:00'),
(203,6,52,25,8,NULL,'[\"not_yet_started\",\"normal\",\"n/a\",\"before_end_time\",\"not_opened\",\"orginal_user\"]',NULL,NULL,NULL,NULL,'[{\"time\": \"2017-07-04T19:42:03.515Z\", \"user_id\": 6, \"is_extra_credit\": false}]',NULL,NULL,NULL,0,'[{\"id\": 204, \"isSubWorkflow\": 0}]','[{\"id\": 201, \"isSubWorkflow\": 0}]','1999-01-01 05:00:00'),
(204,5,53,25,8,NULL,'[\"automatic\",\"normal\",\"n/a\",\"before_end_time\",\"not_opened\",\"orginal_user\"]',NULL,NULL,NULL,NULL,'[{\"time\": \"2017-07-04T19:42:03.543Z\", \"user_id\": 5, \"is_extra_credit\": false}]',NULL,NULL,NULL,0,'[{\"id\": 205, \"isSubWorkflow\": 0}]','[{\"id\": 202, \"isSubWorkflow\": 0}, {\"id\": 203, \"isSubWorkflow\": 0}]','1999-01-01 05:00:00'),
(205,7,54,25,8,NULL,'[\"not_yet_started\",\"normal\",\"n/a\",\"before_end_time\",\"not_opened\",\"orginal_user\"]',NULL,NULL,NULL,NULL,'[{\"time\": \"2017-07-04T19:42:03.582Z\", \"user_id\": 7, \"is_extra_credit\": false}]',NULL,NULL,NULL,0,'[{\"id\": 206, \"isSubWorkflow\": 0}]','[{\"id\": 204, \"isSubWorkflow\": 0}]','1999-01-01 05:00:00'),
(206,5,55,25,8,NULL,'[\"not_yet_started\",\"normal\",\"n/a\",\"before_end_time\",\"not_opened\",\"orginal_user\"]',NULL,NULL,NULL,NULL,'[{\"time\": \"2017-07-04T19:42:03.611Z\", \"user_id\": 5, \"is_extra_credit\": false}]',NULL,NULL,NULL,0,'[{\"id\": 207, \"isSubWorkflow\": 0}]','[{\"id\": 205, \"isSubWorkflow\": 0}]','1999-01-01 05:00:00'),
(207,1,56,25,8,NULL,'[\"not_yet_started\",\"normal\",\"n/a\",\"before_end_time\",\"not_opened\",\"orginal_user\"]',NULL,NULL,NULL,NULL,'[{\"time\": \"2017-07-04T19:42:03.645Z\", \"user_id\": 1, \"is_extra_credit\": false}]',NULL,NULL,NULL,0,'[]','[{\"id\": 206, \"isSubWorkflow\": 0}]','1999-01-01 05:00:00'),
(208,8,57,26,8,NULL,'[\"started\",\"normal\",\"n/a\",\"late\",\"not_opened\",\"orginal_user\"]','2017-07-04 19:41:46','2017-07-04 19:42:46',NULL,NULL,'[{\"time\": \"2017-07-04T19:42:03.693Z\", \"user_id\": 8, \"is_extra_credit\": false}]',NULL,NULL,NULL,0,'[{\"id\": 209, \"isSubWorkflow\": 0}, {\"id\": 210, \"isSubWorkflow\": 0}]',NULL,'1999-01-01 05:00:00'),
(209,1,58,26,8,NULL,'[\"not_yet_started\",\"normal\",\"n/a\",\"before_end_time\",\"not_opened\",\"orginal_user\"]',NULL,NULL,NULL,NULL,'[{\"time\": \"2017-07-04T19:42:03.725Z\", \"user_id\": 1, \"is_extra_credit\": false}]',NULL,NULL,NULL,0,'[]','[{\"id\": 208, \"isSubWorkflow\": 0}]','1999-01-01 05:00:00'),
(210,9,59,26,8,NULL,'[\"not_yet_started\",\"normal\",\"n/a\",\"before_end_time\",\"not_opened\",\"orginal_user\"]',NULL,NULL,NULL,NULL,'[{\"time\": \"2017-07-04T19:42:03.750Z\", \"user_id\": 9, \"is_extra_credit\": false}]',NULL,NULL,NULL,0,'[{\"id\": 211, \"isSubWorkflow\": 0}, {\"id\": 212, \"isSubWorkflow\": 0}]','[{\"id\": 208, \"isSubWorkflow\": 0}]','1999-01-01 05:00:00'),
(211,8,60,26,8,NULL,'[\"not_yet_started\",\"normal\",\"n/a\",\"before_end_time\",\"not_opened\",\"orginal_user\"]',NULL,NULL,NULL,NULL,'[{\"time\": \"2017-07-04T19:42:03.785Z\", \"user_id\": 8, \"is_extra_credit\": false}]',NULL,NULL,NULL,0,'[{\"id\": 213, \"isSubWorkflow\": 0}]','[{\"id\": 210, \"isSubWorkflow\": 0}]','1999-01-01 05:00:00'),
(212,10,60,26,8,NULL,'[\"not_yet_started\",\"normal\",\"n/a\",\"before_end_time\",\"not_opened\",\"orginal_user\"]',NULL,NULL,NULL,NULL,'[{\"time\": \"2017-07-04T19:42:03.807Z\", \"user_id\": 10, \"is_extra_credit\": false}]',NULL,NULL,NULL,0,'[{\"id\": 213, \"isSubWorkflow\": 0}]','[{\"id\": 210, \"isSubWorkflow\": 0}]','1999-01-01 05:00:00'),
(213,9,61,26,8,NULL,'[\"automatic\",\"normal\",\"n/a\",\"before_end_time\",\"not_opened\",\"orginal_user\"]',NULL,NULL,NULL,NULL,'[{\"time\": \"2017-07-04T19:42:03.837Z\", \"user_id\": 9, \"is_extra_credit\": false}]',NULL,NULL,NULL,0,'[{\"id\": 214, \"isSubWorkflow\": 0}]','[{\"id\": 211, \"isSubWorkflow\": 0}, {\"id\": 212, \"isSubWorkflow\": 0}]','1999-01-01 05:00:00'),
(214,11,62,26,8,NULL,'[\"not_yet_started\",\"normal\",\"n/a\",\"before_end_time\",\"not_opened\",\"orginal_user\"]',NULL,NULL,NULL,NULL,'[{\"time\": \"2017-07-04T19:42:03.865Z\", \"user_id\": 11, \"is_extra_credit\": false}]',NULL,NULL,NULL,0,'[{\"id\": 215, \"isSubWorkflow\": 0}]','[{\"id\": 213, \"isSubWorkflow\": 0}]','1999-01-01 05:00:00'),
(215,9,63,26,8,NULL,'[\"not_yet_started\",\"normal\",\"n/a\",\"before_end_time\",\"not_opened\",\"orginal_user\"]',NULL,NULL,NULL,NULL,'[{\"time\": \"2017-07-04T19:42:03.893Z\", \"user_id\": 9, \"is_extra_credit\": false}]',NULL,NULL,NULL,0,'[{\"id\": 216, \"isSubWorkflow\": 0}]','[{\"id\": 214, \"isSubWorkflow\": 0}]','1999-01-01 05:00:00'),
(216,1,64,26,8,NULL,'[\"not_yet_started\",\"normal\",\"n/a\",\"before_end_time\",\"not_opened\",\"orginal_user\"]',NULL,NULL,NULL,NULL,'[{\"time\": \"2017-07-04T19:42:03.930Z\", \"user_id\": 1, \"is_extra_credit\": false}]',NULL,NULL,NULL,0,'[]','[{\"id\": 215, \"isSubWorkflow\": 0}]','1999-01-01 05:00:00'),
(217,5,49,27,8,NULL,'[\"complete\",\"normal\",\"submitted_for_approval\",\"late\",\"viewed\",\"orginal_user\"]','2017-07-04 19:41:46','2017-07-04 19:42:46','2017-07-04 20:31:29','[{\"0\": [\"Hello world Hello world Hello worldHello world Hello world\", \"\"], \"number_of_fields\": 1}]','[{\"time\": \"2017-07-04T19:42:03.981Z\", \"user_id\": 5, \"is_extra_credit\": false}]',NULL,NULL,NULL,0,'[{\"id\": 218, \"isSubWorkflow\": 0}, {\"id\": 219, \"isSubWorkflow\": 0}]',NULL,'1999-01-01 05:00:00'),
(218,1,50,27,8,NULL,'[\"complete\",\"normal\",\"approved\",\"late\",\"viewed\",\"orginal_user\"]','2017-07-25 04:23:20','2017-07-28 04:23:20','2017-07-25 04:23:20','[{\"0\": [\"CCCCC\", \"\"], \"1\": [\"CCCC\", \"\"], \"number_of_fields\": 2}]','[{\"time\": \"2017-07-04T19:42:04.025Z\", \"user_id\": 1, \"is_extra_credit\": false}]',NULL,NULL,NULL,0,'[]','[{\"id\": 217, \"isSubWorkflow\": 0}]','1999-01-01 05:00:00'),
(219,6,51,27,8,NULL,'[\"started\",\"normal\",\"n/a\",\"before_end_time\",\"not_opened\",\"orginal_user\"]','2017-07-25 04:23:20','2017-07-28 04:23:20',NULL,NULL,'[{\"time\": \"2017-07-04T19:42:04.055Z\", \"user_id\": 6, \"is_extra_credit\": false}]',NULL,NULL,NULL,0,'[{\"id\": 220, \"isSubWorkflow\": 0}, {\"id\": 221, \"isSubWorkflow\": 0}]','[{\"id\": 217, \"isSubWorkflow\": 0}]','1999-01-01 05:00:00'),
(220,5,52,27,8,NULL,'[\"not_yet_started\",\"normal\",\"n/a\",\"before_end_time\",\"not_opened\",\"orginal_user\"]',NULL,NULL,NULL,NULL,'[{\"time\": \"2017-07-04T19:42:04.081Z\", \"user_id\": 5, \"is_extra_credit\": false}]',NULL,NULL,NULL,0,'[{\"id\": 222, \"isSubWorkflow\": 0}]','[{\"id\": 219, \"isSubWorkflow\": 0}]','1999-01-01 05:00:00'),
(221,7,52,27,8,NULL,'[\"not_yet_started\",\"normal\",\"n/a\",\"before_end_time\",\"not_opened\",\"orginal_user\"]',NULL,NULL,NULL,NULL,'[{\"time\": \"2017-07-04T19:42:04.094Z\", \"user_id\": 7, \"is_extra_credit\": false}]',NULL,NULL,NULL,0,'[{\"id\": 222, \"isSubWorkflow\": 0}]','[{\"id\": 219, \"isSubWorkflow\": 0}]','1999-01-01 05:00:00'),
(222,6,53,27,8,NULL,'[\"automatic\",\"normal\",\"n/a\",\"before_end_time\",\"not_opened\",\"orginal_user\"]',NULL,NULL,NULL,NULL,'[{\"time\": \"2017-07-04T19:42:04.121Z\", \"user_id\": 6, \"is_extra_credit\": false}]',NULL,NULL,NULL,0,'[{\"id\": 223, \"isSubWorkflow\": 0}]','[{\"id\": 220, \"isSubWorkflow\": 0}, {\"id\": 221, \"isSubWorkflow\": 0}]','1999-01-01 05:00:00'),
(223,8,54,27,8,NULL,'[\"not_yet_started\",\"normal\",\"n/a\",\"before_end_time\",\"not_opened\",\"orginal_user\"]',NULL,NULL,NULL,NULL,'[{\"time\": \"2017-07-04T19:42:04.156Z\", \"user_id\": 8, \"is_extra_credit\": false}]',NULL,NULL,NULL,0,'[{\"id\": 224, \"isSubWorkflow\": 0}]','[{\"id\": 222, \"isSubWorkflow\": 0}]','1999-01-01 05:00:00'),
(224,6,55,27,8,NULL,'[\"not_yet_started\",\"normal\",\"n/a\",\"before_end_time\",\"not_opened\",\"orginal_user\"]',NULL,NULL,NULL,NULL,'[{\"time\": \"2017-07-04T19:42:04.186Z\", \"user_id\": 6, \"is_extra_credit\": false}]',NULL,NULL,NULL,0,'[{\"id\": 225, \"isSubWorkflow\": 0}]','[{\"id\": 223, \"isSubWorkflow\": 0}]','1999-01-01 05:00:00'),
(225,1,56,27,8,NULL,'[\"not_yet_started\",\"normal\",\"n/a\",\"before_end_time\",\"not_opened\",\"orginal_user\"]',NULL,NULL,NULL,NULL,'[{\"time\": \"2017-07-04T19:42:04.218Z\", \"user_id\": 1, \"is_extra_credit\": false}]',NULL,NULL,NULL,0,'[]','[{\"id\": 224, \"isSubWorkflow\": 0}]','1999-01-01 05:00:00'),
(226,9,57,28,8,NULL,'[\"complete\",\"normal\",\"submitted_for_approval\",\"late\",\"viewed\",\"orginal_user\"]','2017-07-04 19:41:46','2017-07-04 19:42:46','2017-07-04 20:13:30','[{\"0\": [\"Amadou Bailo Barry\", \"\"], \"number_of_fields\": 1}]','[{\"time\": \"2017-07-04T19:42:04.315Z\", \"user_id\": 9, \"is_extra_credit\": false}]',NULL,NULL,NULL,0,'[{\"id\": 227, \"isSubWorkflow\": 0}, {\"id\": 228, \"isSubWorkflow\": 0}]',NULL,'1999-01-01 05:00:00'),
(227,1,58,28,8,NULL,'[\"started\",\"normal\",\"n/a\",\"late\",\"viewed\",\"orginal_user\"]','2017-07-04 20:13:31','2017-07-04 20:14:31',NULL,NULL,'[{\"time\": \"2017-07-04T19:42:04.351Z\", \"user_id\": 1, \"is_extra_credit\": false}]',NULL,NULL,NULL,0,'[]','[{\"id\": 226, \"isSubWorkflow\": 0}]','1999-01-01 05:00:00'),
(228,10,59,28,8,NULL,'[\"not_yet_started\",\"normal\",\"n/a\",\"before_end_time\",\"not_opened\",\"orginal_user\"]',NULL,NULL,NULL,NULL,'[{\"time\": \"2017-07-04T19:42:04.380Z\", \"user_id\": 10, \"is_extra_credit\": false}]',NULL,NULL,NULL,0,'[{\"id\": 229, \"isSubWorkflow\": 0}, {\"id\": 230, \"isSubWorkflow\": 0}]','[{\"id\": 226, \"isSubWorkflow\": 0}]','1999-01-01 05:00:00'),
(229,9,60,28,8,NULL,'[\"not_yet_started\",\"normal\",\"n/a\",\"before_end_time\",\"not_opened\",\"orginal_user\"]',NULL,NULL,NULL,NULL,'[{\"time\": \"2017-07-04T19:42:04.407Z\", \"user_id\": 9, \"is_extra_credit\": false}]',NULL,NULL,NULL,0,'[{\"id\": 231, \"isSubWorkflow\": 0}]','[{\"id\": 228, \"isSubWorkflow\": 0}]','1999-01-01 05:00:00'),
(230,11,60,28,8,NULL,'[\"not_yet_started\",\"normal\",\"n/a\",\"before_end_time\",\"not_opened\",\"orginal_user\"]',NULL,NULL,NULL,NULL,'[{\"time\": \"2017-07-04T19:42:04.423Z\", \"user_id\": 11, \"is_extra_credit\": false}]',NULL,NULL,NULL,0,'[{\"id\": 231, \"isSubWorkflow\": 0}]','[{\"id\": 228, \"isSubWorkflow\": 0}]','1999-01-01 05:00:00'),
(231,10,61,28,8,NULL,'[\"automatic\",\"normal\",\"n/a\",\"before_end_time\",\"not_opened\",\"orginal_user\"]',NULL,NULL,NULL,NULL,'[{\"time\": \"2017-07-04T19:42:04.452Z\", \"user_id\": 10, \"is_extra_credit\": false}]',NULL,NULL,NULL,0,'[{\"id\": 232, \"isSubWorkflow\": 0}]','[{\"id\": 229, \"isSubWorkflow\": 0}, {\"id\": 230, \"isSubWorkflow\": 0}]','1999-01-01 05:00:00'),
(232,12,62,28,8,NULL,'[\"not_yet_started\",\"normal\",\"n/a\",\"before_end_time\",\"not_opened\",\"orginal_user\"]',NULL,NULL,NULL,NULL,'[{\"time\": \"2017-07-04T19:42:04.498Z\", \"user_id\": 12, \"is_extra_credit\": false}]',NULL,NULL,NULL,0,'[{\"id\": 233, \"isSubWorkflow\": 0}]','[{\"id\": 231, \"isSubWorkflow\": 0}]','1999-01-01 05:00:00'),
(233,10,63,28,8,NULL,'[\"not_yet_started\",\"normal\",\"n/a\",\"before_end_time\",\"not_opened\",\"orginal_user\"]',NULL,NULL,NULL,NULL,'[{\"time\": \"2017-07-04T19:42:04.536Z\", \"user_id\": 10, \"is_extra_credit\": false}]',NULL,NULL,NULL,0,'[{\"id\": 234, \"isSubWorkflow\": 0}]','[{\"id\": 232, \"isSubWorkflow\": 0}]','1999-01-01 05:00:00'),
(234,1,64,28,8,NULL,'[\"not_yet_started\",\"normal\",\"n/a\",\"before_end_time\",\"not_opened\",\"orginal_user\"]',NULL,NULL,NULL,NULL,'[{\"time\": \"2017-07-04T19:42:04.581Z\", \"user_id\": 1, \"is_extra_credit\": false}]',NULL,NULL,NULL,0,'[]','[{\"id\": 233, \"isSubWorkflow\": 0}]','1999-01-01 05:00:00'),
(235,6,49,29,8,NULL,'[\"complete\",\"normal\",\"submitted_for_approval\",\"late\",\"viewed\",\"orginal_user\"]','2017-07-04 19:41:46','2017-07-04 19:42:46','2017-07-04 20:35:45','[{\"0\": [\"Hello world...\", \"\"], \"number_of_fields\": 1}]','[{\"time\": \"2017-07-04T19:42:04.628Z\", \"user_id\": 6, \"is_extra_credit\": false}]',NULL,NULL,NULL,0,'[{\"id\": 236, \"isSubWorkflow\": 0}, {\"id\": 237, \"isSubWorkflow\": 0}]',NULL,'1999-01-01 05:00:00'),
(236,1,50,29,8,NULL,'[\"started\",\"normal\",\"n/a\",\"late\",\"not_opened\",\"orginal_user\"]','2017-07-04 20:35:45','2017-07-04 20:36:45',NULL,NULL,'[{\"time\": \"2017-07-04T19:42:04.660Z\", \"user_id\": 1, \"is_extra_credit\": false}]',NULL,NULL,NULL,0,'[]','[{\"id\": 235, \"isSubWorkflow\": 0}]','1999-01-01 05:00:00'),
(237,7,51,29,8,NULL,'[\"not_yet_started\",\"normal\",\"n/a\",\"before_end_time\",\"not_opened\",\"orginal_user\"]',NULL,NULL,NULL,NULL,'[{\"time\": \"2017-07-04T19:42:04.702Z\", \"user_id\": 7, \"is_extra_credit\": false}]',NULL,NULL,NULL,0,'[{\"id\": 238, \"isSubWorkflow\": 0}, {\"id\": 239, \"isSubWorkflow\": 0}]','[{\"id\": 235, \"isSubWorkflow\": 0}]','1999-01-01 05:00:00'),
(238,6,52,29,8,NULL,'[\"not_yet_started\",\"normal\",\"n/a\",\"before_end_time\",\"not_opened\",\"orginal_user\"]',NULL,NULL,NULL,NULL,'[{\"time\": \"2017-07-04T19:42:04.737Z\", \"user_id\": 6, \"is_extra_credit\": false}]',NULL,NULL,NULL,0,'[{\"id\": 240, \"isSubWorkflow\": 0}]','[{\"id\": 237, \"isSubWorkflow\": 0}]','1999-01-01 05:00:00'),
(239,8,52,29,8,NULL,'[\"not_yet_started\",\"normal\",\"n/a\",\"before_end_time\",\"not_opened\",\"orginal_user\"]',NULL,NULL,NULL,NULL,'[{\"time\": \"2017-07-04T19:42:04.752Z\", \"user_id\": 8, \"is_extra_credit\": false}]',NULL,NULL,NULL,0,'[{\"id\": 240, \"isSubWorkflow\": 0}]','[{\"id\": 237, \"isSubWorkflow\": 0}]','1999-01-01 05:00:00'),
(240,7,53,29,8,NULL,'[\"automatic\",\"normal\",\"n/a\",\"before_end_time\",\"not_opened\",\"orginal_user\"]',NULL,NULL,NULL,NULL,'[{\"time\": \"2017-07-04T19:42:04.781Z\", \"user_id\": 7, \"is_extra_credit\": false}]',NULL,NULL,NULL,0,'[{\"id\": 241, \"isSubWorkflow\": 0}]','[{\"id\": 238, \"isSubWorkflow\": 0}, {\"id\": 239, \"isSubWorkflow\": 0}]','1999-01-01 05:00:00'),
(241,9,54,29,8,NULL,'[\"not_yet_started\",\"normal\",\"n/a\",\"before_end_time\",\"not_opened\",\"orginal_user\"]',NULL,NULL,NULL,NULL,'[{\"time\": \"2017-07-04T19:42:04.842Z\", \"user_id\": 9, \"is_extra_credit\": false}]',NULL,NULL,NULL,0,'[{\"id\": 242, \"isSubWorkflow\": 0}]','[{\"id\": 240, \"isSubWorkflow\": 0}]','1999-01-01 05:00:00'),
(242,7,55,29,8,NULL,'[\"not_yet_started\",\"normal\",\"n/a\",\"before_end_time\",\"not_opened\",\"orginal_user\"]',NULL,NULL,NULL,NULL,'[{\"time\": \"2017-07-04T19:42:04.882Z\", \"user_id\": 7, \"is_extra_credit\": false}]',NULL,NULL,NULL,0,'[{\"id\": 243, \"isSubWorkflow\": 0}]','[{\"id\": 241, \"isSubWorkflow\": 0}]','1999-01-01 05:00:00'),
(243,1,56,29,8,NULL,'[\"not_yet_started\",\"normal\",\"n/a\",\"before_end_time\",\"not_opened\",\"orginal_user\"]',NULL,NULL,NULL,NULL,'[{\"time\": \"2017-07-04T19:42:04.920Z\", \"user_id\": 1, \"is_extra_credit\": false}]',NULL,NULL,NULL,0,'[]','[{\"id\": 242, \"isSubWorkflow\": 0}]','1999-01-01 05:00:00'),
(244,10,57,30,8,NULL,'[\"started\",\"normal\",\"n/a\",\"late\",\"not_opened\",\"orginal_user\"]','2017-07-04 19:41:46','2017-07-04 19:42:46',NULL,NULL,'[{\"time\": \"2017-07-04T19:42:04.971Z\", \"user_id\": 10, \"is_extra_credit\": false}]',NULL,NULL,NULL,0,'[{\"id\": 245, \"isSubWorkflow\": 0}, {\"id\": 246, \"isSubWorkflow\": 0}]',NULL,'1999-01-01 05:00:00'),
(245,1,58,30,8,NULL,'[\"not_yet_started\",\"normal\",\"n/a\",\"before_end_time\",\"not_opened\",\"orginal_user\"]',NULL,NULL,NULL,NULL,'[{\"time\": \"2017-07-04T19:42:05.020Z\", \"user_id\": 1, \"is_extra_credit\": false}]',NULL,NULL,NULL,0,'[]','[{\"id\": 244, \"isSubWorkflow\": 0}]','1999-01-01 05:00:00'),
(246,11,59,30,8,NULL,'[\"not_yet_started\",\"normal\",\"n/a\",\"before_end_time\",\"not_opened\",\"orginal_user\"]',NULL,NULL,NULL,NULL,'[{\"time\": \"2017-07-04T19:42:05.083Z\", \"user_id\": 11, \"is_extra_credit\": false}]',NULL,NULL,NULL,0,'[{\"id\": 247, \"isSubWorkflow\": 0}, {\"id\": 248, \"isSubWorkflow\": 0}]','[{\"id\": 244, \"isSubWorkflow\": 0}]','1999-01-01 05:00:00'),
(247,10,60,30,8,NULL,'[\"not_yet_started\",\"normal\",\"n/a\",\"before_end_time\",\"not_opened\",\"orginal_user\"]',NULL,NULL,NULL,NULL,'[{\"time\": \"2017-07-04T19:42:05.125Z\", \"user_id\": 10, \"is_extra_credit\": false}]',NULL,NULL,NULL,0,'[{\"id\": 249, \"isSubWorkflow\": 0}]','[{\"id\": 246, \"isSubWorkflow\": 0}]','1999-01-01 05:00:00'),
(248,12,60,30,8,NULL,'[\"not_yet_started\",\"normal\",\"n/a\",\"before_end_time\",\"not_opened\",\"orginal_user\"]',NULL,NULL,NULL,NULL,'[{\"time\": \"2017-07-04T19:42:05.141Z\", \"user_id\": 12, \"is_extra_credit\": false}]',NULL,NULL,NULL,0,'[{\"id\": 249, \"isSubWorkflow\": 0}]','[{\"id\": 246, \"isSubWorkflow\": 0}]','1999-01-01 05:00:00'),
(249,11,61,30,8,NULL,'[\"automatic\",\"normal\",\"n/a\",\"before_end_time\",\"not_opened\",\"orginal_user\"]',NULL,NULL,NULL,NULL,'[{\"time\": \"2017-07-04T19:42:05.175Z\", \"user_id\": 11, \"is_extra_credit\": false}]',NULL,NULL,NULL,0,'[{\"id\": 250, \"isSubWorkflow\": 0}]','[{\"id\": 247, \"isSubWorkflow\": 0}, {\"id\": 248, \"isSubWorkflow\": 0}]','1999-01-01 05:00:00'),
(250,13,62,30,8,NULL,'[\"not_yet_started\",\"normal\",\"n/a\",\"before_end_time\",\"not_opened\",\"orginal_user\"]',NULL,NULL,NULL,NULL,'[{\"time\": \"2017-07-04T19:42:05.218Z\", \"user_id\": 13, \"is_extra_credit\": false}]',NULL,NULL,NULL,0,'[{\"id\": 251, \"isSubWorkflow\": 0}]','[{\"id\": 249, \"isSubWorkflow\": 0}]','1999-01-01 05:00:00'),
(251,11,63,30,8,NULL,'[\"not_yet_started\",\"normal\",\"n/a\",\"before_end_time\",\"not_opened\",\"orginal_user\"]',NULL,NULL,NULL,NULL,'[{\"time\": \"2017-07-04T19:42:05.254Z\", \"user_id\": 11, \"is_extra_credit\": false}]',NULL,NULL,NULL,0,'[{\"id\": 252, \"isSubWorkflow\": 0}]','[{\"id\": 250, \"isSubWorkflow\": 0}]','1999-01-01 05:00:00'),
(252,1,64,30,8,NULL,'[\"not_yet_started\",\"normal\",\"n/a\",\"before_end_time\",\"not_opened\",\"orginal_user\"]',NULL,NULL,NULL,NULL,'[{\"time\": \"2017-07-04T19:42:05.300Z\", \"user_id\": 1, \"is_extra_credit\": false}]',NULL,NULL,NULL,0,'[]','[{\"id\": 251, \"isSubWorkflow\": 0}]','1999-01-01 05:00:00'),
(253,7,49,31,8,NULL,'[\"started\",\"normal\",\"n/a\",\"late\",\"not_opened\",\"orginal_user\"]','2017-07-04 19:41:46','2017-07-04 19:42:46',NULL,NULL,'[{\"time\": \"2017-07-04T19:42:05.384Z\", \"user_id\": 7, \"is_extra_credit\": false}]',NULL,NULL,NULL,0,'[{\"id\": 254, \"isSubWorkflow\": 0}, {\"id\": 255, \"isSubWorkflow\": 0}]',NULL,'1999-01-01 05:00:00'),
(254,1,50,31,8,NULL,'[\"not_yet_started\",\"normal\",\"n/a\",\"before_end_time\",\"not_opened\",\"orginal_user\"]',NULL,NULL,NULL,NULL,'[{\"time\": \"2017-07-04T19:42:05.427Z\", \"user_id\": 1, \"is_extra_credit\": false}]',NULL,NULL,NULL,0,'[]','[{\"id\": 253, \"isSubWorkflow\": 0}]','1999-01-01 05:00:00'),
(255,8,51,31,8,NULL,'[\"not_yet_started\",\"normal\",\"n/a\",\"before_end_time\",\"not_opened\",\"orginal_user\"]',NULL,NULL,NULL,NULL,'[{\"time\": \"2017-07-04T19:42:05.464Z\", \"user_id\": 8, \"is_extra_credit\": false}]',NULL,NULL,NULL,0,'[{\"id\": 256, \"isSubWorkflow\": 0}, {\"id\": 257, \"isSubWorkflow\": 0}]','[{\"id\": 253, \"isSubWorkflow\": 0}]','1999-01-01 05:00:00'),
(256,7,52,31,8,NULL,'[\"not_yet_started\",\"normal\",\"n/a\",\"before_end_time\",\"not_opened\",\"orginal_user\"]',NULL,NULL,NULL,NULL,'[{\"time\": \"2017-07-04T19:42:05.511Z\", \"user_id\": 7, \"is_extra_credit\": false}]',NULL,NULL,NULL,0,'[{\"id\": 258, \"isSubWorkflow\": 0}]','[{\"id\": 255, \"isSubWorkflow\": 0}]','1999-01-01 05:00:00'),
(257,9,52,31,8,NULL,'[\"not_yet_started\",\"normal\",\"n/a\",\"before_end_time\",\"not_opened\",\"orginal_user\"]',NULL,NULL,NULL,NULL,'[{\"time\": \"2017-07-04T19:42:05.527Z\", \"user_id\": 9, \"is_extra_credit\": false}]',NULL,NULL,NULL,0,'[{\"id\": 258, \"isSubWorkflow\": 0}]','[{\"id\": 255, \"isSubWorkflow\": 0}]','1999-01-01 05:00:00'),
(258,8,53,31,8,NULL,'[\"automatic\",\"normal\",\"n/a\",\"before_end_time\",\"not_opened\",\"orginal_user\"]',NULL,NULL,NULL,NULL,'[{\"time\": \"2017-07-04T19:42:05.566Z\", \"user_id\": 8, \"is_extra_credit\": false}]',NULL,NULL,NULL,0,'[{\"id\": 259, \"isSubWorkflow\": 0}]','[{\"id\": 256, \"isSubWorkflow\": 0}, {\"id\": 257, \"isSubWorkflow\": 0}]','1999-01-01 05:00:00'),
(259,10,54,31,8,NULL,'[\"not_yet_started\",\"normal\",\"n/a\",\"before_end_time\",\"not_opened\",\"orginal_user\"]',NULL,NULL,NULL,NULL,'[{\"time\": \"2017-07-04T19:42:05.607Z\", \"user_id\": 10, \"is_extra_credit\": false}]',NULL,NULL,NULL,0,'[{\"id\": 260, \"isSubWorkflow\": 0}]','[{\"id\": 258, \"isSubWorkflow\": 0}]','1999-01-01 05:00:00'),
(260,8,55,31,8,NULL,'[\"not_yet_started\",\"normal\",\"n/a\",\"before_end_time\",\"not_opened\",\"orginal_user\"]',NULL,NULL,NULL,NULL,'[{\"time\": \"2017-07-04T19:42:05.646Z\", \"user_id\": 8, \"is_extra_credit\": false}]',NULL,NULL,NULL,0,'[{\"id\": 261, \"isSubWorkflow\": 0}]','[{\"id\": 259, \"isSubWorkflow\": 0}]','1999-01-01 05:00:00'),
(261,1,56,31,8,NULL,'[\"not_yet_started\",\"normal\",\"n/a\",\"before_end_time\",\"not_opened\",\"orginal_user\"]',NULL,NULL,NULL,NULL,'[{\"time\": \"2017-07-04T19:42:05.691Z\", \"user_id\": 1, \"is_extra_credit\": false}]',NULL,NULL,NULL,0,'[]','[{\"id\": 260, \"isSubWorkflow\": 0}]','1999-01-01 05:00:00'),
(262,11,57,32,8,NULL,'[\"started\",\"normal\",\"n/a\",\"late\",\"not_opened\",\"orginal_user\"]','2017-07-04 19:41:46','2017-07-04 19:42:46',NULL,NULL,'[{\"time\": \"2017-07-04T19:42:05.748Z\", \"user_id\": 11, \"is_extra_credit\": false}]',NULL,NULL,NULL,0,'[{\"id\": 263, \"isSubWorkflow\": 0}, {\"id\": 264, \"isSubWorkflow\": 0}]',NULL,'1999-01-01 05:00:00'),
(263,1,58,32,8,NULL,'[\"not_yet_started\",\"normal\",\"n/a\",\"before_end_time\",\"not_opened\",\"orginal_user\"]',NULL,NULL,NULL,NULL,'[{\"time\": \"2017-07-04T19:42:05.789Z\", \"user_id\": 1, \"is_extra_credit\": false}]',NULL,NULL,NULL,0,'[]','[{\"id\": 262, \"isSubWorkflow\": 0}]','1999-01-01 05:00:00'),
(264,12,59,32,8,NULL,'[\"not_yet_started\",\"normal\",\"n/a\",\"before_end_time\",\"not_opened\",\"orginal_user\"]',NULL,NULL,NULL,NULL,'[{\"time\": \"2017-07-04T19:42:05.823Z\", \"user_id\": 12, \"is_extra_credit\": false}]',NULL,NULL,NULL,0,'[{\"id\": 265, \"isSubWorkflow\": 0}, {\"id\": 266, \"isSubWorkflow\": 0}]','[{\"id\": 262, \"isSubWorkflow\": 0}]','1999-01-01 05:00:00'),
(265,11,60,32,8,NULL,'[\"not_yet_started\",\"normal\",\"n/a\",\"before_end_time\",\"not_opened\",\"orginal_user\"]',NULL,NULL,NULL,NULL,'[{\"time\": \"2017-07-04T19:42:05.858Z\", \"user_id\": 11, \"is_extra_credit\": false}]',NULL,NULL,NULL,0,'[{\"id\": 267, \"isSubWorkflow\": 0}]','[{\"id\": 264, \"isSubWorkflow\": 0}]','1999-01-01 05:00:00'),
(266,13,60,32,8,NULL,'[\"not_yet_started\",\"normal\",\"n/a\",\"before_end_time\",\"not_opened\",\"orginal_user\"]',NULL,NULL,NULL,NULL,'[{\"time\": \"2017-07-04T19:42:05.876Z\", \"user_id\": 13, \"is_extra_credit\": false}]',NULL,NULL,NULL,0,'[{\"id\": 267, \"isSubWorkflow\": 0}]','[{\"id\": 264, \"isSubWorkflow\": 0}]','1999-01-01 05:00:00'),
(267,12,61,32,8,NULL,'[\"automatic\",\"normal\",\"n/a\",\"before_end_time\",\"not_opened\",\"orginal_user\"]',NULL,NULL,NULL,NULL,'[{\"time\": \"2017-07-04T19:42:05.915Z\", \"user_id\": 12, \"is_extra_credit\": false}]',NULL,NULL,NULL,0,'[{\"id\": 268, \"isSubWorkflow\": 0}]','[{\"id\": 265, \"isSubWorkflow\": 0}, {\"id\": 266, \"isSubWorkflow\": 0}]','1999-01-01 05:00:00'),
(268,14,62,32,8,NULL,'[\"not_yet_started\",\"normal\",\"n/a\",\"before_end_time\",\"not_opened\",\"orginal_user\"]',NULL,NULL,NULL,NULL,'[{\"time\": \"2017-07-04T19:42:05.960Z\", \"user_id\": 14, \"is_extra_credit\": false}]',NULL,NULL,NULL,0,'[{\"id\": 269, \"isSubWorkflow\": 0}]','[{\"id\": 267, \"isSubWorkflow\": 0}]','1999-01-01 05:00:00'),
(269,12,63,32,8,NULL,'[\"not_yet_started\",\"normal\",\"n/a\",\"before_end_time\",\"not_opened\",\"orginal_user\"]',NULL,NULL,NULL,NULL,'[{\"time\": \"2017-07-04T19:42:06.033Z\", \"user_id\": 12, \"is_extra_credit\": false}]',NULL,NULL,NULL,0,'[{\"id\": 270, \"isSubWorkflow\": 0}]','[{\"id\": 268, \"isSubWorkflow\": 0}]','1999-01-01 05:00:00'),
(270,1,64,32,8,NULL,'[\"not_yet_started\",\"normal\",\"n/a\",\"before_end_time\",\"not_opened\",\"orginal_user\"]',NULL,NULL,NULL,NULL,'[{\"time\": \"2017-07-04T19:42:06.074Z\", \"user_id\": 1, \"is_extra_credit\": false}]',NULL,NULL,NULL,0,'[]','[{\"id\": 269, \"isSubWorkflow\": 0}]','1999-01-01 05:00:00'),
(271,8,49,33,8,NULL,'[\"started\",\"normal\",\"n/a\",\"late\",\"not_opened\",\"orginal_user\"]','2017-07-04 19:41:46','2017-07-04 19:42:46',NULL,NULL,'[{\"time\": \"2017-07-04T19:42:06.185Z\", \"user_id\": 8, \"is_extra_credit\": false}]',NULL,NULL,NULL,0,'[{\"id\": 272, \"isSubWorkflow\": 0}, {\"id\": 273, \"isSubWorkflow\": 0}]',NULL,'1999-01-01 05:00:00'),
(272,1,50,33,8,NULL,'[\"not_yet_started\",\"normal\",\"n/a\",\"before_end_time\",\"not_opened\",\"orginal_user\"]',NULL,NULL,NULL,NULL,'[{\"time\": \"2017-07-04T19:42:06.233Z\", \"user_id\": 1, \"is_extra_credit\": false}]',NULL,NULL,NULL,0,'[]','[{\"id\": 271, \"isSubWorkflow\": 0}]','1999-01-01 05:00:00'),
(273,9,51,33,8,NULL,'[\"not_yet_started\",\"normal\",\"n/a\",\"before_end_time\",\"not_opened\",\"orginal_user\"]',NULL,NULL,NULL,NULL,'[{\"time\": \"2017-07-04T19:42:06.269Z\", \"user_id\": 9, \"is_extra_credit\": false}]',NULL,NULL,NULL,0,'[{\"id\": 274, \"isSubWorkflow\": 0}, {\"id\": 275, \"isSubWorkflow\": 0}]','[{\"id\": 271, \"isSubWorkflow\": 0}]','1999-01-01 05:00:00'),
(274,8,52,33,8,NULL,'[\"not_yet_started\",\"normal\",\"n/a\",\"before_end_time\",\"not_opened\",\"orginal_user\"]',NULL,NULL,NULL,NULL,'[{\"time\": \"2017-07-04T19:42:06.307Z\", \"user_id\": 8, \"is_extra_credit\": false}]',NULL,NULL,NULL,0,'[{\"id\": 276, \"isSubWorkflow\": 0}]','[{\"id\": 273, \"isSubWorkflow\": 0}]','1999-01-01 05:00:00'),
(275,10,52,33,8,NULL,'[\"not_yet_started\",\"normal\",\"n/a\",\"before_end_time\",\"not_opened\",\"orginal_user\"]',NULL,NULL,NULL,NULL,'[{\"time\": \"2017-07-04T19:42:06.325Z\", \"user_id\": 10, \"is_extra_credit\": false}]',NULL,NULL,NULL,0,'[{\"id\": 276, \"isSubWorkflow\": 0}]','[{\"id\": 273, \"isSubWorkflow\": 0}]','1999-01-01 05:00:00'),
(276,9,53,33,8,NULL,'[\"automatic\",\"normal\",\"n/a\",\"before_end_time\",\"not_opened\",\"orginal_user\"]',NULL,NULL,NULL,NULL,'[{\"time\": \"2017-07-04T19:42:06.374Z\", \"user_id\": 9, \"is_extra_credit\": false}]',NULL,NULL,NULL,0,'[{\"id\": 277, \"isSubWorkflow\": 0}]','[{\"id\": 274, \"isSubWorkflow\": 0}, {\"id\": 275, \"isSubWorkflow\": 0}]','1999-01-01 05:00:00'),
(277,11,54,33,8,NULL,'[\"not_yet_started\",\"normal\",\"n/a\",\"before_end_time\",\"not_opened\",\"orginal_user\"]',NULL,NULL,NULL,NULL,'[{\"time\": \"2017-07-04T19:42:06.410Z\", \"user_id\": 11, \"is_extra_credit\": false}]',NULL,NULL,NULL,0,'[{\"id\": 278, \"isSubWorkflow\": 0}]','[{\"id\": 276, \"isSubWorkflow\": 0}]','1999-01-01 05:00:00'),
(278,9,55,33,8,NULL,'[\"not_yet_started\",\"normal\",\"n/a\",\"before_end_time\",\"not_opened\",\"orginal_user\"]',NULL,NULL,NULL,NULL,'[{\"time\": \"2017-07-04T19:42:06.456Z\", \"user_id\": 9, \"is_extra_credit\": false}]',NULL,NULL,NULL,0,'[{\"id\": 279, \"isSubWorkflow\": 0}]','[{\"id\": 277, \"isSubWorkflow\": 0}]','1999-01-01 05:00:00'),
(279,1,56,33,8,NULL,'[\"not_yet_started\",\"normal\",\"n/a\",\"before_end_time\",\"not_opened\",\"orginal_user\"]',NULL,NULL,NULL,NULL,'[{\"time\": \"2017-07-04T19:42:06.522Z\", \"user_id\": 1, \"is_extra_credit\": false}]',NULL,NULL,NULL,0,'[]','[{\"id\": 278, \"isSubWorkflow\": 0}]','1999-01-01 05:00:00'),
(280,12,57,34,8,NULL,'[\"started\",\"normal\",\"n/a\",\"late\",\"not_opened\",\"orginal_user\"]','2017-07-04 19:41:46','2017-07-04 19:42:46',NULL,NULL,'[{\"time\": \"2017-07-04T19:42:06.799Z\", \"user_id\": 12, \"is_extra_credit\": false}]',NULL,NULL,NULL,0,'[{\"id\": 281, \"isSubWorkflow\": 0}, {\"id\": 282, \"isSubWorkflow\": 0}]',NULL,'1999-01-01 05:00:00'),
(281,1,58,34,8,NULL,'[\"not_yet_started\",\"normal\",\"n/a\",\"before_end_time\",\"not_opened\",\"orginal_user\"]',NULL,NULL,NULL,NULL,'[{\"time\": \"2017-07-04T19:42:06.861Z\", \"user_id\": 1, \"is_extra_credit\": false}]',NULL,NULL,NULL,0,'[]','[{\"id\": 280, \"isSubWorkflow\": 0}]','1999-01-01 05:00:00'),
(282,13,59,34,8,NULL,'[\"not_yet_started\",\"normal\",\"n/a\",\"before_end_time\",\"not_opened\",\"orginal_user\"]',NULL,NULL,NULL,NULL,'[{\"time\": \"2017-07-04T19:42:06.893Z\", \"user_id\": 13, \"is_extra_credit\": false}]',NULL,NULL,NULL,0,'[{\"id\": 283, \"isSubWorkflow\": 0}, {\"id\": 284, \"isSubWorkflow\": 0}]','[{\"id\": 280, \"isSubWorkflow\": 0}]','1999-01-01 05:00:00'),
(283,12,60,34,8,NULL,'[\"not_yet_started\",\"normal\",\"n/a\",\"before_end_time\",\"not_opened\",\"orginal_user\"]',NULL,NULL,NULL,NULL,'[{\"time\": \"2017-07-04T19:42:06.925Z\", \"user_id\": 12, \"is_extra_credit\": false}]',NULL,NULL,NULL,0,'[{\"id\": 285, \"isSubWorkflow\": 0}]','[{\"id\": 282, \"isSubWorkflow\": 0}]','1999-01-01 05:00:00'),
(284,14,60,34,8,NULL,'[\"not_yet_started\",\"normal\",\"n/a\",\"before_end_time\",\"not_opened\",\"orginal_user\"]',NULL,NULL,NULL,NULL,'[{\"time\": \"2017-07-04T19:42:06.943Z\", \"user_id\": 14, \"is_extra_credit\": false}]',NULL,NULL,NULL,0,'[{\"id\": 285, \"isSubWorkflow\": 0}]','[{\"id\": 282, \"isSubWorkflow\": 0}]','1999-01-01 05:00:00'),
(285,13,61,34,8,NULL,'[\"automatic\",\"normal\",\"n/a\",\"before_end_time\",\"not_opened\",\"orginal_user\"]',NULL,NULL,NULL,NULL,'[{\"time\": \"2017-07-04T19:42:06.977Z\", \"user_id\": 13, \"is_extra_credit\": false}]',NULL,NULL,NULL,0,'[{\"id\": 286, \"isSubWorkflow\": 0}]','[{\"id\": 283, \"isSubWorkflow\": 0}, {\"id\": 284, \"isSubWorkflow\": 0}]','1999-01-01 05:00:00'),
(286,15,62,34,8,NULL,'[\"not_yet_started\",\"normal\",\"n/a\",\"before_end_time\",\"not_opened\",\"orginal_user\"]',NULL,NULL,NULL,NULL,'[{\"time\": \"2017-07-04T19:42:07.016Z\", \"user_id\": 15, \"is_extra_credit\": false}]',NULL,NULL,NULL,0,'[{\"id\": 287, \"isSubWorkflow\": 0}]','[{\"id\": 285, \"isSubWorkflow\": 0}]','1999-01-01 05:00:00'),
(287,13,63,34,8,NULL,'[\"not_yet_started\",\"normal\",\"n/a\",\"before_end_time\",\"not_opened\",\"orginal_user\"]',NULL,NULL,NULL,NULL,'[{\"time\": \"2017-07-04T19:42:07.046Z\", \"user_id\": 13, \"is_extra_credit\": false}]',NULL,NULL,NULL,0,'[{\"id\": 288, \"isSubWorkflow\": 0}]','[{\"id\": 286, \"isSubWorkflow\": 0}]','1999-01-01 05:00:00'),
(288,1,64,34,8,NULL,'[\"not_yet_started\",\"normal\",\"n/a\",\"before_end_time\",\"not_opened\",\"orginal_user\"]',NULL,NULL,NULL,NULL,'[{\"time\": \"2017-07-04T19:42:07.081Z\", \"user_id\": 1, \"is_extra_credit\": false}]',NULL,NULL,NULL,0,'[]','[{\"id\": 287, \"isSubWorkflow\": 0}]','1999-01-01 05:00:00'),
(289,9,49,35,8,NULL,'[\"complete\",\"normal\",\"submitted_for_approval\",\"late\",\"viewed\",\"orginal_user\"]','2017-07-04 19:41:46','2017-07-04 19:42:46','2017-07-04 20:08:50','[{\"0\": [\"adsfadsfdasfdasfdsafdsf\", \"\"], \"number_of_fields\": 1}]','[{\"time\": \"2017-07-04T19:42:07.272Z\", \"user_id\": 9, \"is_extra_credit\": false}]',NULL,NULL,NULL,0,'[{\"id\": 290, \"isSubWorkflow\": 0}, {\"id\": 291, \"isSubWorkflow\": 0}]',NULL,'1999-01-01 05:00:00'),
(290,1,50,35,8,NULL,'[\"started\",\"normal\",\"n/a\",\"late\",\"not_opened\",\"orginal_user\"]','2017-07-04 20:08:50','2017-07-04 20:09:50',NULL,NULL,'[{\"time\": \"2017-07-04T19:42:07.326Z\", \"user_id\": 1, \"is_extra_credit\": false}]',NULL,NULL,NULL,0,'[]','[{\"id\": 289, \"isSubWorkflow\": 0}]','1999-01-01 05:00:00'),
(291,10,51,35,8,NULL,'[\"not_yet_started\",\"normal\",\"n/a\",\"before_end_time\",\"not_opened\",\"orginal_user\"]',NULL,NULL,NULL,NULL,'[{\"time\": \"2017-07-04T19:42:07.359Z\", \"user_id\": 10, \"is_extra_credit\": false}]',NULL,NULL,NULL,0,'[{\"id\": 292, \"isSubWorkflow\": 0}, {\"id\": 293, \"isSubWorkflow\": 0}]','[{\"id\": 289, \"isSubWorkflow\": 0}]','1999-01-01 05:00:00'),
(292,9,52,35,8,NULL,'[\"not_yet_started\",\"normal\",\"n/a\",\"before_end_time\",\"not_opened\",\"orginal_user\"]',NULL,NULL,NULL,NULL,'[{\"time\": \"2017-07-04T19:42:07.397Z\", \"user_id\": 9, \"is_extra_credit\": false}]',NULL,NULL,NULL,0,'[{\"id\": 294, \"isSubWorkflow\": 0}]','[{\"id\": 291, \"isSubWorkflow\": 0}]','1999-01-01 05:00:00'),
(293,11,52,35,8,NULL,'[\"not_yet_started\",\"normal\",\"n/a\",\"before_end_time\",\"not_opened\",\"orginal_user\"]',NULL,NULL,NULL,NULL,'[{\"time\": \"2017-07-04T19:42:07.412Z\", \"user_id\": 11, \"is_extra_credit\": false}]',NULL,NULL,NULL,0,'[{\"id\": 294, \"isSubWorkflow\": 0}]','[{\"id\": 291, \"isSubWorkflow\": 0}]','1999-01-01 05:00:00'),
(294,10,53,35,8,NULL,'[\"automatic\",\"normal\",\"n/a\",\"before_end_time\",\"not_opened\",\"orginal_user\"]',NULL,NULL,NULL,NULL,'[{\"time\": \"2017-07-04T19:42:07.451Z\", \"user_id\": 10, \"is_extra_credit\": false}]',NULL,NULL,NULL,0,'[{\"id\": 295, \"isSubWorkflow\": 0}]','[{\"id\": 292, \"isSubWorkflow\": 0}, {\"id\": 293, \"isSubWorkflow\": 0}]','1999-01-01 05:00:00'),
(295,12,54,35,8,NULL,'[\"not_yet_started\",\"normal\",\"n/a\",\"before_end_time\",\"not_opened\",\"orginal_user\"]',NULL,NULL,NULL,NULL,'[{\"time\": \"2017-07-04T19:42:07.503Z\", \"user_id\": 12, \"is_extra_credit\": false}]',NULL,NULL,NULL,0,'[{\"id\": 296, \"isSubWorkflow\": 0}]','[{\"id\": 294, \"isSubWorkflow\": 0}]','1999-01-01 05:00:00'),
(296,10,55,35,8,NULL,'[\"not_yet_started\",\"normal\",\"n/a\",\"before_end_time\",\"not_opened\",\"orginal_user\"]',NULL,NULL,NULL,NULL,'[{\"time\": \"2017-07-04T19:42:07.530Z\", \"user_id\": 10, \"is_extra_credit\": false}]',NULL,NULL,NULL,0,'[{\"id\": 297, \"isSubWorkflow\": 0}]','[{\"id\": 295, \"isSubWorkflow\": 0}]','1999-01-01 05:00:00'),
(297,1,56,35,8,NULL,'[\"not_yet_started\",\"normal\",\"n/a\",\"before_end_time\",\"not_opened\",\"orginal_user\"]',NULL,NULL,NULL,NULL,'[{\"time\": \"2017-07-04T19:42:07.566Z\", \"user_id\": 1, \"is_extra_credit\": false}]',NULL,NULL,NULL,0,'[]','[{\"id\": 296, \"isSubWorkflow\": 0}]','1999-01-01 05:00:00'),
(298,13,57,36,8,NULL,'[\"started\",\"normal\",\"n/a\",\"late\",\"not_opened\",\"orginal_user\"]','2017-07-04 19:41:46','2017-07-04 19:42:46',NULL,NULL,'[{\"time\": \"2017-07-04T19:42:07.614Z\", \"user_id\": 13, \"is_extra_credit\": false}]',NULL,NULL,NULL,0,'[{\"id\": 299, \"isSubWorkflow\": 0}, {\"id\": 300, \"isSubWorkflow\": 0}]',NULL,'1999-01-01 05:00:00'),
(299,1,58,36,8,NULL,'[\"not_yet_started\",\"normal\",\"n/a\",\"before_end_time\",\"not_opened\",\"orginal_user\"]',NULL,NULL,NULL,NULL,'[{\"time\": \"2017-07-04T19:42:07.651Z\", \"user_id\": 1, \"is_extra_credit\": false}]',NULL,NULL,NULL,0,'[]','[{\"id\": 298, \"isSubWorkflow\": 0}]','1999-01-01 05:00:00'),
(300,14,59,36,8,NULL,'[\"not_yet_started\",\"normal\",\"n/a\",\"before_end_time\",\"not_opened\",\"orginal_user\"]',NULL,NULL,NULL,NULL,'[{\"time\": \"2017-07-04T19:42:07.678Z\", \"user_id\": 14, \"is_extra_credit\": false}]',NULL,NULL,NULL,0,'[{\"id\": 301, \"isSubWorkflow\": 0}, {\"id\": 302, \"isSubWorkflow\": 0}]','[{\"id\": 298, \"isSubWorkflow\": 0}]','1999-01-01 05:00:00'),
(301,13,60,36,8,NULL,'[\"not_yet_started\",\"normal\",\"n/a\",\"before_end_time\",\"not_opened\",\"orginal_user\"]',NULL,NULL,NULL,NULL,'[{\"time\": \"2017-07-04T19:42:07.710Z\", \"user_id\": 13, \"is_extra_credit\": false}]',NULL,NULL,NULL,0,'[{\"id\": 303, \"isSubWorkflow\": 0}]','[{\"id\": 300, \"isSubWorkflow\": 0}]','1999-01-01 05:00:00'),
(302,15,60,36,8,NULL,'[\"not_yet_started\",\"normal\",\"n/a\",\"before_end_time\",\"not_opened\",\"orginal_user\"]',NULL,NULL,NULL,NULL,'[{\"time\": \"2017-07-04T19:42:07.727Z\", \"user_id\": 15, \"is_extra_credit\": false}]',NULL,NULL,NULL,0,'[{\"id\": 303, \"isSubWorkflow\": 0}]','[{\"id\": 300, \"isSubWorkflow\": 0}]','1999-01-01 05:00:00'),
(303,14,61,36,8,NULL,'[\"automatic\",\"normal\",\"n/a\",\"before_end_time\",\"not_opened\",\"orginal_user\"]',NULL,NULL,NULL,NULL,'[{\"time\": \"2017-07-04T19:42:07.753Z\", \"user_id\": 14, \"is_extra_credit\": false}]',NULL,NULL,NULL,0,'[{\"id\": 304, \"isSubWorkflow\": 0}]','[{\"id\": 301, \"isSubWorkflow\": 0}, {\"id\": 302, \"isSubWorkflow\": 0}]','1999-01-01 05:00:00'),
(304,16,62,36,8,NULL,'[\"not_yet_started\",\"normal\",\"n/a\",\"before_end_time\",\"not_opened\",\"orginal_user\"]',NULL,NULL,NULL,NULL,'[{\"time\": \"2017-07-04T19:42:07.790Z\", \"user_id\": 16, \"is_extra_credit\": false}]',NULL,NULL,NULL,0,'[{\"id\": 305, \"isSubWorkflow\": 0}]','[{\"id\": 303, \"isSubWorkflow\": 0}]','1999-01-01 05:00:00'),
(305,14,63,36,8,NULL,'[\"not_yet_started\",\"normal\",\"n/a\",\"before_end_time\",\"not_opened\",\"orginal_user\"]',NULL,NULL,NULL,NULL,'[{\"time\": \"2017-07-04T19:42:07.817Z\", \"user_id\": 14, \"is_extra_credit\": false}]',NULL,NULL,NULL,0,'[{\"id\": 306, \"isSubWorkflow\": 0}]','[{\"id\": 304, \"isSubWorkflow\": 0}]','1999-01-01 05:00:00'),
(306,1,64,36,8,NULL,'[\"not_yet_started\",\"normal\",\"n/a\",\"before_end_time\",\"not_opened\",\"orginal_user\"]',NULL,NULL,NULL,NULL,'[{\"time\": \"2017-07-04T19:42:07.854Z\", \"user_id\": 1, \"is_extra_credit\": false}]',NULL,NULL,NULL,0,'[]','[{\"id\": 305, \"isSubWorkflow\": 0}]','1999-01-01 05:00:00'),
(307,10,49,37,8,NULL,'[\"started\",\"normal\",\"n/a\",\"late\",\"not_opened\",\"orginal_user\"]','2017-07-04 19:41:46','2017-07-04 19:42:46',NULL,NULL,'[{\"time\": \"2017-07-04T19:42:07.901Z\", \"user_id\": 10, \"is_extra_credit\": false}]',NULL,NULL,NULL,0,'[{\"id\": 308, \"isSubWorkflow\": 0}, {\"id\": 309, \"isSubWorkflow\": 0}]',NULL,'1999-01-01 05:00:00'),
(308,1,50,37,8,NULL,'[\"not_yet_started\",\"normal\",\"n/a\",\"before_end_time\",\"not_opened\",\"orginal_user\"]',NULL,NULL,NULL,NULL,'[{\"time\": \"2017-07-04T19:42:07.934Z\", \"user_id\": 1, \"is_extra_credit\": false}]',NULL,NULL,NULL,0,'[]','[{\"id\": 307, \"isSubWorkflow\": 0}]','1999-01-01 05:00:00'),
(309,11,51,37,8,NULL,'[\"not_yet_started\",\"normal\",\"n/a\",\"before_end_time\",\"not_opened\",\"orginal_user\"]',NULL,NULL,NULL,NULL,'[{\"time\": \"2017-07-04T19:42:07.961Z\", \"user_id\": 11, \"is_extra_credit\": false}]',NULL,NULL,NULL,0,'[{\"id\": 310, \"isSubWorkflow\": 0}, {\"id\": 311, \"isSubWorkflow\": 0}]','[{\"id\": 307, \"isSubWorkflow\": 0}]','1999-01-01 05:00:00'),
(310,10,52,37,8,NULL,'[\"not_yet_started\",\"normal\",\"n/a\",\"before_end_time\",\"not_opened\",\"orginal_user\"]',NULL,NULL,NULL,NULL,'[{\"time\": \"2017-07-04T19:42:07.990Z\", \"user_id\": 10, \"is_extra_credit\": false}]',NULL,NULL,NULL,0,'[{\"id\": 312, \"isSubWorkflow\": 0}]','[{\"id\": 309, \"isSubWorkflow\": 0}]','1999-01-01 05:00:00'),
(311,12,52,37,8,NULL,'[\"not_yet_started\",\"normal\",\"n/a\",\"before_end_time\",\"not_opened\",\"orginal_user\"]',NULL,NULL,NULL,NULL,'[{\"time\": \"2017-07-04T19:42:08.004Z\", \"user_id\": 12, \"is_extra_credit\": false}]',NULL,NULL,NULL,0,'[{\"id\": 312, \"isSubWorkflow\": 0}]','[{\"id\": 309, \"isSubWorkflow\": 0}]','1999-01-01 05:00:00'),
(312,11,53,37,8,NULL,'[\"automatic\",\"normal\",\"n/a\",\"before_end_time\",\"not_opened\",\"orginal_user\"]',NULL,NULL,NULL,NULL,'[{\"time\": \"2017-07-04T19:42:08.024Z\", \"user_id\": 11, \"is_extra_credit\": false}]',NULL,NULL,NULL,0,'[{\"id\": 313, \"isSubWorkflow\": 0}]','[{\"id\": 310, \"isSubWorkflow\": 0}, {\"id\": 311, \"isSubWorkflow\": 0}]','1999-01-01 05:00:00'),
(313,13,54,37,8,NULL,'[\"not_yet_started\",\"normal\",\"n/a\",\"before_end_time\",\"not_opened\",\"orginal_user\"]',NULL,NULL,NULL,NULL,'[{\"time\": \"2017-07-04T19:42:08.057Z\", \"user_id\": 13, \"is_extra_credit\": false}]',NULL,NULL,NULL,0,'[{\"id\": 314, \"isSubWorkflow\": 0}]','[{\"id\": 312, \"isSubWorkflow\": 0}]','1999-01-01 05:00:00'),
(314,11,55,37,8,NULL,'[\"not_yet_started\",\"normal\",\"n/a\",\"before_end_time\",\"not_opened\",\"orginal_user\"]',NULL,NULL,NULL,NULL,'[{\"time\": \"2017-07-04T19:42:08.082Z\", \"user_id\": 11, \"is_extra_credit\": false}]',NULL,NULL,NULL,0,'[{\"id\": 315, \"isSubWorkflow\": 0}]','[{\"id\": 313, \"isSubWorkflow\": 0}]','1999-01-01 05:00:00'),
(315,1,56,37,8,NULL,'[\"not_yet_started\",\"normal\",\"n/a\",\"before_end_time\",\"not_opened\",\"orginal_user\"]',NULL,NULL,NULL,NULL,'[{\"time\": \"2017-07-04T19:42:08.119Z\", \"user_id\": 1, \"is_extra_credit\": false}]',NULL,NULL,NULL,0,'[]','[{\"id\": 314, \"isSubWorkflow\": 0}]','1999-01-01 05:00:00'),
(316,14,57,38,8,NULL,'[\"started\",\"normal\",\"n/a\",\"late\",\"not_opened\",\"orginal_user\"]','2017-07-04 19:41:46','2017-07-04 19:42:46',NULL,NULL,'[{\"time\": \"2017-07-04T19:42:08.189Z\", \"user_id\": 14, \"is_extra_credit\": false}]',NULL,NULL,NULL,0,'[{\"id\": 317, \"isSubWorkflow\": 0}, {\"id\": 318, \"isSubWorkflow\": 0}]',NULL,'1999-01-01 05:00:00'),
(317,1,58,38,8,NULL,'[\"not_yet_started\",\"normal\",\"n/a\",\"before_end_time\",\"not_opened\",\"orginal_user\"]',NULL,NULL,NULL,NULL,'[{\"time\": \"2017-07-04T19:42:08.217Z\", \"user_id\": 1, \"is_extra_credit\": false}]',NULL,NULL,NULL,0,'[]','[{\"id\": 316, \"isSubWorkflow\": 0}]','1999-01-01 05:00:00'),
(318,15,59,38,8,NULL,'[\"not_yet_started\",\"normal\",\"n/a\",\"before_end_time\",\"not_opened\",\"orginal_user\"]',NULL,NULL,NULL,NULL,'[{\"time\": \"2017-07-04T19:42:08.241Z\", \"user_id\": 15, \"is_extra_credit\": false}]',NULL,NULL,NULL,0,'[{\"id\": 319, \"isSubWorkflow\": 0}, {\"id\": 320, \"isSubWorkflow\": 0}]','[{\"id\": 316, \"isSubWorkflow\": 0}]','1999-01-01 05:00:00'),
(319,14,60,38,8,NULL,'[\"not_yet_started\",\"normal\",\"n/a\",\"before_end_time\",\"not_opened\",\"orginal_user\"]',NULL,NULL,NULL,NULL,'[{\"time\": \"2017-07-04T19:42:08.266Z\", \"user_id\": 14, \"is_extra_credit\": false}]',NULL,NULL,NULL,0,'[{\"id\": 321, \"isSubWorkflow\": 0}]','[{\"id\": 318, \"isSubWorkflow\": 0}]','1999-01-01 05:00:00'),
(320,16,60,38,8,NULL,'[\"not_yet_started\",\"normal\",\"n/a\",\"before_end_time\",\"not_opened\",\"orginal_user\"]',NULL,NULL,NULL,NULL,'[{\"time\": \"2017-07-04T19:42:08.279Z\", \"user_id\": 16, \"is_extra_credit\": false}]',NULL,NULL,NULL,0,'[{\"id\": 321, \"isSubWorkflow\": 0}]','[{\"id\": 318, \"isSubWorkflow\": 0}]','1999-01-01 05:00:00'),
(321,15,61,38,8,NULL,'[\"automatic\",\"normal\",\"n/a\",\"before_end_time\",\"not_opened\",\"orginal_user\"]',NULL,NULL,NULL,NULL,'[{\"time\": \"2017-07-04T19:42:08.313Z\", \"user_id\": 15, \"is_extra_credit\": false}]',NULL,NULL,NULL,0,'[{\"id\": 322, \"isSubWorkflow\": 0}]','[{\"id\": 319, \"isSubWorkflow\": 0}, {\"id\": 320, \"isSubWorkflow\": 0}]','1999-01-01 05:00:00'),
(322,17,62,38,8,NULL,'[\"not_yet_started\",\"normal\",\"n/a\",\"before_end_time\",\"not_opened\",\"orginal_user\"]',NULL,NULL,NULL,NULL,'[{\"time\": \"2017-07-04T19:42:08.349Z\", \"user_id\": 17, \"is_extra_credit\": false}]',NULL,NULL,NULL,0,'[{\"id\": 323, \"isSubWorkflow\": 0}]','[{\"id\": 321, \"isSubWorkflow\": 0}]','1999-01-01 05:00:00'),
(323,15,63,38,8,NULL,'[\"not_yet_started\",\"normal\",\"n/a\",\"before_end_time\",\"not_opened\",\"orginal_user\"]',NULL,NULL,NULL,NULL,'[{\"time\": \"2017-07-04T19:42:08.373Z\", \"user_id\": 15, \"is_extra_credit\": false}]',NULL,NULL,NULL,0,'[{\"id\": 324, \"isSubWorkflow\": 0}]','[{\"id\": 322, \"isSubWorkflow\": 0}]','1999-01-01 05:00:00'),
(324,1,64,38,8,NULL,'[\"not_yet_started\",\"normal\",\"n/a\",\"before_end_time\",\"not_opened\",\"orginal_user\"]',NULL,NULL,NULL,NULL,'[{\"time\": \"2017-07-04T19:42:08.407Z\", \"user_id\": 1, \"is_extra_credit\": false}]',NULL,NULL,NULL,0,'[]','[{\"id\": 323, \"isSubWorkflow\": 0}]','1999-01-01 05:00:00'),
(325,11,49,39,8,NULL,'[\"started\",\"normal\",\"n/a\",\"late\",\"not_opened\",\"orginal_user\"]','2017-07-04 19:41:46','2017-07-04 19:42:46',NULL,NULL,'[{\"time\": \"2017-07-04T19:42:08.451Z\", \"user_id\": 11, \"is_extra_credit\": false}]',NULL,NULL,NULL,0,'[{\"id\": 326, \"isSubWorkflow\": 0}, {\"id\": 327, \"isSubWorkflow\": 0}]',NULL,'1999-01-01 05:00:00'),
(326,1,50,39,8,NULL,'[\"not_yet_started\",\"normal\",\"n/a\",\"before_end_time\",\"not_opened\",\"orginal_user\"]',NULL,NULL,NULL,NULL,'[{\"time\": \"2017-07-04T19:42:08.482Z\", \"user_id\": 1, \"is_extra_credit\": false}]',NULL,NULL,NULL,0,'[]','[{\"id\": 325, \"isSubWorkflow\": 0}]','1999-01-01 05:00:00'),
(327,12,51,39,8,NULL,'[\"not_yet_started\",\"normal\",\"n/a\",\"before_end_time\",\"not_opened\",\"orginal_user\"]',NULL,NULL,NULL,NULL,'[{\"time\": \"2017-07-04T19:42:08.508Z\", \"user_id\": 12, \"is_extra_credit\": false}]',NULL,NULL,NULL,0,'[{\"id\": 328, \"isSubWorkflow\": 0}, {\"id\": 329, \"isSubWorkflow\": 0}]','[{\"id\": 325, \"isSubWorkflow\": 0}]','1999-01-01 05:00:00'),
(328,11,52,39,8,NULL,'[\"not_yet_started\",\"normal\",\"n/a\",\"before_end_time\",\"not_opened\",\"orginal_user\"]',NULL,NULL,NULL,NULL,'[{\"time\": \"2017-07-04T19:42:08.536Z\", \"user_id\": 11, \"is_extra_credit\": false}]',NULL,NULL,NULL,0,'[{\"id\": 330, \"isSubWorkflow\": 0}]','[{\"id\": 327, \"isSubWorkflow\": 0}]','1999-01-01 05:00:00'),
(329,13,52,39,8,NULL,'[\"not_yet_started\",\"normal\",\"n/a\",\"before_end_time\",\"not_opened\",\"orginal_user\"]',NULL,NULL,NULL,NULL,'[{\"time\": \"2017-07-04T19:42:08.549Z\", \"user_id\": 13, \"is_extra_credit\": false}]',NULL,NULL,NULL,0,'[{\"id\": 330, \"isSubWorkflow\": 0}]','[{\"id\": 327, \"isSubWorkflow\": 0}]','1999-01-01 05:00:00'),
(330,12,53,39,8,NULL,'[\"automatic\",\"normal\",\"n/a\",\"before_end_time\",\"not_opened\",\"orginal_user\"]',NULL,NULL,NULL,NULL,'[{\"time\": \"2017-07-04T19:42:08.574Z\", \"user_id\": 12, \"is_extra_credit\": false}]',NULL,NULL,NULL,0,'[{\"id\": 331, \"isSubWorkflow\": 0}]','[{\"id\": 328, \"isSubWorkflow\": 0}, {\"id\": 329, \"isSubWorkflow\": 0}]','1999-01-01 05:00:00'),
(331,14,54,39,8,NULL,'[\"not_yet_started\",\"normal\",\"n/a\",\"before_end_time\",\"not_opened\",\"orginal_user\"]',NULL,NULL,NULL,NULL,'[{\"time\": \"2017-07-04T19:42:08.610Z\", \"user_id\": 14, \"is_extra_credit\": false}]',NULL,NULL,NULL,0,'[{\"id\": 332, \"isSubWorkflow\": 0}]','[{\"id\": 330, \"isSubWorkflow\": 0}]','1999-01-01 05:00:00'),
(332,12,55,39,8,NULL,'[\"not_yet_started\",\"normal\",\"n/a\",\"before_end_time\",\"not_opened\",\"orginal_user\"]',NULL,NULL,NULL,NULL,'[{\"time\": \"2017-07-04T19:42:08.636Z\", \"user_id\": 12, \"is_extra_credit\": false}]',NULL,NULL,NULL,0,'[{\"id\": 333, \"isSubWorkflow\": 0}]','[{\"id\": 331, \"isSubWorkflow\": 0}]','1999-01-01 05:00:00'),
(333,1,56,39,8,NULL,'[\"not_yet_started\",\"normal\",\"n/a\",\"before_end_time\",\"not_opened\",\"orginal_user\"]',NULL,NULL,NULL,NULL,'[{\"time\": \"2017-07-04T19:42:08.666Z\", \"user_id\": 1, \"is_extra_credit\": false}]',NULL,NULL,NULL,0,'[]','[{\"id\": 332, \"isSubWorkflow\": 0}]','1999-01-01 05:00:00'),
(334,15,57,40,8,NULL,'[\"started\",\"normal\",\"n/a\",\"late\",\"not_opened\",\"orginal_user\"]','2017-07-04 19:41:46','2017-07-04 19:42:46',NULL,NULL,'[{\"time\": \"2017-07-04T19:42:08.718Z\", \"user_id\": 15, \"is_extra_credit\": false}]',NULL,NULL,NULL,0,'[{\"id\": 335, \"isSubWorkflow\": 0}, {\"id\": 336, \"isSubWorkflow\": 0}]',NULL,'1999-01-01 05:00:00'),
(335,1,58,40,8,NULL,'[\"not_yet_started\",\"normal\",\"n/a\",\"before_end_time\",\"not_opened\",\"orginal_user\"]',NULL,NULL,NULL,NULL,'[{\"time\": \"2017-07-04T19:42:08.751Z\", \"user_id\": 1, \"is_extra_credit\": false}]',NULL,NULL,NULL,0,'[]','[{\"id\": 334, \"isSubWorkflow\": 0}]','1999-01-01 05:00:00'),
(336,16,59,40,8,NULL,'[\"not_yet_started\",\"normal\",\"n/a\",\"before_end_time\",\"not_opened\",\"orginal_user\"]',NULL,NULL,NULL,NULL,'[{\"time\": \"2017-07-04T19:42:08.776Z\", \"user_id\": 16, \"is_extra_credit\": false}]',NULL,NULL,NULL,0,'[{\"id\": 337, \"isSubWorkflow\": 0}, {\"id\": 338, \"isSubWorkflow\": 0}]','[{\"id\": 334, \"isSubWorkflow\": 0}]','1999-01-01 05:00:00'),
(337,15,60,40,8,NULL,'[\"not_yet_started\",\"normal\",\"n/a\",\"before_end_time\",\"not_opened\",\"orginal_user\"]',NULL,NULL,NULL,NULL,'[{\"time\": \"2017-07-04T19:42:08.798Z\", \"user_id\": 15, \"is_extra_credit\": false}]',NULL,NULL,NULL,0,'[{\"id\": 339, \"isSubWorkflow\": 0}]','[{\"id\": 336, \"isSubWorkflow\": 0}]','1999-01-01 05:00:00'),
(338,17,60,40,8,NULL,'[\"not_yet_started\",\"normal\",\"n/a\",\"before_end_time\",\"not_opened\",\"orginal_user\"]',NULL,NULL,NULL,NULL,'[{\"time\": \"2017-07-04T19:42:08.808Z\", \"user_id\": 17, \"is_extra_credit\": false}]',NULL,NULL,NULL,0,'[{\"id\": 339, \"isSubWorkflow\": 0}]','[{\"id\": 336, \"isSubWorkflow\": 0}]','1999-01-01 05:00:00'),
(339,16,61,40,8,NULL,'[\"automatic\",\"normal\",\"n/a\",\"before_end_time\",\"not_opened\",\"orginal_user\"]',NULL,NULL,NULL,NULL,'[{\"time\": \"2017-07-04T19:42:08.837Z\", \"user_id\": 16, \"is_extra_credit\": false}]',NULL,NULL,NULL,0,'[{\"id\": 340, \"isSubWorkflow\": 0}]','[{\"id\": 337, \"isSubWorkflow\": 0}, {\"id\": 338, \"isSubWorkflow\": 0}]','1999-01-01 05:00:00'),
(340,18,62,40,8,NULL,'[\"not_yet_started\",\"normal\",\"n/a\",\"before_end_time\",\"not_opened\",\"orginal_user\"]',NULL,NULL,NULL,NULL,'[{\"time\": \"2017-07-04T19:42:08.872Z\", \"user_id\": 18, \"is_extra_credit\": false}]',NULL,NULL,NULL,0,'[{\"id\": 341, \"isSubWorkflow\": 0}]','[{\"id\": 339, \"isSubWorkflow\": 0}]','1999-01-01 05:00:00'),
(341,16,63,40,8,NULL,'[\"not_yet_started\",\"normal\",\"n/a\",\"before_end_time\",\"not_opened\",\"orginal_user\"]',NULL,NULL,NULL,NULL,'[{\"time\": \"2017-07-04T19:42:08.896Z\", \"user_id\": 16, \"is_extra_credit\": false}]',NULL,NULL,NULL,0,'[{\"id\": 342, \"isSubWorkflow\": 0}]','[{\"id\": 340, \"isSubWorkflow\": 0}]','1999-01-01 05:00:00'),
(342,1,64,40,8,NULL,'[\"not_yet_started\",\"normal\",\"n/a\",\"before_end_time\",\"not_opened\",\"orginal_user\"]',NULL,NULL,NULL,NULL,'[{\"time\": \"2017-07-04T19:42:08.937Z\", \"user_id\": 1, \"is_extra_credit\": false}]',NULL,NULL,NULL,0,'[]','[{\"id\": 341, \"isSubWorkflow\": 0}]','1999-01-01 05:00:00'),
(343,12,49,41,8,NULL,'[\"started\",\"normal\",\"n/a\",\"late\",\"not_opened\",\"orginal_user\"]','2017-07-04 19:41:46','2017-07-04 19:42:46',NULL,NULL,'[{\"time\": \"2017-07-04T19:42:08.982Z\", \"user_id\": 12, \"is_extra_credit\": false}]',NULL,NULL,NULL,0,'[{\"id\": 344, \"isSubWorkflow\": 0}, {\"id\": 345, \"isSubWorkflow\": 0}]',NULL,'1999-01-01 05:00:00'),
(344,1,50,41,8,NULL,'[\"not_yet_started\",\"normal\",\"n/a\",\"before_end_time\",\"not_opened\",\"orginal_user\"]',NULL,NULL,NULL,NULL,'[{\"time\": \"2017-07-04T19:42:09.009Z\", \"user_id\": 1, \"is_extra_credit\": false}]',NULL,NULL,NULL,0,'[]','[{\"id\": 343, \"isSubWorkflow\": 0}]','1999-01-01 05:00:00'),
(345,13,51,41,8,NULL,'[\"not_yet_started\",\"normal\",\"n/a\",\"before_end_time\",\"not_opened\",\"orginal_user\"]',NULL,NULL,NULL,NULL,'[{\"time\": \"2017-07-04T19:42:09.030Z\", \"user_id\": 13, \"is_extra_credit\": false}]',NULL,NULL,NULL,0,'[{\"id\": 346, \"isSubWorkflow\": 0}, {\"id\": 347, \"isSubWorkflow\": 0}]','[{\"id\": 343, \"isSubWorkflow\": 0}]','1999-01-01 05:00:00'),
(346,12,52,41,8,NULL,'[\"not_yet_started\",\"normal\",\"n/a\",\"before_end_time\",\"not_opened\",\"orginal_user\"]',NULL,NULL,NULL,NULL,'[{\"time\": \"2017-07-04T19:42:09.050Z\", \"user_id\": 12, \"is_extra_credit\": false}]',NULL,NULL,NULL,0,'[{\"id\": 348, \"isSubWorkflow\": 0}]','[{\"id\": 345, \"isSubWorkflow\": 0}]','1999-01-01 05:00:00'),
(347,14,52,41,8,NULL,'[\"not_yet_started\",\"normal\",\"n/a\",\"before_end_time\",\"not_opened\",\"orginal_user\"]',NULL,NULL,NULL,NULL,'[{\"time\": \"2017-07-04T19:42:09.063Z\", \"user_id\": 14, \"is_extra_credit\": false}]',NULL,NULL,NULL,0,'[{\"id\": 348, \"isSubWorkflow\": 0}]','[{\"id\": 345, \"isSubWorkflow\": 0}]','1999-01-01 05:00:00'),
(348,13,53,41,8,NULL,'[\"automatic\",\"normal\",\"n/a\",\"before_end_time\",\"not_opened\",\"orginal_user\"]',NULL,NULL,NULL,NULL,'[{\"time\": \"2017-07-04T19:42:09.092Z\", \"user_id\": 13, \"is_extra_credit\": false}]',NULL,NULL,NULL,0,'[{\"id\": 349, \"isSubWorkflow\": 0}]','[{\"id\": 346, \"isSubWorkflow\": 0}, {\"id\": 347, \"isSubWorkflow\": 0}]','1999-01-01 05:00:00'),
(349,15,54,41,8,NULL,'[\"not_yet_started\",\"normal\",\"n/a\",\"before_end_time\",\"not_opened\",\"orginal_user\"]',NULL,NULL,NULL,NULL,'[{\"time\": \"2017-07-04T19:42:09.137Z\", \"user_id\": 15, \"is_extra_credit\": false}]',NULL,NULL,NULL,0,'[{\"id\": 350, \"isSubWorkflow\": 0}]','[{\"id\": 348, \"isSubWorkflow\": 0}]','1999-01-01 05:00:00'),
(350,13,55,41,8,NULL,'[\"not_yet_started\",\"normal\",\"n/a\",\"before_end_time\",\"not_opened\",\"orginal_user\"]',NULL,NULL,NULL,NULL,'[{\"time\": \"2017-07-04T19:42:09.159Z\", \"user_id\": 13, \"is_extra_credit\": false}]',NULL,NULL,NULL,0,'[{\"id\": 351, \"isSubWorkflow\": 0}]','[{\"id\": 349, \"isSubWorkflow\": 0}]','1999-01-01 05:00:00'),
(351,1,56,41,8,NULL,'[\"not_yet_started\",\"normal\",\"n/a\",\"before_end_time\",\"not_opened\",\"orginal_user\"]',NULL,NULL,NULL,NULL,'[{\"time\": \"2017-07-04T19:42:09.187Z\", \"user_id\": 1, \"is_extra_credit\": false}]',NULL,NULL,NULL,0,'[]','[{\"id\": 350, \"isSubWorkflow\": 0}]','1999-01-01 05:00:00'),
(352,16,57,42,8,NULL,'[\"started\",\"normal\",\"n/a\",\"late\",\"not_opened\",\"orginal_user\"]','2017-07-04 19:41:46','2017-07-04 19:42:46',NULL,NULL,'[{\"time\": \"2017-07-04T19:42:09.223Z\", \"user_id\": 16, \"is_extra_credit\": false}]',NULL,NULL,NULL,0,'[{\"id\": 353, \"isSubWorkflow\": 0}, {\"id\": 354, \"isSubWorkflow\": 0}]',NULL,'1999-01-01 05:00:00'),
(353,1,58,42,8,NULL,'[\"not_yet_started\",\"normal\",\"n/a\",\"before_end_time\",\"not_opened\",\"orginal_user\"]',NULL,NULL,NULL,NULL,'[{\"time\": \"2017-07-04T19:42:09.251Z\", \"user_id\": 1, \"is_extra_credit\": false}]',NULL,NULL,NULL,0,'[]','[{\"id\": 352, \"isSubWorkflow\": 0}]','1999-01-01 05:00:00'),
(354,17,59,42,8,NULL,'[\"not_yet_started\",\"normal\",\"n/a\",\"before_end_time\",\"not_opened\",\"orginal_user\"]',NULL,NULL,NULL,NULL,'[{\"time\": \"2017-07-04T19:42:09.274Z\", \"user_id\": 17, \"is_extra_credit\": false}]',NULL,NULL,NULL,0,'[{\"id\": 355, \"isSubWorkflow\": 0}, {\"id\": 356, \"isSubWorkflow\": 0}]','[{\"id\": 352, \"isSubWorkflow\": 0}]','1999-01-01 05:00:00'),
(355,16,60,42,8,NULL,'[\"not_yet_started\",\"normal\",\"n/a\",\"before_end_time\",\"not_opened\",\"orginal_user\"]',NULL,NULL,NULL,NULL,'[{\"time\": \"2017-07-04T19:42:09.303Z\", \"user_id\": 16, \"is_extra_credit\": false}]',NULL,NULL,NULL,0,'[{\"id\": 357, \"isSubWorkflow\": 0}]','[{\"id\": 354, \"isSubWorkflow\": 0}]','1999-01-01 05:00:00'),
(356,18,60,42,8,NULL,'[\"not_yet_started\",\"normal\",\"n/a\",\"before_end_time\",\"not_opened\",\"orginal_user\"]',NULL,NULL,NULL,NULL,'[{\"time\": \"2017-07-04T19:42:09.318Z\", \"user_id\": 18, \"is_extra_credit\": false}]',NULL,NULL,NULL,0,'[{\"id\": 357, \"isSubWorkflow\": 0}]','[{\"id\": 354, \"isSubWorkflow\": 0}]','1999-01-01 05:00:00'),
(357,17,61,42,8,NULL,'[\"automatic\",\"normal\",\"n/a\",\"before_end_time\",\"not_opened\",\"orginal_user\"]',NULL,NULL,NULL,NULL,'[{\"time\": \"2017-07-04T19:42:09.345Z\", \"user_id\": 17, \"is_extra_credit\": false}]',NULL,NULL,NULL,0,'[{\"id\": 358, \"isSubWorkflow\": 0}]','[{\"id\": 355, \"isSubWorkflow\": 0}, {\"id\": 356, \"isSubWorkflow\": 0}]','1999-01-01 05:00:00'),
(358,19,62,42,8,NULL,'[\"not_yet_started\",\"normal\",\"n/a\",\"before_end_time\",\"not_opened\",\"orginal_user\"]',NULL,NULL,NULL,NULL,'[{\"time\": \"2017-07-04T19:42:09.382Z\", \"user_id\": 19, \"is_extra_credit\": false}]',NULL,NULL,NULL,0,'[{\"id\": 359, \"isSubWorkflow\": 0}]','[{\"id\": 357, \"isSubWorkflow\": 0}]','1999-01-01 05:00:00'),
(359,17,63,42,8,NULL,'[\"not_yet_started\",\"normal\",\"n/a\",\"before_end_time\",\"not_opened\",\"orginal_user\"]',NULL,NULL,NULL,NULL,'[{\"time\": \"2017-07-04T19:42:09.408Z\", \"user_id\": 17, \"is_extra_credit\": false}]',NULL,NULL,NULL,0,'[{\"id\": 360, \"isSubWorkflow\": 0}]','[{\"id\": 358, \"isSubWorkflow\": 0}]','1999-01-01 05:00:00'),
(360,1,64,42,8,NULL,'[\"not_yet_started\",\"normal\",\"n/a\",\"before_end_time\",\"not_opened\",\"orginal_user\"]',NULL,NULL,NULL,NULL,'[{\"time\": \"2017-07-04T19:42:09.430Z\", \"user_id\": 1, \"is_extra_credit\": false}]',NULL,NULL,NULL,0,'[]','[{\"id\": 359, \"isSubWorkflow\": 0}]','1999-01-01 05:00:00'),
(361,13,49,43,8,NULL,'[\"started\",\"normal\",\"n/a\",\"late\",\"not_opened\",\"orginal_user\"]','2017-07-04 19:41:46','2017-07-04 19:42:46',NULL,NULL,'[{\"time\": \"2017-07-04T19:42:09.461Z\", \"user_id\": 13, \"is_extra_credit\": false}]',NULL,NULL,NULL,0,'[{\"id\": 362, \"isSubWorkflow\": 0}, {\"id\": 363, \"isSubWorkflow\": 0}]',NULL,'1999-01-01 05:00:00'),
(362,1,50,43,8,NULL,'[\"not_yet_started\",\"normal\",\"n/a\",\"before_end_time\",\"not_opened\",\"orginal_user\"]',NULL,NULL,NULL,NULL,'[{\"time\": \"2017-07-04T19:42:09.492Z\", \"user_id\": 1, \"is_extra_credit\": false}]',NULL,NULL,NULL,0,'[]','[{\"id\": 361, \"isSubWorkflow\": 0}]','1999-01-01 05:00:00'),
(363,14,51,43,8,NULL,'[\"not_yet_started\",\"normal\",\"n/a\",\"before_end_time\",\"not_opened\",\"orginal_user\"]',NULL,NULL,NULL,NULL,'[{\"time\": \"2017-07-04T19:42:09.530Z\", \"user_id\": 14, \"is_extra_credit\": false}]',NULL,NULL,NULL,0,'[{\"id\": 364, \"isSubWorkflow\": 0}, {\"id\": 365, \"isSubWorkflow\": 0}]','[{\"id\": 361, \"isSubWorkflow\": 0}]','1999-01-01 05:00:00'),
(364,13,52,43,8,NULL,'[\"not_yet_started\",\"normal\",\"n/a\",\"before_end_time\",\"not_opened\",\"orginal_user\"]',NULL,NULL,NULL,NULL,'[{\"time\": \"2017-07-04T19:42:09.557Z\", \"user_id\": 13, \"is_extra_credit\": false}]',NULL,NULL,NULL,0,'[{\"id\": 366, \"isSubWorkflow\": 0}]','[{\"id\": 363, \"isSubWorkflow\": 0}]','1999-01-01 05:00:00'),
(365,15,52,43,8,NULL,'[\"not_yet_started\",\"normal\",\"n/a\",\"before_end_time\",\"not_opened\",\"orginal_user\"]',NULL,NULL,NULL,NULL,'[{\"time\": \"2017-07-04T19:42:09.568Z\", \"user_id\": 15, \"is_extra_credit\": false}]',NULL,NULL,NULL,0,'[{\"id\": 366, \"isSubWorkflow\": 0}]','[{\"id\": 363, \"isSubWorkflow\": 0}]','1999-01-01 05:00:00'),
(366,14,53,43,8,NULL,'[\"automatic\",\"normal\",\"n/a\",\"before_end_time\",\"not_opened\",\"orginal_user\"]',NULL,NULL,NULL,NULL,'[{\"time\": \"2017-07-04T19:42:09.595Z\", \"user_id\": 14, \"is_extra_credit\": false}]',NULL,NULL,NULL,0,'[{\"id\": 367, \"isSubWorkflow\": 0}]','[{\"id\": 364, \"isSubWorkflow\": 0}, {\"id\": 365, \"isSubWorkflow\": 0}]','1999-01-01 05:00:00'),
(367,16,54,43,8,NULL,'[\"not_yet_started\",\"normal\",\"n/a\",\"before_end_time\",\"not_opened\",\"orginal_user\"]',NULL,NULL,NULL,NULL,'[{\"time\": \"2017-07-04T19:42:09.637Z\", \"user_id\": 16, \"is_extra_credit\": false}]',NULL,NULL,NULL,0,'[{\"id\": 368, \"isSubWorkflow\": 0}]','[{\"id\": 366, \"isSubWorkflow\": 0}]','1999-01-01 05:00:00'),
(368,14,55,43,8,NULL,'[\"not_yet_started\",\"normal\",\"n/a\",\"before_end_time\",\"not_opened\",\"orginal_user\"]',NULL,NULL,NULL,NULL,'[{\"time\": \"2017-07-04T19:42:09.661Z\", \"user_id\": 14, \"is_extra_credit\": false}]',NULL,NULL,NULL,0,'[{\"id\": 369, \"isSubWorkflow\": 0}]','[{\"id\": 367, \"isSubWorkflow\": 0}]','1999-01-01 05:00:00'),
(369,1,56,43,8,NULL,'[\"not_yet_started\",\"normal\",\"n/a\",\"before_end_time\",\"not_opened\",\"orginal_user\"]',NULL,NULL,NULL,NULL,'[{\"time\": \"2017-07-04T19:42:09.689Z\", \"user_id\": 1, \"is_extra_credit\": false}]',NULL,NULL,NULL,0,'[]','[{\"id\": 368, \"isSubWorkflow\": 0}]','1999-01-01 05:00:00'),
(370,17,57,44,8,NULL,'[\"started\",\"normal\",\"n/a\",\"late\",\"not_opened\",\"orginal_user\"]','2017-07-04 19:41:46','2017-07-04 19:42:46',NULL,NULL,'[{\"time\": \"2017-07-04T19:42:09.732Z\", \"user_id\": 17, \"is_extra_credit\": false}]',NULL,NULL,NULL,0,'[{\"id\": 371, \"isSubWorkflow\": 0}, {\"id\": 372, \"isSubWorkflow\": 0}]',NULL,'1999-01-01 05:00:00'),
(371,1,58,44,8,NULL,'[\"not_yet_started\",\"normal\",\"n/a\",\"before_end_time\",\"not_opened\",\"orginal_user\"]',NULL,NULL,NULL,NULL,'[{\"time\": \"2017-07-04T19:42:09.770Z\", \"user_id\": 1, \"is_extra_credit\": false}]',NULL,NULL,NULL,0,'[]','[{\"id\": 370, \"isSubWorkflow\": 0}]','1999-01-01 05:00:00'),
(372,18,59,44,8,NULL,'[\"not_yet_started\",\"normal\",\"n/a\",\"before_end_time\",\"not_opened\",\"orginal_user\"]',NULL,NULL,NULL,NULL,'[{\"time\": \"2017-07-04T19:42:09.799Z\", \"user_id\": 18, \"is_extra_credit\": false}]',NULL,NULL,NULL,0,'[{\"id\": 373, \"isSubWorkflow\": 0}, {\"id\": 374, \"isSubWorkflow\": 0}]','[{\"id\": 370, \"isSubWorkflow\": 0}]','1999-01-01 05:00:00'),
(373,17,60,44,8,NULL,'[\"not_yet_started\",\"normal\",\"n/a\",\"before_end_time\",\"not_opened\",\"orginal_user\"]',NULL,NULL,NULL,NULL,'[{\"time\": \"2017-07-04T19:42:09.822Z\", \"user_id\": 17, \"is_extra_credit\": false}]',NULL,NULL,NULL,0,'[{\"id\": 375, \"isSubWorkflow\": 0}]','[{\"id\": 372, \"isSubWorkflow\": 0}]','1999-01-01 05:00:00'),
(374,19,60,44,8,NULL,'[\"not_yet_started\",\"normal\",\"n/a\",\"before_end_time\",\"not_opened\",\"orginal_user\"]',NULL,NULL,NULL,NULL,'[{\"time\": \"2017-07-04T19:42:09.835Z\", \"user_id\": 19, \"is_extra_credit\": false}]',NULL,NULL,NULL,0,'[{\"id\": 375, \"isSubWorkflow\": 0}]','[{\"id\": 372, \"isSubWorkflow\": 0}]','1999-01-01 05:00:00'),
(375,18,61,44,8,NULL,'[\"automatic\",\"normal\",\"n/a\",\"before_end_time\",\"not_opened\",\"orginal_user\"]',NULL,NULL,NULL,NULL,'[{\"time\": \"2017-07-04T19:42:09.859Z\", \"user_id\": 18, \"is_extra_credit\": false}]',NULL,NULL,NULL,0,'[{\"id\": 376, \"isSubWorkflow\": 0}]','[{\"id\": 373, \"isSubWorkflow\": 0}, {\"id\": 374, \"isSubWorkflow\": 0}]','1999-01-01 05:00:00'),
(376,3,62,44,8,NULL,'[\"not_yet_started\",\"normal\",\"n/a\",\"before_end_time\",\"not_opened\",\"orginal_user\"]',NULL,NULL,NULL,NULL,'[{\"time\": \"2017-07-04T19:42:09.901Z\", \"user_id\": 3, \"is_extra_credit\": false}]',NULL,NULL,NULL,0,'[{\"id\": 377, \"isSubWorkflow\": 0}]','[{\"id\": 375, \"isSubWorkflow\": 0}]','1999-01-01 05:00:00'),
(377,18,63,44,8,NULL,'[\"not_yet_started\",\"normal\",\"n/a\",\"before_end_time\",\"not_opened\",\"orginal_user\"]',NULL,NULL,NULL,NULL,'[{\"time\": \"2017-07-04T19:42:09.939Z\", \"user_id\": 18, \"is_extra_credit\": false}]',NULL,NULL,NULL,0,'[{\"id\": 378, \"isSubWorkflow\": 0}]','[{\"id\": 376, \"isSubWorkflow\": 0}]','1999-01-01 05:00:00'),
(378,1,64,44,8,NULL,'[\"not_yet_started\",\"normal\",\"n/a\",\"before_end_time\",\"not_opened\",\"orginal_user\"]',NULL,NULL,NULL,NULL,'[{\"time\": \"2017-07-04T19:42:09.967Z\", \"user_id\": 1, \"is_extra_credit\": false}]',NULL,NULL,NULL,0,'[]','[{\"id\": 377, \"isSubWorkflow\": 0}]','1999-01-01 05:00:00'),
(379,14,49,45,8,NULL,'[\"started\",\"normal\",\"n/a\",\"late\",\"not_opened\",\"orginal_user\"]','2017-07-04 19:41:46','2017-07-04 19:42:46',NULL,NULL,'[{\"time\": \"2017-07-04T19:42:10.015Z\", \"user_id\": 14, \"is_extra_credit\": false}]',NULL,NULL,NULL,0,'[{\"id\": 380, \"isSubWorkflow\": 0}, {\"id\": 381, \"isSubWorkflow\": 0}]',NULL,'1999-01-01 05:00:00'),
(380,1,50,45,8,NULL,'[\"not_yet_started\",\"normal\",\"n/a\",\"before_end_time\",\"not_opened\",\"orginal_user\"]',NULL,NULL,NULL,NULL,'[{\"time\": \"2017-07-04T19:42:10.057Z\", \"user_id\": 1, \"is_extra_credit\": false}]',NULL,NULL,NULL,0,'[]','[{\"id\": 379, \"isSubWorkflow\": 0}]','1999-01-01 05:00:00'),
(381,15,51,45,8,NULL,'[\"not_yet_started\",\"normal\",\"n/a\",\"before_end_time\",\"not_opened\",\"orginal_user\"]',NULL,NULL,NULL,NULL,'[{\"time\": \"2017-07-04T19:42:10.084Z\", \"user_id\": 15, \"is_extra_credit\": false}]',NULL,NULL,NULL,0,'[{\"id\": 382, \"isSubWorkflow\": 0}, {\"id\": 383, \"isSubWorkflow\": 0}]','[{\"id\": 379, \"isSubWorkflow\": 0}]','1999-01-01 05:00:00'),
(382,14,52,45,8,NULL,'[\"not_yet_started\",\"normal\",\"n/a\",\"before_end_time\",\"not_opened\",\"orginal_user\"]',NULL,NULL,NULL,NULL,'[{\"time\": \"2017-07-04T19:42:10.110Z\", \"user_id\": 14, \"is_extra_credit\": false}]',NULL,NULL,NULL,0,'[{\"id\": 384, \"isSubWorkflow\": 0}]','[{\"id\": 381, \"isSubWorkflow\": 0}]','1999-01-01 05:00:00'),
(383,16,52,45,8,NULL,'[\"not_yet_started\",\"normal\",\"n/a\",\"before_end_time\",\"not_opened\",\"orginal_user\"]',NULL,NULL,NULL,NULL,'[{\"time\": \"2017-07-04T19:42:10.134Z\", \"user_id\": 16, \"is_extra_credit\": false}]',NULL,NULL,NULL,0,'[{\"id\": 384, \"isSubWorkflow\": 0}]','[{\"id\": 381, \"isSubWorkflow\": 0}]','1999-01-01 05:00:00'),
(384,15,53,45,8,NULL,'[\"automatic\",\"normal\",\"n/a\",\"before_end_time\",\"not_opened\",\"orginal_user\"]',NULL,NULL,NULL,NULL,'[{\"time\": \"2017-07-04T19:42:10.169Z\", \"user_id\": 15, \"is_extra_credit\": false}]',NULL,NULL,NULL,0,'[{\"id\": 385, \"isSubWorkflow\": 0}]','[{\"id\": 382, \"isSubWorkflow\": 0}, {\"id\": 383, \"isSubWorkflow\": 0}]','1999-01-01 05:00:00'),
(385,17,54,45,8,NULL,'[\"not_yet_started\",\"normal\",\"n/a\",\"before_end_time\",\"not_opened\",\"orginal_user\"]',NULL,NULL,NULL,NULL,'[{\"time\": \"2017-07-04T19:42:10.205Z\", \"user_id\": 17, \"is_extra_credit\": false}]',NULL,NULL,NULL,0,'[{\"id\": 386, \"isSubWorkflow\": 0}]','[{\"id\": 384, \"isSubWorkflow\": 0}]','1999-01-01 05:00:00'),
(386,15,55,45,8,NULL,'[\"not_yet_started\",\"normal\",\"n/a\",\"before_end_time\",\"not_opened\",\"orginal_user\"]',NULL,NULL,NULL,NULL,'[{\"time\": \"2017-07-04T19:42:10.224Z\", \"user_id\": 15, \"is_extra_credit\": false}]',NULL,NULL,NULL,0,'[{\"id\": 387, \"isSubWorkflow\": 0}]','[{\"id\": 385, \"isSubWorkflow\": 0}]','1999-01-01 05:00:00'),
(387,1,56,45,8,NULL,'[\"not_yet_started\",\"normal\",\"n/a\",\"before_end_time\",\"not_opened\",\"orginal_user\"]',NULL,NULL,NULL,NULL,'[{\"time\": \"2017-07-04T19:42:10.247Z\", \"user_id\": 1, \"is_extra_credit\": false}]',NULL,NULL,NULL,0,'[]','[{\"id\": 386, \"isSubWorkflow\": 0}]','1999-01-01 05:00:00'),
(388,18,57,46,8,NULL,'[\"started\",\"normal\",\"n/a\",\"late\",\"not_opened\",\"orginal_user\"]','2017-07-04 19:41:46','2017-07-04 19:42:46',NULL,NULL,'[{\"time\": \"2017-07-04T19:42:10.281Z\", \"user_id\": 18, \"is_extra_credit\": false}]',NULL,NULL,NULL,0,'[{\"id\": 389, \"isSubWorkflow\": 0}, {\"id\": 390, \"isSubWorkflow\": 0}]',NULL,'1999-01-01 05:00:00'),
(389,1,58,46,8,NULL,'[\"not_yet_started\",\"normal\",\"n/a\",\"before_end_time\",\"not_opened\",\"orginal_user\"]',NULL,NULL,NULL,NULL,'[{\"time\": \"2017-07-04T19:42:10.317Z\", \"user_id\": 1, \"is_extra_credit\": false}]',NULL,NULL,NULL,0,'[]','[{\"id\": 388, \"isSubWorkflow\": 0}]','1999-01-01 05:00:00'),
(390,19,59,46,8,NULL,'[\"not_yet_started\",\"normal\",\"n/a\",\"before_end_time\",\"not_opened\",\"orginal_user\"]',NULL,NULL,NULL,NULL,'[{\"time\": \"2017-07-04T19:42:10.341Z\", \"user_id\": 19, \"is_extra_credit\": false}]',NULL,NULL,NULL,0,'[{\"id\": 391, \"isSubWorkflow\": 0}, {\"id\": 392, \"isSubWorkflow\": 0}]','[{\"id\": 388, \"isSubWorkflow\": 0}]','1999-01-01 05:00:00'),
(391,18,60,46,8,NULL,'[\"not_yet_started\",\"normal\",\"n/a\",\"before_end_time\",\"not_opened\",\"orginal_user\"]',NULL,NULL,NULL,NULL,'[{\"time\": \"2017-07-04T19:42:10.364Z\", \"user_id\": 18, \"is_extra_credit\": false}]',NULL,NULL,NULL,0,'[{\"id\": 393, \"isSubWorkflow\": 0}]','[{\"id\": 390, \"isSubWorkflow\": 0}]','1999-01-01 05:00:00'),
(392,3,60,46,8,NULL,'[\"not_yet_started\",\"normal\",\"n/a\",\"before_end_time\",\"not_opened\",\"orginal_user\"]',NULL,NULL,NULL,NULL,'[{\"time\": \"2017-07-04T19:42:10.377Z\", \"user_id\": 3, \"is_extra_credit\": false}]',NULL,NULL,NULL,0,'[{\"id\": 393, \"isSubWorkflow\": 0}]','[{\"id\": 390, \"isSubWorkflow\": 0}]','1999-01-01 05:00:00'),
(393,19,61,46,8,NULL,'[\"automatic\",\"normal\",\"n/a\",\"before_end_time\",\"not_opened\",\"orginal_user\"]',NULL,NULL,NULL,NULL,'[{\"time\": \"2017-07-04T19:42:10.406Z\", \"user_id\": 19, \"is_extra_credit\": false}]',NULL,NULL,NULL,0,'[{\"id\": 394, \"isSubWorkflow\": 0}]','[{\"id\": 391, \"isSubWorkflow\": 0}, {\"id\": 392, \"isSubWorkflow\": 0}]','1999-01-01 05:00:00'),
(394,69,62,46,8,NULL,'[\"not_yet_started\",\"normal\",\"n/a\",\"before_end_time\",\"not_opened\",\"orginal_user\"]',NULL,NULL,NULL,NULL,'[{\"time\": \"2017-07-04T19:42:10.435Z\", \"user_id\": 69, \"is_extra_credit\": false}]',NULL,NULL,NULL,0,'[{\"id\": 395, \"isSubWorkflow\": 0}]','[{\"id\": 393, \"isSubWorkflow\": 0}]','1999-01-01 05:00:00'),
(395,19,63,46,8,NULL,'[\"not_yet_started\",\"normal\",\"n/a\",\"before_end_time\",\"not_opened\",\"orginal_user\"]',NULL,NULL,NULL,NULL,'[{\"time\": \"2017-07-04T19:42:10.458Z\", \"user_id\": 19, \"is_extra_credit\": false}]',NULL,NULL,NULL,0,'[{\"id\": 396, \"isSubWorkflow\": 0}]','[{\"id\": 394, \"isSubWorkflow\": 0}]','1999-01-01 05:00:00'),
(396,1,64,46,8,NULL,'[\"not_yet_started\",\"normal\",\"n/a\",\"before_end_time\",\"not_opened\",\"orginal_user\"]',NULL,NULL,NULL,NULL,'[{\"time\": \"2017-07-04T19:42:10.488Z\", \"user_id\": 1, \"is_extra_credit\": false}]',NULL,NULL,NULL,0,'[]','[{\"id\": 395, \"isSubWorkflow\": 0}]','1999-01-01 05:00:00'),
(397,15,49,47,8,NULL,'[\"started\",\"normal\",\"n/a\",\"late\",\"not_opened\",\"orginal_user\"]','2017-07-04 19:41:46','2017-07-04 19:42:46',NULL,NULL,'[{\"time\": \"2017-07-04T19:42:10.530Z\", \"user_id\": 15, \"is_extra_credit\": false}]',NULL,NULL,NULL,0,'[{\"id\": 398, \"isSubWorkflow\": 0}, {\"id\": 399, \"isSubWorkflow\": 0}]',NULL,'1999-01-01 05:00:00'),
(398,1,50,47,8,NULL,'[\"not_yet_started\",\"normal\",\"n/a\",\"before_end_time\",\"not_opened\",\"orginal_user\"]',NULL,NULL,NULL,NULL,'[{\"time\": \"2017-07-04T19:42:10.560Z\", \"user_id\": 1, \"is_extra_credit\": false}]',NULL,NULL,NULL,0,'[]','[{\"id\": 397, \"isSubWorkflow\": 0}]','1999-01-01 05:00:00'),
(399,16,51,47,8,NULL,'[\"not_yet_started\",\"normal\",\"n/a\",\"before_end_time\",\"not_opened\",\"orginal_user\"]',NULL,NULL,NULL,NULL,'[{\"time\": \"2017-07-04T19:42:10.589Z\", \"user_id\": 16, \"is_extra_credit\": false}]',NULL,NULL,NULL,0,'[{\"id\": 400, \"isSubWorkflow\": 0}, {\"id\": 401, \"isSubWorkflow\": 0}]','[{\"id\": 397, \"isSubWorkflow\": 0}]','1999-01-01 05:00:00'),
(400,15,52,47,8,NULL,'[\"not_yet_started\",\"normal\",\"n/a\",\"before_end_time\",\"not_opened\",\"orginal_user\"]',NULL,NULL,NULL,NULL,'[{\"time\": \"2017-07-04T19:42:10.616Z\", \"user_id\": 15, \"is_extra_credit\": false}]',NULL,NULL,NULL,0,'[{\"id\": 402, \"isSubWorkflow\": 0}]','[{\"id\": 399, \"isSubWorkflow\": 0}]','1999-01-01 05:00:00'),
(401,17,52,47,8,NULL,'[\"not_yet_started\",\"normal\",\"n/a\",\"before_end_time\",\"not_opened\",\"orginal_user\"]',NULL,NULL,NULL,NULL,'[{\"time\": \"2017-07-04T19:42:10.631Z\", \"user_id\": 17, \"is_extra_credit\": false}]',NULL,NULL,NULL,0,'[{\"id\": 402, \"isSubWorkflow\": 0}]','[{\"id\": 399, \"isSubWorkflow\": 0}]','1999-01-01 05:00:00'),
(402,16,53,47,8,NULL,'[\"automatic\",\"normal\",\"n/a\",\"before_end_time\",\"not_opened\",\"orginal_user\"]',NULL,NULL,NULL,NULL,'[{\"time\": \"2017-07-04T19:42:10.652Z\", \"user_id\": 16, \"is_extra_credit\": false}]',NULL,NULL,NULL,0,'[{\"id\": 403, \"isSubWorkflow\": 0}]','[{\"id\": 400, \"isSubWorkflow\": 0}, {\"id\": 401, \"isSubWorkflow\": 0}]','1999-01-01 05:00:00'),
(403,18,54,47,8,NULL,'[\"not_yet_started\",\"normal\",\"n/a\",\"before_end_time\",\"not_opened\",\"orginal_user\"]',NULL,NULL,NULL,NULL,'[{\"time\": \"2017-07-04T19:42:10.681Z\", \"user_id\": 18, \"is_extra_credit\": false}]',NULL,NULL,NULL,0,'[{\"id\": 404, \"isSubWorkflow\": 0}]','[{\"id\": 402, \"isSubWorkflow\": 0}]','1999-01-01 05:00:00'),
(404,16,55,47,8,NULL,'[\"not_yet_started\",\"normal\",\"n/a\",\"before_end_time\",\"not_opened\",\"orginal_user\"]',NULL,NULL,NULL,NULL,'[{\"time\": \"2017-07-04T19:42:10.709Z\", \"user_id\": 16, \"is_extra_credit\": false}]',NULL,NULL,NULL,0,'[{\"id\": 405, \"isSubWorkflow\": 0}]','[{\"id\": 403, \"isSubWorkflow\": 0}]','1999-01-01 05:00:00'),
(405,1,56,47,8,NULL,'[\"not_yet_started\",\"normal\",\"n/a\",\"before_end_time\",\"not_opened\",\"orginal_user\"]',NULL,NULL,NULL,NULL,'[{\"time\": \"2017-07-04T19:42:10.741Z\", \"user_id\": 1, \"is_extra_credit\": false}]',NULL,NULL,NULL,0,'[]','[{\"id\": 404, \"isSubWorkflow\": 0}]','1999-01-01 05:00:00'),
(406,19,57,48,8,NULL,'[\"complete\",\"normal\",\"submitted_for_approval\",\"late\",\"viewed\",\"orginal_user\"]','2017-07-04 19:41:46','2017-07-04 19:42:46','2017-07-04 19:51:59','[{\"0\": [\"This is a test\", \"\"], \"number_of_fields\": 1}]','[{\"time\": \"2017-07-04T19:42:10.773Z\", \"user_id\": 19, \"is_extra_credit\": false}]',NULL,NULL,NULL,0,'[{\"id\": 407, \"isSubWorkflow\": 0}, {\"id\": 408, \"isSubWorkflow\": 0}]',NULL,'1999-01-01 05:00:00'),
(407,1,58,48,8,NULL,'[\"started\",\"normal\",\"n/a\",\"late\",\"not_opened\",\"orginal_user\"]','2017-07-04 19:51:59','2017-07-04 19:52:59',NULL,NULL,'[{\"time\": \"2017-07-04T19:42:10.805Z\", \"user_id\": 1, \"is_extra_credit\": false}]',NULL,NULL,NULL,0,'[]','[{\"id\": 406, \"isSubWorkflow\": 0}]','1999-01-01 05:00:00'),
(408,3,59,48,8,NULL,'[\"not_yet_started\",\"normal\",\"n/a\",\"before_end_time\",\"not_opened\",\"orginal_user\"]',NULL,NULL,NULL,NULL,'[{\"time\": \"2017-07-04T19:42:10.831Z\", \"user_id\": 3, \"is_extra_credit\": false}]',NULL,NULL,NULL,0,'[{\"id\": 409, \"isSubWorkflow\": 0}, {\"id\": 410, \"isSubWorkflow\": 0}]','[{\"id\": 406, \"isSubWorkflow\": 0}]','1999-01-01 05:00:00'),
(409,19,60,48,8,NULL,'[\"not_yet_started\",\"normal\",\"n/a\",\"before_end_time\",\"not_opened\",\"orginal_user\"]',NULL,NULL,NULL,NULL,'[{\"time\": \"2017-07-04T19:42:10.861Z\", \"user_id\": 19, \"is_extra_credit\": false}]',NULL,NULL,NULL,0,'[{\"id\": 411, \"isSubWorkflow\": 0}]','[{\"id\": 408, \"isSubWorkflow\": 0}]','1999-01-01 05:00:00'),
(410,69,60,48,8,NULL,'[\"not_yet_started\",\"normal\",\"n/a\",\"before_end_time\",\"not_opened\",\"orginal_user\"]',NULL,NULL,NULL,NULL,'[{\"time\": \"2017-07-04T19:42:10.874Z\", \"user_id\": 69, \"is_extra_credit\": false}]',NULL,NULL,NULL,0,'[{\"id\": 411, \"isSubWorkflow\": 0}]','[{\"id\": 408, \"isSubWorkflow\": 0}]','1999-01-01 05:00:00'),
(411,3,61,48,8,NULL,'[\"automatic\",\"normal\",\"n/a\",\"before_end_time\",\"not_opened\",\"orginal_user\"]',NULL,NULL,NULL,NULL,'[{\"time\": \"2017-07-04T19:42:10.900Z\", \"user_id\": 3, \"is_extra_credit\": false}]',NULL,NULL,NULL,0,'[{\"id\": 412, \"isSubWorkflow\": 0}]','[{\"id\": 409, \"isSubWorkflow\": 0}, {\"id\": 410, \"isSubWorkflow\": 0}]','1999-01-01 05:00:00'),
(412,5,62,48,8,NULL,'[\"not_yet_started\",\"normal\",\"n/a\",\"before_end_time\",\"not_opened\",\"orginal_user\"]',NULL,NULL,NULL,NULL,'[{\"time\": \"2017-07-04T19:42:10.934Z\", \"user_id\": 5, \"is_extra_credit\": false}]',NULL,NULL,NULL,0,'[{\"id\": 413, \"isSubWorkflow\": 0}]','[{\"id\": 411, \"isSubWorkflow\": 0}]','1999-01-01 05:00:00'),
(413,3,63,48,8,NULL,'[\"not_yet_started\",\"normal\",\"n/a\",\"before_end_time\",\"not_opened\",\"orginal_user\"]',NULL,NULL,NULL,NULL,'[{\"time\": \"2017-07-04T19:42:10.964Z\", \"user_id\": 3, \"is_extra_credit\": false}]',NULL,NULL,NULL,0,'[{\"id\": 414, \"isSubWorkflow\": 0}]','[{\"id\": 412, \"isSubWorkflow\": 0}]','1999-01-01 05:00:00'),
(414,1,64,48,8,NULL,'[\"not_yet_started\",\"normal\",\"n/a\",\"before_end_time\",\"not_opened\",\"orginal_user\"]',NULL,NULL,NULL,NULL,'[{\"time\": \"2017-07-04T19:42:10.991Z\", \"user_id\": 1, \"is_extra_credit\": false}]',NULL,NULL,NULL,0,'[]','[{\"id\": 413, \"isSubWorkflow\": 0}]','1999-01-01 05:00:00'),
(415,16,49,49,8,NULL,'[\"started\",\"normal\",\"n/a\",\"late\",\"not_opened\",\"orginal_user\"]','2017-07-04 19:41:46','2017-07-04 19:42:46',NULL,NULL,'[{\"time\": \"2017-07-04T19:42:11.026Z\", \"user_id\": 16, \"is_extra_credit\": false}]',NULL,NULL,NULL,0,'[{\"id\": 416, \"isSubWorkflow\": 0}, {\"id\": 417, \"isSubWorkflow\": 0}]',NULL,'1999-01-01 05:00:00'),
(416,1,50,49,8,NULL,'[\"not_yet_started\",\"normal\",\"n/a\",\"before_end_time\",\"not_opened\",\"orginal_user\"]',NULL,NULL,NULL,NULL,'[{\"time\": \"2017-07-04T19:42:11.054Z\", \"user_id\": 1, \"is_extra_credit\": false}]',NULL,NULL,NULL,0,'[]','[{\"id\": 415, \"isSubWorkflow\": 0}]','1999-01-01 05:00:00'),
(417,17,51,49,8,NULL,'[\"not_yet_started\",\"normal\",\"n/a\",\"before_end_time\",\"not_opened\",\"orginal_user\"]',NULL,NULL,NULL,NULL,'[{\"time\": \"2017-07-04T19:42:11.073Z\", \"user_id\": 17, \"is_extra_credit\": false}]',NULL,NULL,NULL,0,'[{\"id\": 418, \"isSubWorkflow\": 0}, {\"id\": 419, \"isSubWorkflow\": 0}]','[{\"id\": 415, \"isSubWorkflow\": 0}]','1999-01-01 05:00:00'),
(418,16,52,49,8,NULL,'[\"not_yet_started\",\"normal\",\"n/a\",\"before_end_time\",\"not_opened\",\"orginal_user\"]',NULL,NULL,NULL,NULL,'[{\"time\": \"2017-07-04T19:42:11.095Z\", \"user_id\": 16, \"is_extra_credit\": false}]',NULL,NULL,NULL,0,'[{\"id\": 420, \"isSubWorkflow\": 0}]','[{\"id\": 417, \"isSubWorkflow\": 0}]','1999-01-01 05:00:00'),
(419,18,52,49,8,NULL,'[\"not_yet_started\",\"normal\",\"n/a\",\"before_end_time\",\"not_opened\",\"orginal_user\"]',NULL,NULL,NULL,NULL,'[{\"time\": \"2017-07-04T19:42:11.109Z\", \"user_id\": 18, \"is_extra_credit\": false}]',NULL,NULL,NULL,0,'[{\"id\": 420, \"isSubWorkflow\": 0}]','[{\"id\": 417, \"isSubWorkflow\": 0}]','1999-01-01 05:00:00'),
(420,17,53,49,8,NULL,'[\"automatic\",\"normal\",\"n/a\",\"before_end_time\",\"not_opened\",\"orginal_user\"]',NULL,NULL,NULL,NULL,'[{\"time\": \"2017-07-04T19:42:11.141Z\", \"user_id\": 17, \"is_extra_credit\": false}]',NULL,NULL,NULL,0,'[{\"id\": 421, \"isSubWorkflow\": 0}]','[{\"id\": 418, \"isSubWorkflow\": 0}, {\"id\": 419, \"isSubWorkflow\": 0}]','1999-01-01 05:00:00'),
(421,19,54,49,8,NULL,'[\"not_yet_started\",\"normal\",\"n/a\",\"before_end_time\",\"not_opened\",\"orginal_user\"]',NULL,NULL,NULL,NULL,'[{\"time\": \"2017-07-04T19:42:11.188Z\", \"user_id\": 19, \"is_extra_credit\": false}]',NULL,NULL,NULL,0,'[{\"id\": 422, \"isSubWorkflow\": 0}]','[{\"id\": 420, \"isSubWorkflow\": 0}]','1999-01-01 05:00:00'),
(422,17,55,49,8,NULL,'[\"not_yet_started\",\"normal\",\"n/a\",\"before_end_time\",\"not_opened\",\"orginal_user\"]',NULL,NULL,NULL,NULL,'[{\"time\": \"2017-07-04T19:42:11.206Z\", \"user_id\": 17, \"is_extra_credit\": false}]',NULL,NULL,NULL,0,'[{\"id\": 423, \"isSubWorkflow\": 0}]','[{\"id\": 421, \"isSubWorkflow\": 0}]','1999-01-01 05:00:00'),
(423,1,56,49,8,NULL,'[\"not_yet_started\",\"normal\",\"n/a\",\"before_end_time\",\"not_opened\",\"orginal_user\"]',NULL,NULL,NULL,NULL,'[{\"time\": \"2017-07-04T19:42:11.236Z\", \"user_id\": 1, \"is_extra_credit\": false}]',NULL,NULL,NULL,0,'[]','[{\"id\": 422, \"isSubWorkflow\": 0}]','1999-01-01 05:00:00'),
(424,3,57,50,8,NULL,'[\"complete\",\"normal\",\"submitted_for_approval\",\"late\",\"viewed\",\"orginal_user\"]','2017-07-04 19:41:46','2017-07-04 19:42:46','2017-07-04 19:57:29','[{\"0\": [\"Nkfadklsfafkjdlasfd;sf\", \"\"], \"number_of_fields\": 1}]','[{\"time\": \"2017-07-04T19:42:11.269Z\", \"user_id\": 3, \"is_extra_credit\": false}]',NULL,NULL,NULL,0,'[{\"id\": 425, \"isSubWorkflow\": 0}, {\"id\": 426, \"isSubWorkflow\": 0}]',NULL,'1999-01-01 05:00:00'),
(425,1,58,50,8,NULL,'[\"started\",\"normal\",\"n/a\",\"late\",\"not_opened\",\"orginal_user\"]','2017-07-04 19:57:29','2017-07-04 19:58:29',NULL,NULL,'[{\"time\": \"2017-07-04T19:42:11.297Z\", \"user_id\": 1, \"is_extra_credit\": false}]',NULL,NULL,NULL,0,'[]','[{\"id\": 424, \"isSubWorkflow\": 0}]','1999-01-01 05:00:00'),
(426,69,59,50,8,NULL,'[\"not_yet_started\",\"normal\",\"n/a\",\"before_end_time\",\"not_opened\",\"orginal_user\"]',NULL,NULL,NULL,NULL,'[{\"time\": \"2017-07-04T19:42:11.325Z\", \"user_id\": 69, \"is_extra_credit\": false}]',NULL,NULL,NULL,0,'[{\"id\": 427, \"isSubWorkflow\": 0}, {\"id\": 428, \"isSubWorkflow\": 0}]','[{\"id\": 424, \"isSubWorkflow\": 0}]','1999-01-01 05:00:00'),
(427,3,60,50,8,NULL,'[\"not_yet_started\",\"normal\",\"n/a\",\"before_end_time\",\"not_opened\",\"orginal_user\"]',NULL,NULL,NULL,NULL,'[{\"time\": \"2017-07-04T19:42:11.351Z\", \"user_id\": 3, \"is_extra_credit\": false}]',NULL,NULL,NULL,0,'[{\"id\": 429, \"isSubWorkflow\": 0}]','[{\"id\": 426, \"isSubWorkflow\": 0}]','1999-01-01 05:00:00'),
(428,5,60,50,8,NULL,'[\"not_yet_started\",\"normal\",\"n/a\",\"before_end_time\",\"not_opened\",\"orginal_user\"]',NULL,NULL,NULL,NULL,'[{\"time\": \"2017-07-04T19:42:11.362Z\", \"user_id\": 5, \"is_extra_credit\": false}]',NULL,NULL,NULL,0,'[{\"id\": 429, \"isSubWorkflow\": 0}]','[{\"id\": 426, \"isSubWorkflow\": 0}]','1999-01-01 05:00:00'),
(429,69,61,50,8,NULL,'[\"automatic\",\"normal\",\"n/a\",\"before_end_time\",\"not_opened\",\"orginal_user\"]',NULL,NULL,NULL,NULL,'[{\"time\": \"2017-07-04T19:42:11.385Z\", \"user_id\": 69, \"is_extra_credit\": false}]',NULL,NULL,NULL,0,'[{\"id\": 430, \"isSubWorkflow\": 0}]','[{\"id\": 427, \"isSubWorkflow\": 0}, {\"id\": 428, \"isSubWorkflow\": 0}]','1999-01-01 05:00:00'),
(430,6,62,50,8,NULL,'[\"not_yet_started\",\"normal\",\"n/a\",\"before_end_time\",\"not_opened\",\"orginal_user\"]',NULL,NULL,NULL,NULL,'[{\"time\": \"2017-07-04T19:42:11.411Z\", \"user_id\": 6, \"is_extra_credit\": false}]',NULL,NULL,NULL,0,'[{\"id\": 431, \"isSubWorkflow\": 0}]','[{\"id\": 429, \"isSubWorkflow\": 0}]','1999-01-01 05:00:00'),
(431,69,63,50,8,NULL,'[\"not_yet_started\",\"normal\",\"n/a\",\"before_end_time\",\"not_opened\",\"orginal_user\"]',NULL,NULL,NULL,NULL,'[{\"time\": \"2017-07-04T19:42:11.435Z\", \"user_id\": 69, \"is_extra_credit\": false}]',NULL,NULL,NULL,0,'[{\"id\": 432, \"isSubWorkflow\": 0}]','[{\"id\": 430, \"isSubWorkflow\": 0}]','1999-01-01 05:00:00'),
(432,1,64,50,8,NULL,'[\"not_yet_started\",\"normal\",\"n/a\",\"before_end_time\",\"not_opened\",\"orginal_user\"]',NULL,NULL,NULL,NULL,'[{\"time\": \"2017-07-04T19:42:11.465Z\", \"user_id\": 1, \"is_extra_credit\": false}]',NULL,NULL,NULL,0,'[]','[{\"id\": 431, \"isSubWorkflow\": 0}]','1999-01-01 05:00:00'),
(433,17,49,51,8,NULL,'[\"started\",\"normal\",\"n/a\",\"late\",\"not_opened\",\"orginal_user\"]','2017-07-04 19:41:46','2017-07-04 19:42:46',NULL,NULL,'[{\"time\": \"2017-07-04T19:42:11.510Z\", \"user_id\": 17, \"is_extra_credit\": false}]',NULL,NULL,NULL,0,'[{\"id\": 434, \"isSubWorkflow\": 0}, {\"id\": 435, \"isSubWorkflow\": 0}]',NULL,'1999-01-01 05:00:00'),
(434,1,50,51,8,NULL,'[\"not_yet_started\",\"normal\",\"n/a\",\"before_end_time\",\"not_opened\",\"orginal_user\"]',NULL,NULL,NULL,NULL,'[{\"time\": \"2017-07-04T19:42:11.555Z\", \"user_id\": 1, \"is_extra_credit\": false}]',NULL,NULL,NULL,0,'[]','[{\"id\": 433, \"isSubWorkflow\": 0}]','1999-01-01 05:00:00'),
(435,18,51,51,8,NULL,'[\"not_yet_started\",\"normal\",\"n/a\",\"before_end_time\",\"not_opened\",\"orginal_user\"]',NULL,NULL,NULL,NULL,'[{\"time\": \"2017-07-04T19:42:11.584Z\", \"user_id\": 18, \"is_extra_credit\": false}]',NULL,NULL,NULL,0,'[{\"id\": 436, \"isSubWorkflow\": 0}, {\"id\": 437, \"isSubWorkflow\": 0}]','[{\"id\": 433, \"isSubWorkflow\": 0}]','1999-01-01 05:00:00'),
(436,17,52,51,8,NULL,'[\"not_yet_started\",\"normal\",\"n/a\",\"before_end_time\",\"not_opened\",\"orginal_user\"]',NULL,NULL,NULL,NULL,'[{\"time\": \"2017-07-04T19:42:11.611Z\", \"user_id\": 17, \"is_extra_credit\": false}]',NULL,NULL,NULL,0,'[{\"id\": 438, \"isSubWorkflow\": 0}]','[{\"id\": 435, \"isSubWorkflow\": 0}]','1999-01-01 05:00:00'),
(437,19,52,51,8,NULL,'[\"not_yet_started\",\"normal\",\"n/a\",\"before_end_time\",\"not_opened\",\"orginal_user\"]',NULL,NULL,NULL,NULL,'[{\"time\": \"2017-07-04T19:42:11.627Z\", \"user_id\": 19, \"is_extra_credit\": false}]',NULL,NULL,NULL,0,'[{\"id\": 438, \"isSubWorkflow\": 0}]','[{\"id\": 435, \"isSubWorkflow\": 0}]','1999-01-01 05:00:00'),
(438,18,53,51,8,NULL,'[\"automatic\",\"normal\",\"n/a\",\"before_end_time\",\"not_opened\",\"orginal_user\"]',NULL,NULL,NULL,NULL,'[{\"time\": \"2017-07-04T19:42:11.660Z\", \"user_id\": 18, \"is_extra_credit\": false}]',NULL,NULL,NULL,0,'[{\"id\": 439, \"isSubWorkflow\": 0}]','[{\"id\": 436, \"isSubWorkflow\": 0}, {\"id\": 437, \"isSubWorkflow\": 0}]','1999-01-01 05:00:00'),
(439,3,54,51,8,NULL,'[\"not_yet_started\",\"normal\",\"n/a\",\"before_end_time\",\"not_opened\",\"orginal_user\"]',NULL,NULL,NULL,NULL,'[{\"time\": \"2017-07-04T19:42:11.713Z\", \"user_id\": 3, \"is_extra_credit\": false}]',NULL,NULL,NULL,0,'[{\"id\": 440, \"isSubWorkflow\": 0}]','[{\"id\": 438, \"isSubWorkflow\": 0}]','1999-01-01 05:00:00'),
(440,18,55,51,8,NULL,'[\"not_yet_started\",\"normal\",\"n/a\",\"before_end_time\",\"not_opened\",\"orginal_user\"]',NULL,NULL,NULL,NULL,'[{\"time\": \"2017-07-04T19:42:11.747Z\", \"user_id\": 18, \"is_extra_credit\": false}]',NULL,NULL,NULL,0,'[{\"id\": 441, \"isSubWorkflow\": 0}]','[{\"id\": 439, \"isSubWorkflow\": 0}]','1999-01-01 05:00:00'),
(441,1,56,51,8,NULL,'[\"not_yet_started\",\"normal\",\"n/a\",\"before_end_time\",\"not_opened\",\"orginal_user\"]',NULL,NULL,NULL,NULL,'[{\"time\": \"2017-07-04T19:42:11.783Z\", \"user_id\": 1, \"is_extra_credit\": false}]',NULL,NULL,NULL,0,'[]','[{\"id\": 440, \"isSubWorkflow\": 0}]','1999-01-01 05:00:00'),
(442,69,57,52,8,NULL,'[\"started\",\"normal\",\"n/a\",\"late\",\"not_opened\",\"orginal_user\"]','2017-07-04 19:41:46','2017-07-04 19:42:46',NULL,NULL,'[{\"time\": \"2017-07-04T19:42:11.873Z\", \"user_id\": 69, \"is_extra_credit\": false}]',NULL,NULL,NULL,0,'[{\"id\": 443, \"isSubWorkflow\": 0}, {\"id\": 444, \"isSubWorkflow\": 0}]',NULL,'1999-01-01 05:00:00'),
(443,1,58,52,8,NULL,'[\"not_yet_started\",\"normal\",\"n/a\",\"before_end_time\",\"not_opened\",\"orginal_user\"]',NULL,NULL,NULL,NULL,'[{\"time\": \"2017-07-04T19:42:11.914Z\", \"user_id\": 1, \"is_extra_credit\": false}]',NULL,NULL,NULL,0,'[]','[{\"id\": 442, \"isSubWorkflow\": 0}]','1999-01-01 05:00:00'),
(444,5,59,52,8,NULL,'[\"not_yet_started\",\"normal\",\"n/a\",\"before_end_time\",\"not_opened\",\"orginal_user\"]',NULL,NULL,NULL,NULL,'[{\"time\": \"2017-07-04T19:42:11.941Z\", \"user_id\": 5, \"is_extra_credit\": false}]',NULL,NULL,NULL,0,'[{\"id\": 445, \"isSubWorkflow\": 0}, {\"id\": 446, \"isSubWorkflow\": 0}]','[{\"id\": 442, \"isSubWorkflow\": 0}]','1999-01-01 05:00:00'),
(445,69,60,52,8,NULL,'[\"not_yet_started\",\"normal\",\"n/a\",\"before_end_time\",\"not_opened\",\"orginal_user\"]',NULL,NULL,NULL,NULL,'[{\"time\": \"2017-07-04T19:42:11.972Z\", \"user_id\": 69, \"is_extra_credit\": false}]',NULL,NULL,NULL,0,'[{\"id\": 447, \"isSubWorkflow\": 0}]','[{\"id\": 444, \"isSubWorkflow\": 0}]','1999-01-01 05:00:00'),
(446,6,60,52,8,NULL,'[\"not_yet_started\",\"normal\",\"n/a\",\"before_end_time\",\"not_opened\",\"orginal_user\"]',NULL,NULL,NULL,NULL,'[{\"time\": \"2017-07-04T19:42:11.992Z\", \"user_id\": 6, \"is_extra_credit\": false}]',NULL,NULL,NULL,0,'[{\"id\": 447, \"isSubWorkflow\": 0}]','[{\"id\": 444, \"isSubWorkflow\": 0}]','1999-01-01 05:00:00'),
(447,5,61,52,8,NULL,'[\"automatic\",\"normal\",\"n/a\",\"before_end_time\",\"not_opened\",\"orginal_user\"]',NULL,NULL,NULL,NULL,'[{\"time\": \"2017-07-04T19:42:12.028Z\", \"user_id\": 5, \"is_extra_credit\": false}]',NULL,NULL,NULL,0,'[{\"id\": 448, \"isSubWorkflow\": 0}]','[{\"id\": 445, \"isSubWorkflow\": 0}, {\"id\": 446, \"isSubWorkflow\": 0}]','1999-01-01 05:00:00'),
(448,7,62,52,8,NULL,'[\"not_yet_started\",\"normal\",\"n/a\",\"before_end_time\",\"not_opened\",\"orginal_user\"]',NULL,NULL,NULL,NULL,'[{\"time\": \"2017-07-04T19:42:12.073Z\", \"user_id\": 7, \"is_extra_credit\": false}]',NULL,NULL,NULL,0,'[{\"id\": 449, \"isSubWorkflow\": 0}]','[{\"id\": 447, \"isSubWorkflow\": 0}]','1999-01-01 05:00:00'),
(449,5,63,52,8,NULL,'[\"not_yet_started\",\"normal\",\"n/a\",\"before_end_time\",\"not_opened\",\"orginal_user\"]',NULL,NULL,NULL,NULL,'[{\"time\": \"2017-07-04T19:42:12.109Z\", \"user_id\": 5, \"is_extra_credit\": false}]',NULL,NULL,NULL,0,'[{\"id\": 450, \"isSubWorkflow\": 0}]','[{\"id\": 448, \"isSubWorkflow\": 0}]','1999-01-01 05:00:00'),
(450,1,64,52,8,NULL,'[\"not_yet_started\",\"normal\",\"n/a\",\"before_end_time\",\"not_opened\",\"orginal_user\"]',NULL,NULL,NULL,NULL,'[{\"time\": \"2017-07-04T19:42:12.153Z\", \"user_id\": 1, \"is_extra_credit\": false}]',NULL,NULL,NULL,0,'[]','[{\"id\": 449, \"isSubWorkflow\": 0}]','1999-01-01 05:00:00'),
(451,18,49,53,8,NULL,'[\"started\",\"normal\",\"n/a\",\"late\",\"not_opened\",\"orginal_user\"]','2017-07-04 19:41:46','2017-07-04 19:42:46',NULL,NULL,'[{\"time\": \"2017-07-04T19:42:12.235Z\", \"user_id\": 18, \"is_extra_credit\": false}]',NULL,NULL,NULL,0,'[{\"id\": 452, \"isSubWorkflow\": 0}, {\"id\": 453, \"isSubWorkflow\": 0}]',NULL,'1999-01-01 05:00:00'),
(452,1,50,53,8,NULL,'[\"not_yet_started\",\"normal\",\"n/a\",\"before_end_time\",\"not_opened\",\"orginal_user\"]',NULL,NULL,NULL,NULL,'[{\"time\": \"2017-07-04T19:42:12.275Z\", \"user_id\": 1, \"is_extra_credit\": false}]',NULL,NULL,NULL,0,'[]','[{\"id\": 451, \"isSubWorkflow\": 0}]','1999-01-01 05:00:00'),
(453,19,51,53,8,NULL,'[\"not_yet_started\",\"normal\",\"n/a\",\"before_end_time\",\"not_opened\",\"orginal_user\"]',NULL,NULL,NULL,NULL,'[{\"time\": \"2017-07-04T19:42:12.307Z\", \"user_id\": 19, \"is_extra_credit\": false}]',NULL,NULL,NULL,0,'[{\"id\": 454, \"isSubWorkflow\": 0}, {\"id\": 455, \"isSubWorkflow\": 0}]','[{\"id\": 451, \"isSubWorkflow\": 0}]','1999-01-01 05:00:00'),
(454,18,52,53,8,NULL,'[\"not_yet_started\",\"normal\",\"n/a\",\"before_end_time\",\"not_opened\",\"orginal_user\"]',NULL,NULL,NULL,NULL,'[{\"time\": \"2017-07-04T19:42:12.350Z\", \"user_id\": 18, \"is_extra_credit\": false}]',NULL,NULL,NULL,0,'[{\"id\": 456, \"isSubWorkflow\": 0}]','[{\"id\": 453, \"isSubWorkflow\": 0}]','1999-01-01 05:00:00'),
(455,3,52,53,8,NULL,'[\"not_yet_started\",\"normal\",\"n/a\",\"before_end_time\",\"not_opened\",\"orginal_user\"]',NULL,NULL,NULL,NULL,'[{\"time\": \"2017-07-04T19:42:12.365Z\", \"user_id\": 3, \"is_extra_credit\": false}]',NULL,NULL,NULL,0,'[{\"id\": 456, \"isSubWorkflow\": 0}]','[{\"id\": 453, \"isSubWorkflow\": 0}]','1999-01-01 05:00:00'),
(456,19,53,53,8,NULL,'[\"automatic\",\"normal\",\"n/a\",\"before_end_time\",\"not_opened\",\"orginal_user\"]',NULL,NULL,NULL,NULL,'[{\"time\": \"2017-07-04T19:42:12.401Z\", \"user_id\": 19, \"is_extra_credit\": false}]',NULL,NULL,NULL,0,'[{\"id\": 457, \"isSubWorkflow\": 0}]','[{\"id\": 454, \"isSubWorkflow\": 0}, {\"id\": 455, \"isSubWorkflow\": 0}]','1999-01-01 05:00:00'),
(457,69,54,53,8,NULL,'[\"not_yet_started\",\"normal\",\"n/a\",\"before_end_time\",\"not_opened\",\"orginal_user\"]',NULL,NULL,NULL,NULL,'[{\"time\": \"2017-07-04T19:42:12.444Z\", \"user_id\": 69, \"is_extra_credit\": false}]',NULL,NULL,NULL,0,'[{\"id\": 458, \"isSubWorkflow\": 0}]','[{\"id\": 456, \"isSubWorkflow\": 0}]','1999-01-01 05:00:00'),
(458,19,55,53,8,NULL,'[\"not_yet_started\",\"normal\",\"n/a\",\"before_end_time\",\"not_opened\",\"orginal_user\"]',NULL,NULL,NULL,NULL,'[{\"time\": \"2017-07-04T19:42:12.483Z\", \"user_id\": 19, \"is_extra_credit\": false}]',NULL,NULL,NULL,0,'[{\"id\": 459, \"isSubWorkflow\": 0}]','[{\"id\": 457, \"isSubWorkflow\": 0}]','1999-01-01 05:00:00'),
(459,1,56,53,8,NULL,'[\"not_yet_started\",\"normal\",\"n/a\",\"before_end_time\",\"not_opened\",\"orginal_user\"]',NULL,NULL,NULL,NULL,'[{\"time\": \"2017-07-04T19:42:12.527Z\", \"user_id\": 1, \"is_extra_credit\": false}]',NULL,NULL,NULL,0,'[]','[{\"id\": 458, \"isSubWorkflow\": 0}]','1999-01-01 05:00:00'),
(460,5,57,54,8,NULL,'[\"complete\",\"normal\",\"submitted_for_approval\",\"late\",\"viewed\",\"orginal_user\"]','2017-07-04 19:41:46','2017-07-04 19:42:46','2017-07-04 19:59:27','[{\"0\": [\"dsafdsfadsfdasfdasf\", \"\"], \"number_of_fields\": 1}]','[{\"time\": \"2017-07-04T19:42:12.595Z\", \"user_id\": 5, \"is_extra_credit\": false}]',NULL,NULL,NULL,0,'[{\"id\": 461, \"isSubWorkflow\": 0}, {\"id\": 462, \"isSubWorkflow\": 0}]',NULL,'1999-01-01 05:00:00'),
(461,1,58,54,8,NULL,'[\"started\",\"normal\",\"n/a\",\"late\",\"not_opened\",\"orginal_user\"]','2017-07-04 19:59:27','2017-07-04 20:00:27',NULL,NULL,'[{\"time\": \"2017-07-04T19:42:12.627Z\", \"user_id\": 1, \"is_extra_credit\": false}]',NULL,NULL,NULL,0,'[]','[{\"id\": 460, \"isSubWorkflow\": 0}]','1999-01-01 05:00:00'),
(462,6,59,54,8,NULL,'[\"not_yet_started\",\"normal\",\"n/a\",\"before_end_time\",\"not_opened\",\"orginal_user\"]',NULL,NULL,NULL,NULL,'[{\"time\": \"2017-07-04T19:42:12.651Z\", \"user_id\": 6, \"is_extra_credit\": false}]',NULL,NULL,NULL,0,'[{\"id\": 463, \"isSubWorkflow\": 0}, {\"id\": 464, \"isSubWorkflow\": 0}]','[{\"id\": 460, \"isSubWorkflow\": 0}]','1999-01-01 05:00:00'),
(463,5,60,54,8,NULL,'[\"not_yet_started\",\"normal\",\"n/a\",\"before_end_time\",\"not_opened\",\"orginal_user\"]',NULL,NULL,NULL,NULL,'[{\"time\": \"2017-07-04T19:42:12.670Z\", \"user_id\": 5, \"is_extra_credit\": false}]',NULL,NULL,NULL,0,'[{\"id\": 465, \"isSubWorkflow\": 0}]','[{\"id\": 462, \"isSubWorkflow\": 0}]','1999-01-01 05:00:00'),
(464,7,60,54,8,NULL,'[\"not_yet_started\",\"normal\",\"n/a\",\"before_end_time\",\"not_opened\",\"orginal_user\"]',NULL,NULL,NULL,NULL,'[{\"time\": \"2017-07-04T19:42:12.682Z\", \"user_id\": 7, \"is_extra_credit\": false}]',NULL,NULL,NULL,0,'[{\"id\": 465, \"isSubWorkflow\": 0}]','[{\"id\": 462, \"isSubWorkflow\": 0}]','1999-01-01 05:00:00'),
(465,6,61,54,8,NULL,'[\"automatic\",\"normal\",\"n/a\",\"before_end_time\",\"not_opened\",\"orginal_user\"]',NULL,NULL,NULL,NULL,'[{\"time\": \"2017-07-04T19:42:12.703Z\", \"user_id\": 6, \"is_extra_credit\": false}]',NULL,NULL,NULL,0,'[{\"id\": 466, \"isSubWorkflow\": 0}]','[{\"id\": 463, \"isSubWorkflow\": 0}, {\"id\": 464, \"isSubWorkflow\": 0}]','1999-01-01 05:00:00'),
(466,8,62,54,8,NULL,'[\"not_yet_started\",\"normal\",\"n/a\",\"before_end_time\",\"not_opened\",\"orginal_user\"]',NULL,NULL,NULL,NULL,'[{\"time\": \"2017-07-04T19:42:12.740Z\", \"user_id\": 8, \"is_extra_credit\": false}]',NULL,NULL,NULL,0,'[{\"id\": 467, \"isSubWorkflow\": 0}]','[{\"id\": 465, \"isSubWorkflow\": 0}]','1999-01-01 05:00:00'),
(467,6,63,54,8,NULL,'[\"not_yet_started\",\"normal\",\"n/a\",\"before_end_time\",\"not_opened\",\"orginal_user\"]',NULL,NULL,NULL,NULL,'[{\"time\": \"2017-07-04T19:42:12.760Z\", \"user_id\": 6, \"is_extra_credit\": false}]',NULL,NULL,NULL,0,'[{\"id\": 468, \"isSubWorkflow\": 0}]','[{\"id\": 466, \"isSubWorkflow\": 0}]','1999-01-01 05:00:00'),
(468,1,64,54,8,NULL,'[\"not_yet_started\",\"normal\",\"n/a\",\"before_end_time\",\"not_opened\",\"orginal_user\"]',NULL,NULL,NULL,NULL,'[{\"time\": \"2017-07-04T19:42:12.785Z\", \"user_id\": 1, \"is_extra_credit\": false}]',NULL,NULL,NULL,0,'[]','[{\"id\": 467, \"isSubWorkflow\": 0}]','1999-01-01 05:00:00'),
(469,19,49,55,8,NULL,'[\"complete\",\"normal\",\"submitted_for_approval\",\"late\",\"viewed\",\"orginal_user\"]','2017-07-04 19:41:46','2017-07-04 19:42:46','2017-07-04 19:43:05','[{\"0\": [\"A new problem \", \"\"], \"number_of_fields\": 1}]','[{\"time\": \"2017-07-04T19:42:12.851Z\", \"user_id\": 19, \"is_extra_credit\": false}]',NULL,NULL,NULL,0,'[{\"id\": 470, \"isSubWorkflow\": 0}, {\"id\": 471, \"isSubWorkflow\": 0}]',NULL,'1999-01-01 05:00:00'),
(470,1,50,55,8,NULL,'[\"started\",\"normal\",\"n/a\",\"late\",\"viewed\",\"orginal_user\"]','2017-07-04 19:43:05','2017-07-04 19:44:05',NULL,NULL,'[{\"time\": \"2017-07-04T19:42:12.903Z\", \"user_id\": 1, \"is_extra_credit\": false}]',NULL,NULL,NULL,0,'[]','[{\"id\": 469, \"isSubWorkflow\": 0}]','1999-01-01 05:00:00'),
(471,3,51,55,8,NULL,'[\"not_yet_started\",\"normal\",\"n/a\",\"before_end_time\",\"not_opened\",\"orginal_user\"]',NULL,NULL,NULL,NULL,'[{\"time\": \"2017-07-04T19:42:12.934Z\", \"user_id\": 3, \"is_extra_credit\": false}]',NULL,NULL,NULL,0,'[{\"id\": 472, \"isSubWorkflow\": 0}, {\"id\": 473, \"isSubWorkflow\": 0}]','[{\"id\": 469, \"isSubWorkflow\": 0}]','1999-01-01 05:00:00'),
(472,19,52,55,8,NULL,'[\"not_yet_started\",\"normal\",\"n/a\",\"before_end_time\",\"not_opened\",\"orginal_user\"]',NULL,NULL,NULL,NULL,'[{\"time\": \"2017-07-04T19:42:12.960Z\", \"user_id\": 19, \"is_extra_credit\": false}]',NULL,NULL,NULL,0,'[{\"id\": 474, \"isSubWorkflow\": 0}]','[{\"id\": 471, \"isSubWorkflow\": 0}]','1999-01-01 05:00:00'),
(473,69,52,55,8,NULL,'[\"not_yet_started\",\"normal\",\"n/a\",\"before_end_time\",\"not_opened\",\"orginal_user\"]',NULL,NULL,NULL,NULL,'[{\"time\": \"2017-07-04T19:42:12.977Z\", \"user_id\": 69, \"is_extra_credit\": false}]',NULL,NULL,NULL,0,'[{\"id\": 474, \"isSubWorkflow\": 0}]','[{\"id\": 471, \"isSubWorkflow\": 0}]','1999-01-01 05:00:00'),
(474,3,53,55,8,NULL,'[\"automatic\",\"normal\",\"n/a\",\"before_end_time\",\"not_opened\",\"orginal_user\"]',NULL,NULL,NULL,NULL,'[{\"time\": \"2017-07-04T19:42:13.014Z\", \"user_id\": 3, \"is_extra_credit\": false}]',NULL,NULL,NULL,0,'[{\"id\": 475, \"isSubWorkflow\": 0}]','[{\"id\": 472, \"isSubWorkflow\": 0}, {\"id\": 473, \"isSubWorkflow\": 0}]','1999-01-01 05:00:00'),
(475,5,54,55,8,NULL,'[\"not_yet_started\",\"normal\",\"n/a\",\"before_end_time\",\"not_opened\",\"orginal_user\"]',NULL,NULL,NULL,NULL,'[{\"time\": \"2017-07-04T19:42:13.061Z\", \"user_id\": 5, \"is_extra_credit\": false}]',NULL,NULL,NULL,0,'[{\"id\": 476, \"isSubWorkflow\": 0}]','[{\"id\": 474, \"isSubWorkflow\": 0}]','1999-01-01 05:00:00'),
(476,3,55,55,8,NULL,'[\"not_yet_started\",\"normal\",\"n/a\",\"before_end_time\",\"not_opened\",\"orginal_user\"]',NULL,NULL,NULL,NULL,'[{\"time\": \"2017-07-04T19:42:13.088Z\", \"user_id\": 3, \"is_extra_credit\": false}]',NULL,NULL,NULL,0,'[{\"id\": 477, \"isSubWorkflow\": 0}]','[{\"id\": 475, \"isSubWorkflow\": 0}]','1999-01-01 05:00:00'),
(477,1,56,55,8,NULL,'[\"not_yet_started\",\"normal\",\"n/a\",\"before_end_time\",\"not_opened\",\"orginal_user\"]',NULL,NULL,NULL,NULL,'[{\"time\": \"2017-07-04T19:42:13.140Z\", \"user_id\": 1, \"is_extra_credit\": false}]',NULL,NULL,NULL,0,'[]','[{\"id\": 476, \"isSubWorkflow\": 0}]','1999-01-01 05:00:00'),
(478,6,57,56,8,NULL,'[\"complete\",\"normal\",\"submitted_for_approval\",\"late\",\"viewed\",\"orginal_user\"]','2017-07-04 19:41:46','2017-07-04 19:42:46','2017-07-04 20:00:47','[{\"0\": [\"sdafdsfdasfdsfdasfdsfdsfsd\", \"\"], \"number_of_fields\": 1}]','[{\"time\": \"2017-07-04T19:42:13.235Z\", \"user_id\": 6, \"is_extra_credit\": false}]',NULL,NULL,NULL,0,'[{\"id\": 479, \"isSubWorkflow\": 0}, {\"id\": 480, \"isSubWorkflow\": 0}]',NULL,'1999-01-01 05:00:00'),
(479,1,58,56,8,NULL,'[\"started\",\"normal\",\"n/a\",\"late\",\"not_opened\",\"orginal_user\"]','2017-07-04 20:00:47','2017-07-04 20:01:47',NULL,NULL,'[{\"time\": \"2017-07-04T19:42:13.339Z\", \"user_id\": 1, \"is_extra_credit\": false}]',NULL,NULL,NULL,0,'[]','[{\"id\": 478, \"isSubWorkflow\": 0}]','1999-01-01 05:00:00'),
(480,7,59,56,8,NULL,'[\"not_yet_started\",\"normal\",\"n/a\",\"before_end_time\",\"not_opened\",\"orginal_user\"]',NULL,NULL,NULL,NULL,'[{\"time\": \"2017-07-04T19:42:13.369Z\", \"user_id\": 7, \"is_extra_credit\": false}]',NULL,NULL,NULL,0,'[{\"id\": 481, \"isSubWorkflow\": 0}, {\"id\": 482, \"isSubWorkflow\": 0}]','[{\"id\": 478, \"isSubWorkflow\": 0}]','1999-01-01 05:00:00'),
(481,6,60,56,8,NULL,'[\"not_yet_started\",\"normal\",\"n/a\",\"before_end_time\",\"not_opened\",\"orginal_user\"]',NULL,NULL,NULL,NULL,'[{\"time\": \"2017-07-04T19:42:13.461Z\", \"user_id\": 6, \"is_extra_credit\": false}]',NULL,NULL,NULL,0,'[{\"id\": 483, \"isSubWorkflow\": 0}]','[{\"id\": 480, \"isSubWorkflow\": 0}]','1999-01-01 05:00:00'),
(482,8,60,56,8,NULL,'[\"not_yet_started\",\"normal\",\"n/a\",\"before_end_time\",\"not_opened\",\"orginal_user\"]',NULL,NULL,NULL,NULL,'[{\"time\": \"2017-07-04T19:42:13.481Z\", \"user_id\": 8, \"is_extra_credit\": false}]',NULL,NULL,NULL,0,'[{\"id\": 483, \"isSubWorkflow\": 0}]','[{\"id\": 480, \"isSubWorkflow\": 0}]','1999-01-01 05:00:00'),
(483,7,61,56,8,NULL,'[\"automatic\",\"normal\",\"n/a\",\"before_end_time\",\"not_opened\",\"orginal_user\"]',NULL,NULL,NULL,NULL,'[{\"time\": \"2017-07-04T19:42:13.516Z\", \"user_id\": 7, \"is_extra_credit\": false}]',NULL,NULL,NULL,0,'[{\"id\": 484, \"isSubWorkflow\": 0}]','[{\"id\": 481, \"isSubWorkflow\": 0}, {\"id\": 482, \"isSubWorkflow\": 0}]','1999-01-01 05:00:00'),
(484,9,62,56,8,NULL,'[\"not_yet_started\",\"normal\",\"n/a\",\"before_end_time\",\"not_opened\",\"orginal_user\"]',NULL,NULL,NULL,NULL,'[{\"time\": \"2017-07-04T19:42:13.556Z\", \"user_id\": 9, \"is_extra_credit\": false}]',NULL,NULL,NULL,0,'[{\"id\": 485, \"isSubWorkflow\": 0}]','[{\"id\": 483, \"isSubWorkflow\": 0}]','1999-01-01 05:00:00'),
(485,7,63,56,8,NULL,'[\"not_yet_started\",\"normal\",\"n/a\",\"before_end_time\",\"not_opened\",\"orginal_user\"]',NULL,NULL,NULL,NULL,'[{\"time\": \"2017-07-04T19:42:13.590Z\", \"user_id\": 7, \"is_extra_credit\": false}]',NULL,NULL,NULL,0,'[{\"id\": 486, \"isSubWorkflow\": 0}]','[{\"id\": 484, \"isSubWorkflow\": 0}]','1999-01-01 05:00:00'),
(486,1,64,56,8,NULL,'[\"not_yet_started\",\"normal\",\"n/a\",\"before_end_time\",\"not_opened\",\"orginal_user\"]',NULL,NULL,NULL,NULL,'[{\"time\": \"2017-07-04T19:42:13.638Z\", \"user_id\": 1, \"is_extra_credit\": false}]',NULL,NULL,NULL,0,'[]','[{\"id\": 485, \"isSubWorkflow\": 0}]','1999-01-01 05:00:00');

/*Table structure for table `tasksimplegrade` */

DROP TABLE IF EXISTS `tasksimplegrade`;

CREATE TABLE `tasksimplegrade` (
  `TaskSimpleGradeID` int(10) unsigned NOT NULL AUTO_INCREMENT,
  `TaskInstanceID` int(10) unsigned NOT NULL,
  `SectionUserID` int(10) unsigned NOT NULL,
  `WorkflowActivityID` int(10) unsigned NOT NULL,
  `Grade` float unsigned NOT NULL,
  `Comments` varchar(255) DEFAULT NULL,
  PRIMARY KEY (`TaskSimpleGradeID`),
  UNIQUE KEY `TaskSimpleGradeID` (`TaskSimpleGradeID`),
  UNIQUE KEY `TaskSimpleGrade_TaskSimpleGradeID_unique` (`TaskSimpleGradeID`),
  UNIQUE KEY `ti_sectionUserId_unq_idx` (`TaskInstanceID`,`SectionUserID`),
  KEY `SectionUserID` (`SectionUserID`),
  KEY `WorkflowActivityID` (`WorkflowActivityID`),
  CONSTRAINT `tasksimplegrade_ibfk_1` FOREIGN KEY (`TaskInstanceID`) REFERENCES `taskinstance` (`TaskInstanceID`) ON DELETE NO ACTION ON UPDATE CASCADE,
  CONSTRAINT `tasksimplegrade_ibfk_2` FOREIGN KEY (`SectionUserID`) REFERENCES `sectionuser` (`SectionUserID`) ON DELETE NO ACTION ON UPDATE CASCADE,
  CONSTRAINT `tasksimplegrade_ibfk_3` FOREIGN KEY (`WorkflowActivityID`) REFERENCES `workflowactivity` (`WorkflowActivityID`) ON DELETE NO ACTION ON UPDATE CASCADE
) ENGINE=InnoDB DEFAULT CHARSET=latin1;

/*Data for the table `tasksimplegrade` */

/*Table structure for table `user` */

DROP TABLE IF EXISTS `user`;

CREATE TABLE `user` (
  `UserID` int(10) unsigned NOT NULL AUTO_INCREMENT,
  `FirstName` varchar(40) DEFAULT NULL,
  `LastName` varchar(40) DEFAULT NULL,
  `OrganizationGroup` json DEFAULT NULL,
  `Admin` tinyint(1) DEFAULT NULL,
  `ProfilePicture` json DEFAULT NULL,
  `Instructor` tinyint(4) DEFAULT NULL,
  PRIMARY KEY (`UserID`),
  UNIQUE KEY `UserID` (`UserID`),
  UNIQUE KEY `User_UserID_unique` (`UserID`),
  CONSTRAINT `user_ibfk_1` FOREIGN KEY (`UserID`) REFERENCES `userlogin` (`UserID`) ON DELETE NO ACTION ON UPDATE CASCADE
) ENGINE=InnoDB AUTO_INCREMENT=70 DEFAULT CHARSET=latin1;

/*Data for the table `user` */

insert  into `user`(`UserID`,`FirstName`,`LastName`,`OrganizationGroup`,`Admin`,`ProfilePicture`,`Instructor`) values 
(1,'Alan','Romano',NULL,1,NULL,1),
(2,'Jimmy','Lu',NULL,1,NULL,0),
(3,'Emily','Smith',NULL,0,NULL,0),
(4,'Joe','Johnson',NULL,0,NULL,0),
(5,'Angelo','Perna',NULL,0,NULL,0),
(6,'John','Smith',NULL,0,NULL,0),
(7,'Sara','Thor',NULL,0,NULL,0),
(8,'Ivan ','Merit',NULL,0,NULL,0),
(9,'Sawyer','Murry',NULL,0,NULL,0),
(10,'Kevin','Hart',NULL,0,NULL,0),
(11,'Ryan','Johnson',NULL,0,NULL,0),
(12,'Caitlyn','Cook',NULL,0,NULL,0),
(13,'Carley','Cook',NULL,0,NULL,0),
(14,'David','Davidson',NULL,0,NULL,0),
(15,'Megan','Fox',NULL,0,NULL,0),
(16,'Fred','Hudson',NULL,0,NULL,0),
(17,'Olivia','Kwan',NULL,0,NULL,0),
(18,'Peter','Pan',NULL,0,NULL,0),
(19,'Spongebob',NULL,NULL,0,NULL,0),
(69,'Krzysztof','Squarepant',NULL,0,NULL,0);

/*Table structure for table `userbadges` */

DROP TABLE IF EXISTS `userbadges`;

CREATE TABLE `userbadges` (
  `UserBadgeID` int(10) unsigned NOT NULL AUTO_INCREMENT,
  `UserID` int(10) NOT NULL,
  `SemesterID` int(10) DEFAULT NULL,
  `CourseID` int(10) DEFAULT NULL,
  `SectionID` int(10) NOT NULL,
  `BadgeID` int(10) NOT NULL,
  `BadgeAwarded` enum('yes','no') DEFAULT NULL,
  PRIMARY KEY (`UserBadgeID`)
) ENGINE=InnoDB AUTO_INCREMENT=13 DEFAULT CHARSET=latin1;

/*Data for the table `userbadges` */

insert  into `userbadges`(`UserBadgeID`,`UserID`,`SemesterID`,`CourseID`,`SectionID`,`BadgeID`,`BadgeAwarded`) values 
(1,1,1,1,3,1,'yes'),
(2,1,1,1,3,2,'yes'),
(3,1,1,1,3,3,'yes'),
(4,1,1,3,8,4,'yes'),
(5,1,1,3,8,5,'yes'),
(6,1,1,3,8,6,'yes'),
(7,1,1,2,7,7,'yes'),
(8,1,1,2,7,8,'yes'),
(9,1,1,2,7,9,'yes'),
(10,1,1,1,1,10,'yes'),
(11,1,1,1,1,11,'yes'),
(12,1,1,1,1,12,'yes');

/*Table structure for table `usercontact` */

DROP TABLE IF EXISTS `usercontact`;

CREATE TABLE `usercontact` (
  `UserID` int(10) unsigned NOT NULL,
  `Email` varchar(70) NOT NULL,
  `Phone` varchar(15) NOT NULL,
  `FirstName` varchar(40) DEFAULT NULL,
  `LastName` varchar(40) DEFAULT NULL,
  `Alias` varchar(40) DEFAULT NULL,
  `ProfilePicture` json DEFAULT NULL,
  `Avatar` json DEFAULT NULL,
  PRIMARY KEY (`UserID`)
) ENGINE=InnoDB DEFAULT CHARSET=latin1;

/*Data for the table `usercontact` */

insert  into `usercontact`(`UserID`,`Email`,`Phone`,`FirstName`,`LastName`,`Alias`,`ProfilePicture`,`Avatar`) values 
(1,'ajr42@njit.edu','(675) 234-4853','Al','Romano','alRom','[3]',NULL),
(2,'qxl2','534-134-3353',NULL,NULL,NULL,NULL,NULL),
(3,'abc1@njit.edu','535-124-1234',NULL,NULL,NULL,NULL,NULL),
(4,'bcd1@njit.edu','123-524-7653',NULL,NULL,NULL,NULL,NULL),
(5,'perna@njit.edu','123-524-2345',NULL,NULL,NULL,NULL,NULL),
(6,'abc2@njit.edu','123-524-2346',NULL,NULL,NULL,NULL,NULL),
(7,'abc3@njit.edu','123-524-2347',NULL,NULL,NULL,NULL,NULL),
(8,'abc4@njit.edu','123-524-2348',NULL,NULL,NULL,NULL,NULL),
(9,'abc5@njit.edu','123-524-2349',NULL,NULL,NULL,NULL,NULL),
(10,'abc6@njit.edu','123-524-2350',NULL,NULL,NULL,NULL,NULL),
(11,'abc7@njit.edu','123-524-2351',NULL,NULL,NULL,NULL,NULL),
(12,'abc8@njit.edu','123-524-2352',NULL,NULL,NULL,NULL,NULL),
(13,'abc9@njit.edu','123-524-2353',NULL,NULL,NULL,NULL,NULL),
(14,'abc10@njit.edu','123-524-2354',NULL,NULL,NULL,NULL,NULL),
(15,'abc11@njit.edu','123-524-2355',NULL,NULL,NULL,NULL,NULL),
(16,'abc12@njit.edu','123-524-2356',NULL,NULL,NULL,NULL,NULL),
(17,'abc13@njit.edu','123-524-2357',NULL,NULL,NULL,NULL,NULL),
(18,'abc14@njit.edu','123-524-2358',NULL,NULL,NULL,NULL,NULL),
(19,'abc15@njit.edu','123-524-2359',NULL,NULL,NULL,NULL,NULL),
(69,'ka267@njit.edu','069-069-6969',NULL,NULL,NULL,NULL,NULL),
(70,'\"ka267@njit.edu\"','XXX-XXX-XXXX',NULL,NULL,NULL,NULL,NULL),
(71,'aja38@njit.edu','XXX-XXX-XXXX',NULL,NULL,NULL,NULL,NULL);

/*Table structure for table `userlogin` */

DROP TABLE IF EXISTS `userlogin`;

CREATE TABLE `userlogin` (
  `UserID` int(10) unsigned NOT NULL,
  `Email` varchar(70) NOT NULL,
  `Password` varchar(255) NOT NULL,
  `Pending` tinyint(4) DEFAULT NULL,
  `Attempts` int(10) unsigned DEFAULT NULL,
  `Timeout` date DEFAULT NULL,
  `Blocked` tinyint(4) DEFAULT NULL,
  PRIMARY KEY (`UserID`),
  UNIQUE KEY `Email` (`Email`),
  UNIQUE KEY `UserLogin_Email_unique` (`Email`)
) ENGINE=InnoDB DEFAULT CHARSET=latin1;

/*Data for the table `userlogin` */

insert  into `userlogin`(`UserID`,`Email`,`Password`,`Pending`,`Attempts`,`Timeout`,`Blocked`) values 
(1,'ajr42@njit.edu','$argon2i$v=19$m=16384,t=4,p=2$TUfYjO7C7d+k+TCV4ne4gdP2iVI1nlrb98qK7AlJFmP5iyhjLT8ubzof6nxah7pZ9I3s6eEFNl4BTmwl9HO6cQ$hYDqrf5Ry90EErFXM2xAAL5CnTyXmHPGgfLlFN8Kd6Ih3kWE9DraVoRrKr4v/uwNUxh77u2fN3TA+IcXi0741Q',NULL,0,NULL,NULL),
(2,'qxl2@njit.edu','$argon2i$v=19$m=16384,t=4,p=2$W1WFKVNyaKFOQ/TogLGv+QTApAGZcXSIXCejB6RHE5dDm3lq/74W+RAPha+teGMOHaIWr2NL/nDvGYD5yaoWug$3z7s+XyksxD7Jwn3YciS5kqdHzXt+xth5ZtXfYR1E8sXz22JD/oJGu2p7AD2odtZ8n62xayn4arDwx7QQtYwmA',NULL,0,NULL,NULL),
(3,'abc1@njit.edu','$argon2i$v=19$m=16384,t=4,p=2$6oCjo2zcGkhrXmZr1LDVGc5FWGT/bfkakEOp0S0bF3wAquOGgjn4lA/4cRxf3Zpoc7dIpvmC91uENVbtFEKIEw$DhLiDXcO7GPju8nKMv2CZ40OqQMVbMwsTAl5vyYmxSJfg+EzcglZft0pJFkEGorHy5HZ3OzLo/TJroyrYuKd8g',NULL,NULL,NULL,NULL),
(4,'bcd1@njit.edu','$argon2i$v=19$m=16384,t=4,p=2$pbnL0Zwx8OD3oXDoR6bLb+iaBH6UHr17W+aTDt4H6yOvoOhyt1tmlMMnuNAuxHwxs6cYZbsyuiBXCMAHbc28oA$B89WmCNW2a748hkx6/KDMpPn4adSPannJOsUJstxQ456nO+fF5DV3RWluNxOZWiVst5Fhcb/3Dm/euGlRs0zSQ',NULL,NULL,NULL,NULL),
(5,'perna@njit.edu','$argon2i$v=19$m=16384,t=4,p=2$mAwLPuvh5YYOdSj1mwzxitvyP7Vtyb/FJG2UGi7IQekFZQiIydI1Bzm8D/5mxmfI2EBUrTGkhYQ135SsLC6+Dg$cZ/i+qyvGkAixcAtrHO1CxvLl6j5MJ0FV3laH2VBOJASXDmgWKAdEi2vWUAwu3WmSQzb4E1W+K/BJI+szhAkvg',NULL,NULL,NULL,NULL),
(6,'abc2@njit.edu','$argon2i$v=19$m=16384,t=4,p=2$KZJKZpWbjob7eqj2EuzS/WlEW3QaEoK50awT0TAUjFnaQN2vNb1Ud0wXwSrI5j5wL7d+nUCvm9Ve8Kbwa3fX8g$pDx8JpFqZNsTEL0UAe32CBKp5N05PdEjEontr3sVyFsGH2wb01fwwUosli77F1oHsNMw9mt7iSH2sKO7heiWeg',NULL,NULL,NULL,NULL),
(7,'abc3@njit.edu','$argon2i$v=19$m=16384,t=4,p=2$pGPyqMGEbyElS9gRX7Rk6bpDgaTII6YOdTI2DXSsRDxmCMhPhsz+vyq46SgdAKDxGazuZvCWHUChIi4O/vAckg$OCUpGNSQ61Th527uRHN7hZfTlABvS2fPB9kAb3zF/KPObnjDearLchOOgWNZrEUrLMcAe90BzE/DuKiUe8wCgQ',NULL,NULL,NULL,NULL),
(8,'abc4@njit.edu','$argon2i$v=19$m=16384,t=4,p=2$CD/xWWTvH5GMMqKEMFAD7CMgMs2HEA2G01HzbrgQyseWvWlGLPjFYojDAgpTOkqlTr0TiWTDE+k5YCCb8hvN+w$JRybkfjBj16HTN97UfNHYoS0aqHWmuxYPaTvSw3KJ+q9cu4lrgoqtf3m56pxbSYANLjxX6RaTh7HZnjjqt6PuA',NULL,NULL,NULL,NULL),
(9,'abc5@njit.edu','$argon2i$v=19$m=16384,t=4,p=2$oXPqC6/24kfJkeoujdgB83jdKJrd9pHBbB4YA/QS8R/Dh8KQDrB4EoeQZNCGonfWevEkOoY7FlxxSzxZ+MtWyw$Ao7AxrUoeScW1o3+cNYmazwSsBu38jChy2I9Z0ZR+ltI9cTFYWYPSxee3cHvNy2ziGgf2O99KfiMBhAYC8iNpA',NULL,NULL,NULL,NULL),
(10,'abc6@njit.edu','$argon2i$v=19$m=16384,t=4,p=2$hrXM0u69ZS3XOWY3rImXsrKpOLhD//HZAnH3X1rvAYK4XNjB9eS6vudN1kJMeFkija4PR9wRxtZ06XRzoLSm/A$q8lsOXRpA+Ze3FBFxzHQqKYG2i8GSkAh+C3gG+/ZUV8/XVymfDNbVm9pZizaU1NbmXI+tpMj/LFezl0o/xt5YQ',NULL,NULL,NULL,NULL),
(11,'abc7@njit.edu','$argon2i$v=19$m=16384,t=4,p=2$6herGd/RqrW614aSDuyhsk5s3mynm1rOd6wUYHLd2YApIoHVGMsQQ204uY6IDjW5GrNcJnxs7UV/6jd3Qh/yMg$t/n0lRZWUIL0qogPn1OeKfg6PK+m+6yl4COa2uRynfg9QA1Yjkp+I3X4dvjuQmD1YdI8Qbiee5qk2znBaeMclg',NULL,NULL,NULL,NULL),
(12,'abc8@njit.edu','$argon2i$v=19$m=16384,t=4,p=2$qxB1ZiJZ+WvtuJUCISYmO2DTD41XS5lsoOMT4E8z4bcKDsCic/74jfOMaysLzfmkdbpGpz7+XJBbycOvq6uweA$rom0Sem+HOMouEKfDZ3x7WXs06/B2dMV9e83VJmD80OwEc2Kb+ZqM0ZvXnDDpwEzakOdEQJT2rsKVQ8I/Nd/9w',NULL,NULL,NULL,NULL),
(13,'abc9@njit.edu','$argon2i$v=19$m=16384,t=4,p=2$KKNxr8igpIZ4zVfEgWZv9bL2EltporHLE8hIUtNBYEx4/yO2KzoJKdYOvKXETnd+qx34Y/loVSmJYtSuYVKUIg$B42ymYPMzM4k9ycwEZ3bqnbceLnxdiyGvhldmhjdCIPxCycWfLIFesGJr7s1fGbXzKSX1LPShFaN6sVxAzOL2Q',NULL,NULL,NULL,NULL),
(14,'abc10@njit.edu','$argon2i$v=19$m=16384,t=4,p=2$uxm8ECi1yXmI+fz9+9TfZPeG+Z2rt1GJexMWUopwZIjgNyChL4YigSg/OjoCIrkeI22E6x/0CyHycv5T2aF7UQ$Abe7GWC+ZHuCUpPIF38YpTAJgJH49C3u6QXH9Or2N2GPqzNNL19i+jNBt101bKtO7qpEBX4bbx2BZoqrm8SY4w',NULL,NULL,NULL,NULL),
(15,'abc11@njit.edu','$argon2i$v=19$m=16384,t=4,p=2$3P4lP+gW5vk9hmQOjmNI1H0Wy5StYrRnCpuCcWonA3P7ot744FZnSWRlcqsHm1Vap72QbzYNuCGhmoikGryQuw$gYYqVkIl2mfSPm5YzmkQPipIKKOmNvTG+HVCV/yIcJfK7mUS6G2G0+6pVJ5GPgiOnZLdy39r39PEybqyMjmrcQ',NULL,NULL,NULL,NULL),
(16,'abc12@njit.edu','$argon2i$v=19$m=16384,t=4,p=2$mw7qzaUtdNcm8glOzNnXcfCSl18Bu1h+Ygx/bJxhoG69BVZb6O1laphG/NyNsL1adJgey/VVVRZmwftiW/q5yg$CwGWRE7kvBF1Bnr/K/sccUTNyU6YzVl0BgVUVHcLAXCFA6IUE+g4dz5Lyp1vXx2Mwr+E2ahcztXlOUB7+nEwMQ',NULL,NULL,NULL,NULL),
(17,'abc13@njit.edu','$argon2i$v=19$m=16384,t=4,p=2$4nQfnc0JFmytCV1J/Xd2Srr2tw6/VnlgMtHbiQrTI6qtshSIzc9fWuWe46y56dxu++T90V4TT2JJ2NpcDGFmXQ$H4wZ8Z+ABS2ptAhTv6wBdjAZC8zd8urJaP/qIXgDOh8dWNsoDZ9vz/wbsjDd2wEITq0qBeew9Dlpjf7+V/bK6w',NULL,NULL,NULL,NULL),
(18,'abc14@njit.edu','$argon2i$v=19$m=16384,t=4,p=2$QJ0rCObMrIs4osCu+dTsk1/J3qSInaRRyZkwoXtgmAHiBIp64URW+EFgS0FNxvhetxst5QbL8j9jVg4m6uD6KA$7r5COECa/duCL0NkMkyuWM5vSnVfceNc1bD1nSfGn983Yx3dgknXbdm33dIItWlbVfQLITB42/DPLx+YAU2Swg',NULL,NULL,NULL,NULL),
(19,'abc15@njit.edu','$argon2i$v=19$m=16384,t=4,p=2$fVdSAWLRLaNjCl5xYm1Rmjds8wnom7EYQh8nE0VXg0AKRvdFLdID9DVecTne7bo3urH2L+QumWzCLIrUoZysTA$UYm3hLNuZYmk5lpHkONaEmD6kCN9kxv8+oBN2Po2wDtXWuu/U9nKgLSDZid+PdWpUgHcrqP1FwOYc+Dmcmc7Cg',NULL,2,NULL,NULL),
(20,'abc16@njit.edu','$argon2i$v=19$m=16384,t=4,p=2$Tj62RffkwTjPJcF4CfaMfVJMG+dZzn0HhS61kVGqUISDETt7OQmujQQHf5BJvPkwd/tszl1cB5eOMKWXp+l0nQ$sfHMd07iNX8HC8WYg5ukUqpjzhaKAr2MMxW+P1IjZzO1Mjcp5r4t2FpKaCii2X+QpLk66SdfpxLLPxO3gZs/bg',NULL,NULL,NULL,NULL),
(69,'ka267@njit.edu','$argon2i$v=19$m=16384,t=4,p=2$Tj62RffkwTjPJcF4CfaMfVJMG+dZzn0HhS61kVGqUISDETt7OQmujQQHf5BJvPkwd/tszl1cB5eOMKWXp+l0nQ$sfHMd07iNX8HC8WYg5ukUqpjzhaKAr2MMxW+P1IjZzO1Mjcp5r4t2FpKaCii2X+QpLk66SdfpxLLPxO3gZs/bg',NULL,NULL,NULL,NULL);

/*Table structure for table `userpointinstances` */

DROP TABLE IF EXISTS `userpointinstances`;

CREATE TABLE `userpointinstances` (
  `UserPointInstanceID` int(10) unsigned NOT NULL AUTO_INCREMENT,
  `UserID` int(10) NOT NULL,
  `CategoryID` int(10) NOT NULL,
  `PointInstances` int(10) DEFAULT NULL,
  PRIMARY KEY (`UserID`,`CategoryID`,`UserPointInstanceID`),
  KEY `UserPointInstanceID` (`UserPointInstanceID`)
) ENGINE=InnoDB AUTO_INCREMENT=55 DEFAULT CHARSET=latin1;

/*Data for the table `userpointinstances` */

insert  into `userpointinstances`(`UserPointInstanceID`,`UserID`,`CategoryID`,`PointInstances`) values 
(1,1,1,5),
(2,1,2,5),
(3,1,3,5),
(4,1,4,6),
(5,1,5,9),
(6,1,6,8),
(7,3,1,4),
(8,3,2,5),
(9,3,3,6),
(10,3,4,5),
(11,3,5,8),
(12,3,6,9),
(13,4,1,6),
(14,4,2,4),
(15,4,3,5),
(16,4,4,6),
(17,4,5,5),
(18,4,6,10),
(19,8,1,10),
(20,8,2,10),
(21,8,3,10),
(22,8,4,10),
(23,8,5,10),
(24,8,6,10),
(49,16,25,10),
(50,16,26,6),
(51,16,27,8),
(52,16,28,7),
(53,16,29,9),
(54,16,30,10),
(43,17,19,13),
(44,17,20,14),
(45,17,21,15),
(46,17,22,16),
(47,17,23,17),
(48,17,24,9),
(37,18,13,16),
(38,18,14,17),
(39,18,15,18),
(40,18,16,10),
(41,18,17,11),
(42,18,18,12),
(31,19,7,10),
(32,19,8,11),
(33,19,9,12),
(35,19,10,13),
(34,19,11,14),
(36,19,12,15),
(25,69,1,20),
(26,69,2,15),
(27,69,3,10),
(28,69,4,22),
(29,69,5,17),
(30,69,6,31);

/*Table structure for table `volunteerpool` */

DROP TABLE IF EXISTS `volunteerpool`;

CREATE TABLE `volunteerpool` (
  `VolunteerPoolID` int(10) unsigned NOT NULL AUTO_INCREMENT,
  `UserID` int(10) unsigned NOT NULL,
  `SectionID` int(10) unsigned NOT NULL,
  `AssignmentInstanceID` int(10) unsigned DEFAULT NULL,
  `status` varchar(25) DEFAULT NULL,
  PRIMARY KEY (`VolunteerPoolID`),
  UNIQUE KEY `VolunteerPoolID` (`VolunteerPoolID`),
  UNIQUE KEY `VolunteerPool_VolunteerPoolID_unique` (`VolunteerPoolID`),
  UNIQUE KEY `uniqueVolunteer` (`UserID`,`SectionID`,`AssignmentInstanceID`),
  KEY `SectionID` (`SectionID`),
  KEY `AssignmentInstanceID` (`AssignmentInstanceID`),
  CONSTRAINT `VolunteerPool_ibfk_1` FOREIGN KEY (`UserID`) REFERENCES `user` (`UserID`) ON DELETE NO ACTION ON UPDATE CASCADE,
  CONSTRAINT `VolunteerPool_ibfk_2` FOREIGN KEY (`SectionID`) REFERENCES `section` (`SectionID`) ON DELETE NO ACTION ON UPDATE CASCADE,
  CONSTRAINT `VolunteerPool_ibfk_3` FOREIGN KEY (`AssignmentInstanceID`) REFERENCES `assignmentinstance` (`AssignmentInstanceID`) ON DELETE SET NULL ON UPDATE CASCADE
) ENGINE=InnoDB DEFAULT CHARSET=latin1;

/*Data for the table `volunteerpool` */

/*Table structure for table `workflowactivity` */

DROP TABLE IF EXISTS `workflowactivity`;

CREATE TABLE `workflowactivity` (
  `WorkflowActivityID` int(10) unsigned NOT NULL AUTO_INCREMENT,
  `AssignmentID` int(10) unsigned NOT NULL,
  `TaskActivityCollection` json DEFAULT NULL,
  `Name` varchar(30) DEFAULT NULL,
  `Type` varchar(40) DEFAULT NULL,
  `GradeDistribution` json DEFAULT NULL,
  `NumberOfSets` int(10) unsigned DEFAULT NULL,
  `Documentation` varchar(100) DEFAULT NULL,
  `GroupSize` int(10) unsigned DEFAULT '1',
  `StartTaskActivity` json DEFAULT NULL,
  `WorkflowStructure` json DEFAULT NULL,
  `VersionHistory` json DEFAULT NULL,
  PRIMARY KEY (`WorkflowActivityID`),
  UNIQUE KEY `WorkflowActivityID` (`WorkflowActivityID`),
  UNIQUE KEY `WorkflowActivity_WorkflowActivityID_unique` (`WorkflowActivityID`),
  KEY `AssignmentID` (`AssignmentID`),
  CONSTRAINT `workflowactivity_ibfk_1` FOREIGN KEY (`AssignmentID`) REFERENCES `assignment` (`AssignmentID`) ON DELETE NO ACTION ON UPDATE CASCADE
) ENGINE=InnoDB AUTO_INCREMENT=9 DEFAULT CHARSET=latin1;

/*Data for the table `workflowactivity` */

insert  into `workflowactivity`(`WorkflowActivityID`,`AssignmentID`,`TaskActivityCollection`,`Name`,`Type`,`GradeDistribution`,`NumberOfSets`,`Documentation`,`GroupSize`,`StartTaskActivity`,`WorkflowStructure`,`VersionHistory`) values 
(1,1,'[1, 2, 3, 4, 5, 6, 7, 8]','Problem','','{\"1\": 100}',1,'',1,NULL,'[{\"id\": 1, \"isSubWorkflow\": 0}, {\"id\": 2, \"parent\": 1, \"isSubWorkflow\": 0}, {\"id\": -1, \"parent\": 0}, {\"id\": -1, \"parent\": 0}, {\"id\": -1, \"parent\": 0}, {\"id\": 3, \"parent\": 1, \"isSubWorkflow\": 0}, {\"id\": -1, \"parent\": 2}, {\"id\": 4, \"parent\": 3, \"isSubWorkflow\": 0}, {\"id\": -1, \"parent\": 3}, {\"id\": -1, \"parent\": 3}, {\"id\": 5, \"parent\": 4, \"isSubWorkflow\": 0}, {\"id\": -1, \"parent\": 4}, {\"id\": -1, \"parent\": 4}, {\"id\": 6, \"parent\": 5, \"isSubWorkflow\": 0}, {\"id\": -1, \"parent\": 5}, {\"id\": -1, \"parent\": 5}, {\"id\": 7, \"parent\": 6, \"isSubWorkflow\": 0}, {\"id\": -1, \"parent\": 6}, {\"id\": -1, \"parent\": 6}, {\"id\": 8, \"parent\": 7, \"isSubWorkflow\": 0}]',NULL),
(2,3,'[9, 10, 11, 12, 13, 14, 15, 16]','Problem','','{\"9\": 100}',1,'',1,NULL,'[{\"id\": 9, \"isSubWorkflow\": 0}, {\"id\": 10, \"parent\": 9, \"isSubWorkflow\": 0}, {\"id\": -1, \"parent\": 0}, {\"id\": -1, \"parent\": 0}, {\"id\": -1, \"parent\": 0}, {\"id\": 11, \"parent\": 9, \"isSubWorkflow\": 0}, {\"id\": -1, \"parent\": 2}, {\"id\": 12, \"parent\": 11, \"isSubWorkflow\": 0}, {\"id\": -1, \"parent\": 3}, {\"id\": -1, \"parent\": 3}, {\"id\": 13, \"parent\": 12, \"isSubWorkflow\": 0}, {\"id\": -1, \"parent\": 4}, {\"id\": -1, \"parent\": 4}, {\"id\": 14, \"parent\": 13, \"isSubWorkflow\": 0}, {\"id\": -1, \"parent\": 5}, {\"id\": -1, \"parent\": 5}, {\"id\": 15, \"parent\": 14, \"isSubWorkflow\": 0}, {\"id\": -1, \"parent\": 6}, {\"id\": -1, \"parent\": 6}, {\"id\": 16, \"parent\": 15, \"isSubWorkflow\": 0}]',NULL),
(3,4,'[17, 18, 19, 20, 21, 22, 23, 24]','Problem','','{\"17\": 100}',1,'',1,NULL,'[{\"id\": 17, \"isSubWorkflow\": 0}, {\"id\": 18, \"parent\": 17, \"isSubWorkflow\": 0}, {\"id\": -1, \"parent\": 0}, {\"id\": -1, \"parent\": 0}, {\"id\": -1, \"parent\": 0}, {\"id\": 19, \"parent\": 17, \"isSubWorkflow\": 0}, {\"id\": -1, \"parent\": 2}, {\"id\": 20, \"parent\": 19, \"isSubWorkflow\": 0}, {\"id\": -1, \"parent\": 3}, {\"id\": -1, \"parent\": 3}, {\"id\": 21, \"parent\": 20, \"isSubWorkflow\": 0}, {\"id\": -1, \"parent\": 4}, {\"id\": -1, \"parent\": 4}, {\"id\": 22, \"parent\": 21, \"isSubWorkflow\": 0}, {\"id\": -1, \"parent\": 5}, {\"id\": -1, \"parent\": 5}, {\"id\": 23, \"parent\": 22, \"isSubWorkflow\": 0}, {\"id\": -1, \"parent\": 6}, {\"id\": -1, \"parent\": 6}, {\"id\": 24, \"parent\": 23, \"isSubWorkflow\": 0}]',NULL),
(4,5,'[25, 26, 27, 28, 29, 30, 31, 32]','Problem','','{\"25\": 100}',1,'',1,NULL,'[{\"id\": 25, \"isSubWorkflow\": 0}, {\"id\": 26, \"parent\": 25, \"isSubWorkflow\": 0}, {\"id\": -1, \"parent\": 0}, {\"id\": -1, \"parent\": 0}, {\"id\": -1, \"parent\": 0}, {\"id\": 27, \"parent\": 25, \"isSubWorkflow\": 0}, {\"id\": -1, \"parent\": 2}, {\"id\": 28, \"parent\": 27, \"isSubWorkflow\": 0}, {\"id\": -1, \"parent\": 3}, {\"id\": -1, \"parent\": 3}, {\"id\": 29, \"parent\": 28, \"isSubWorkflow\": 0}, {\"id\": -1, \"parent\": 4}, {\"id\": -1, \"parent\": 4}, {\"id\": 30, \"parent\": 29, \"isSubWorkflow\": 0}, {\"id\": -1, \"parent\": 5}, {\"id\": -1, \"parent\": 5}, {\"id\": 31, \"parent\": 30, \"isSubWorkflow\": 0}, {\"id\": -1, \"parent\": 6}, {\"id\": -1, \"parent\": 6}, {\"id\": 32, \"parent\": 31, \"isSubWorkflow\": 0}]',NULL),
(5,6,'[33, 34, 35, 36, 37, 38, 39, 40]','Problem','','{\"33\": 100}',1,'',1,NULL,'[{\"id\": 33, \"isSubWorkflow\": 0}, {\"id\": 34, \"parent\": 33, \"isSubWorkflow\": 0}, {\"id\": -1, \"parent\": 0}, {\"id\": -1, \"parent\": 0}, {\"id\": -1, \"parent\": 0}, {\"id\": 35, \"parent\": 33, \"isSubWorkflow\": 0}, {\"id\": -1, \"parent\": 2}, {\"id\": 36, \"parent\": 35, \"isSubWorkflow\": 0}, {\"id\": -1, \"parent\": 3}, {\"id\": -1, \"parent\": 3}, {\"id\": 37, \"parent\": 36, \"isSubWorkflow\": 0}, {\"id\": -1, \"parent\": 4}, {\"id\": -1, \"parent\": 4}, {\"id\": 38, \"parent\": 37, \"isSubWorkflow\": 0}, {\"id\": -1, \"parent\": 5}, {\"id\": -1, \"parent\": 5}, {\"id\": 39, \"parent\": 38, \"isSubWorkflow\": 0}, {\"id\": -1, \"parent\": 6}, {\"id\": -1, \"parent\": 6}, {\"id\": 40, \"parent\": 39, \"isSubWorkflow\": 0}]',NULL),
(6,7,'[41, 42, 43, 44, 45, 46, 47, 48]','Problem','','{\"41\": 100}',1,'',1,NULL,'[{\"id\": 41, \"isSubWorkflow\": 0}, {\"id\": 42, \"parent\": 41, \"isSubWorkflow\": 0}, {\"id\": -1, \"parent\": 0}, {\"id\": -1, \"parent\": 0}, {\"id\": -1, \"parent\": 0}, {\"id\": 43, \"parent\": 41, \"isSubWorkflow\": 0}, {\"id\": -1, \"parent\": 2}, {\"id\": 44, \"parent\": 43, \"isSubWorkflow\": 0}, {\"id\": -1, \"parent\": 3}, {\"id\": -1, \"parent\": 3}, {\"id\": 45, \"parent\": 44, \"isSubWorkflow\": 0}, {\"id\": -1, \"parent\": 4}, {\"id\": -1, \"parent\": 4}, {\"id\": 46, \"parent\": 45, \"isSubWorkflow\": 0}, {\"id\": -1, \"parent\": 5}, {\"id\": -1, \"parent\": 5}, {\"id\": 47, \"parent\": 46, \"isSubWorkflow\": 0}, {\"id\": -1, \"parent\": 6}, {\"id\": -1, \"parent\": 6}, {\"id\": 48, \"parent\": 47, \"isSubWorkflow\": 0}]',NULL),
(7,8,'[49, 50, 51, 52, 53, 54, 55, 56]','Problem !','','{\"49\": 100}',1,'',1,NULL,'[{\"id\": 49, \"isSubWorkflow\": 0}, {\"id\": 50, \"parent\": 49, \"isSubWorkflow\": 0}, {\"id\": -1, \"parent\": 0}, {\"id\": -1, \"parent\": 0}, {\"id\": -1, \"parent\": 0}, {\"id\": 51, \"parent\": 49, \"isSubWorkflow\": 0}, {\"id\": -1, \"parent\": 2}, {\"id\": 52, \"parent\": 51, \"isSubWorkflow\": 0}, {\"id\": -1, \"parent\": 3}, {\"id\": -1, \"parent\": 3}, {\"id\": 53, \"parent\": 52, \"isSubWorkflow\": 0}, {\"id\": -1, \"parent\": 4}, {\"id\": -1, \"parent\": 4}, {\"id\": 54, \"parent\": 53, \"isSubWorkflow\": 0}, {\"id\": -1, \"parent\": 5}, {\"id\": -1, \"parent\": 5}, {\"id\": 55, \"parent\": 54, \"isSubWorkflow\": 0}, {\"id\": -1, \"parent\": 6}, {\"id\": -1, \"parent\": 6}, {\"id\": 56, \"parent\": 55, \"isSubWorkflow\": 0}]',NULL),
(8,8,'[57, 58, 59, 60, 61, 62, 63, 64]','Problem','','{\"57\": 100}',1,'',1,NULL,'[{\"id\": 57, \"isSubWorkflow\": 0}, {\"id\": 58, \"parent\": 57, \"isSubWorkflow\": 0}, {\"id\": -1, \"parent\": 0}, {\"id\": -1, \"parent\": 0}, {\"id\": -1, \"parent\": 0}, {\"id\": 59, \"parent\": 57, \"isSubWorkflow\": 0}, {\"id\": -1, \"parent\": 2}, {\"id\": 60, \"parent\": 59, \"isSubWorkflow\": 0}, {\"id\": -1, \"parent\": 3}, {\"id\": -1, \"parent\": 3}, {\"id\": 61, \"parent\": 60, \"isSubWorkflow\": 0}, {\"id\": -1, \"parent\": 4}, {\"id\": -1, \"parent\": 4}, {\"id\": 62, \"parent\": 61, \"isSubWorkflow\": 0}, {\"id\": -1, \"parent\": 5}, {\"id\": -1, \"parent\": 5}, {\"id\": 63, \"parent\": 62, \"isSubWorkflow\": 0}, {\"id\": -1, \"parent\": 6}, {\"id\": -1, \"parent\": 6}, {\"id\": 64, \"parent\": 63, \"isSubWorkflow\": 0}]',NULL);

/*Table structure for table `workflowgrade` */

DROP TABLE IF EXISTS `workflowgrade`;

CREATE TABLE `workflowgrade` (
  `WorkflowGradeID` int(10) unsigned NOT NULL AUTO_INCREMENT,
  `WorkflowActivityID` int(10) unsigned NOT NULL,
  `SectionUserID` int(10) unsigned NOT NULL,
  `AssignmentInstanceID` int(10) unsigned NOT NULL,
  `Grade` float unsigned NOT NULL,
  `Comments` varchar(255) DEFAULT NULL,
  PRIMARY KEY (`WorkflowGradeID`),
  UNIQUE KEY `WorkflowGradeID` (`WorkflowGradeID`),
  UNIQUE KEY `WorkflowGrade_WorkflowGradeID_unique` (`WorkflowGradeID`),
  UNIQUE KEY `wf_sectionUserId_unq_idx` (`WorkflowActivityID`,`SectionUserID`),
  KEY `SectionUserID` (`SectionUserID`),
  KEY `AssignmentInstanceID` (`AssignmentInstanceID`),
  CONSTRAINT `workflowgrade_ibfk_1` FOREIGN KEY (`WorkflowActivityID`) REFERENCES `workflowactivity` (`WorkflowActivityID`) ON DELETE NO ACTION ON UPDATE CASCADE,
  CONSTRAINT `workflowgrade_ibfk_2` FOREIGN KEY (`SectionUserID`) REFERENCES `sectionuser` (`SectionUserID`) ON DELETE NO ACTION ON UPDATE CASCADE,
  CONSTRAINT `workflowgrade_ibfk_3` FOREIGN KEY (`AssignmentInstanceID`) REFERENCES `assignmentinstance` (`AssignmentInstanceID`) ON DELETE NO ACTION ON UPDATE CASCADE
) ENGINE=InnoDB DEFAULT CHARSET=latin1;

/*Data for the table `workflowgrade` */

/*Table structure for table `workflowinstance` */

DROP TABLE IF EXISTS `workflowinstance`;

CREATE TABLE `workflowinstance` (
  `WorkflowInstanceID` int(10) unsigned NOT NULL AUTO_INCREMENT,
  `WorkflowActivityID` int(10) unsigned NOT NULL,
  `AssignmentInstanceID` int(10) unsigned NOT NULL,
  `StartTime` datetime DEFAULT NULL,
  `EndTime` datetime DEFAULT NULL,
  `TaskCollection` json DEFAULT NULL,
  `Data` json DEFAULT NULL,
  PRIMARY KEY (`WorkflowInstanceID`),
  UNIQUE KEY `WorkflowInstanceID` (`WorkflowInstanceID`),
  UNIQUE KEY `WorkflowInstance_WorkflowInstanceID_unique` (`WorkflowInstanceID`),
  KEY `WorkflowActivityID` (`WorkflowActivityID`),
  KEY `AssignmentInstanceID` (`AssignmentInstanceID`),
  CONSTRAINT `workflowinstance_ibfk_1` FOREIGN KEY (`WorkflowActivityID`) REFERENCES `workflowactivity` (`WorkflowActivityID`) ON DELETE NO ACTION ON UPDATE CASCADE,
  CONSTRAINT `workflowinstance_ibfk_2` FOREIGN KEY (`AssignmentInstanceID`) REFERENCES `assignmentinstance` (`AssignmentInstanceID`) ON DELETE NO ACTION ON UPDATE CASCADE
) ENGINE=InnoDB AUTO_INCREMENT=57 DEFAULT CHARSET=latin1;

/*Data for the table `workflowinstance` */

insert  into `workflowinstance`(`WorkflowInstanceID`,`WorkflowActivityID`,`AssignmentInstanceID`,`StartTime`,`EndTime`,`TaskCollection`,`Data`) values 
(2,3,2,'2017-07-04 16:33:19',NULL,NULL,NULL),
(3,3,4,'2017-07-04 18:54:05',NULL,'[1, 2, 3, 4, 5, 6, 7, 8, 9]',NULL),
(4,3,4,'2017-07-04 18:54:05',NULL,'[10, 11, 12, 13, 14, 15, 16, 17, 18]',NULL),
(5,3,1,'2017-07-04 16:33:19',NULL,'[19, 20, 21, 22, 23, 24, 25, 26, 27]',NULL),
(6,3,4,'2017-07-04 18:54:05',NULL,'[28, 29, 30, 31, 32, 33, 34, 35, 36]',NULL),
(7,3,4,'2017-07-04 18:54:05',NULL,'[37, 38, 39, 40, 41, 42, 43, 44, 45]',NULL),
(8,3,4,'2017-07-04 18:54:05',NULL,'[46, 47, 48, 49, 50, 51, 52, 53, 54]',NULL),
(9,3,4,'2017-07-04 18:54:05',NULL,'[55, 56, 57, 58, 59, 60, 61, 62, 63]',NULL),
(10,3,4,'2017-07-04 18:54:05',NULL,'[64, 65, 66, 67, 68, 69, 70, 71, 72]',NULL),
(11,3,4,'2017-07-04 18:54:05',NULL,'[73, 74, 75, 76, 77, 78, 79, 80, 81]',NULL),
(12,3,4,'2017-07-04 18:54:05',NULL,'[82, 83, 84, 85, 86, 87, 88, 89, 90]',NULL),
(13,3,4,'2017-07-04 18:54:05',NULL,'[91, 92, 93, 94, 95, 96, 97, 98, 99]',NULL),
(14,3,4,'2017-07-04 18:54:05',NULL,'[100, 101, 102, 103, 104, 105, 106, 107, 108]',NULL),
(15,3,4,'2017-07-04 18:54:05',NULL,'[109, 110, 111, 112, 113, 114, 115, 116, 117]',NULL),
(16,3,4,'2017-07-04 18:54:05',NULL,'[118, 119, 120, 121, 122, 123, 124, 125, 126]',NULL),
(17,3,4,'2017-07-04 18:54:05',NULL,'[127, 128, 129, 130, 131, 132, 133, 134, 135]',NULL),
(18,3,4,'2017-07-04 18:54:05',NULL,'[136, 137, 138, 139, 140, 141, 142, 143, 144]',NULL),
(19,3,4,'2017-07-04 18:54:05',NULL,'[145, 146, 147, 148, 149, 150, 151, 152, 153]',NULL),
(20,3,4,'2017-07-04 18:54:05',NULL,'[154, 155, 156, 157, 158, 159, 160, 161, 162]',NULL),
(21,3,4,'2017-07-04 18:54:05',NULL,'[163, 164, 165, 166, 167, 168, 169, 170, 171]',NULL),
(22,3,4,'2017-07-04 18:54:05',NULL,'[172, 173, 174, 175, 176, 177, 178, 179, 180]',NULL),
(23,7,8,'2017-07-04 19:41:46',NULL,'[181, 182, 183, 184, 185, 186, 187, 188, 189]',NULL),
(24,8,8,'2017-07-04 19:41:46',NULL,'[190, 191, 192, 193, 194, 195, 196, 197, 198]',NULL),
(25,7,8,'2017-07-04 19:41:46',NULL,'[199, 200, 201, 202, 203, 204, 205, 206, 207]',NULL),
(26,8,8,'2017-07-04 19:41:46',NULL,'[208, 209, 210, 211, 212, 213, 214, 215, 216]',NULL),
(27,7,8,'2017-07-04 19:41:46',NULL,'[217, 218, 219, 220, 221, 222, 223, 224, 225]',NULL),
(28,8,8,'2017-07-04 19:41:46',NULL,'[226, 227, 228, 229, 230, 231, 232, 233, 234]',NULL),
(29,7,8,'2017-07-04 19:41:46',NULL,'[235, 236, 237, 238, 239, 240, 241, 242, 243]',NULL),
(30,8,8,'2017-07-04 19:41:46',NULL,'[244, 245, 246, 247, 248, 249, 250, 251, 252]',NULL),
(31,7,8,'2017-07-04 19:41:46',NULL,'[253, 254, 255, 256, 257, 258, 259, 260, 261]',NULL),
(32,8,8,'2017-07-04 19:41:46',NULL,'[262, 263, 264, 265, 266, 267, 268, 269, 270]',NULL),
(33,7,8,'2017-07-04 19:41:46',NULL,'[271, 272, 273, 274, 275, 276, 277, 278, 279]',NULL),
(34,8,8,'2017-07-04 19:41:46',NULL,'[280, 281, 282, 283, 284, 285, 286, 287, 288]',NULL),
(35,7,8,'2017-07-04 19:41:46',NULL,'[289, 290, 291, 292, 293, 294, 295, 296, 297]',NULL),
(36,8,8,'2017-07-04 19:41:46',NULL,'[298, 299, 300, 301, 302, 303, 304, 305, 306]',NULL),
(37,7,8,'2017-07-04 19:41:46',NULL,'[307, 308, 309, 310, 311, 312, 313, 314, 315]',NULL),
(38,8,8,'2017-07-04 19:41:46',NULL,'[316, 317, 318, 319, 320, 321, 322, 323, 324]',NULL),
(39,7,8,'2017-07-04 19:41:46',NULL,'[325, 326, 327, 328, 329, 330, 331, 332, 333]',NULL),
(40,8,8,'2017-07-04 19:41:46',NULL,'[334, 335, 336, 337, 338, 339, 340, 341, 342]',NULL),
(41,7,8,'2017-07-04 19:41:46',NULL,'[343, 344, 345, 346, 347, 348, 349, 350, 351]',NULL),
(42,8,8,'2017-07-04 19:41:46',NULL,'[352, 353, 354, 355, 356, 357, 358, 359, 360]',NULL),
(43,7,8,'2017-07-04 19:41:46',NULL,'[361, 362, 363, 364, 365, 366, 367, 368, 369]',NULL),
(44,8,8,'2017-07-04 19:41:46',NULL,'[370, 371, 372, 373, 374, 375, 376, 377, 378]',NULL),
(45,7,8,'2017-07-04 19:41:46',NULL,'[379, 380, 381, 382, 383, 384, 385, 386, 387]',NULL),
(46,8,8,'2017-07-04 19:41:46',NULL,'[388, 389, 390, 391, 392, 393, 394, 395, 396]',NULL),
(47,7,8,'2017-07-04 19:41:46',NULL,'[397, 398, 399, 400, 401, 402, 403, 404, 405]',NULL),
(48,8,8,'2017-07-04 19:41:46',NULL,'[406, 407, 408, 409, 410, 411, 412, 413, 414]',NULL),
(49,7,8,'2017-07-04 19:41:46',NULL,'[415, 416, 417, 418, 419, 420, 421, 422, 423]',NULL),
(50,8,8,'2017-07-04 19:41:46',NULL,'[424, 425, 426, 427, 428, 429, 430, 431, 432]',NULL),
(51,7,8,'2017-07-04 19:41:46',NULL,'[433, 434, 435, 436, 437, 438, 439, 440, 441]',NULL),
(52,8,8,'2017-07-04 19:41:46',NULL,'[442, 443, 444, 445, 446, 447, 448, 449, 450]',NULL),
(53,7,8,'2017-07-04 19:41:46',NULL,'[451, 452, 453, 454, 455, 456, 457, 458, 459]',NULL),
(54,8,8,'2017-07-04 19:41:46',NULL,'[460, 461, 462, 463, 464, 465, 466, 467, 468]',NULL),
(55,7,8,'2017-07-04 19:41:46',NULL,'[469, 470, 471, 472, 473, 474, 475, 476, 477]',NULL),
(56,8,8,'2017-07-04 19:41:46',NULL,'[478, 479, 480, 481, 482, 483, 484, 485, 486]',NULL);

/*!40101 SET SQL_MODE=@OLD_SQL_MODE */;
/*!40014 SET FOREIGN_KEY_CHECKS=@OLD_FOREIGN_KEY_CHECKS */;
/*!40014 SET UNIQUE_CHECKS=@OLD_UNIQUE_CHECKS */;
/*!40111 SET SQL_NOTES=@OLD_SQL_NOTES */;
